<?xml version="1.0" encoding="UTF-8"?>

<!--
            Taxonomy: 2009-04-01 (Final)
            ********************** 
            Copyright © 2009 International Accounting Standards Committee (IASC) Foundation 
            This material is copyright of the IASC Foundation and all rights are reserved. 
            No part of this material may be translated, reprinted, reproduced or utilised in 
            any form or manner that is not expressly permitted by the IASC Foundations XBRL 
            IP Policy see: http://www.iasb.org/xbrl/ 
            ********************** 
            

        -->
<link:linkbase xmlns:xsi="http://www.w3.org/2001/XMLSchema-instance" xsi:schemaLocation="http://www.xbrl.org/2006/ref http://www.xbrl.org/2006/ref-2006-02-27.xsd http://www.xbrl.org/2003/linkbase http://www.xbrl.org/2003/xbrl-linkbase-2003-12-31.xsd" xmlns:link="http://www.xbrl.org/2003/linkbase" xmlns:ref="http://www.xbrl.org/2006/ref" xmlns:xlink="http://www.w3.org/1999/xlink">
  <link:referenceLink xlink:type="extended" xlink:role="http://www.xbrl.org/2003/role/link">
    <link:loc xlink:type="locator" xlink:href="../../ifrs-cor_2009-04-01.xsd#ifrs_BasicEarningsPerShareAbstract" xlink:label="loc"/>
    <link:loc xlink:type="locator" xlink:href="../../ifrs-cor_2009-04-01.xsd#ifrs_DilutedEarningsPerShareAbstract" xlink:label="loc_3"/>
    <link:loc xlink:type="locator" xlink:href="../../ifrs-cor_2009-04-01.xsd#ifrs_DisclosureOfTransactionsAfterReportingPeriodWithSignificantChangeInNumberOfOrdinarySharesOrPotentialOrdinarySharesOutstandingExplanatory" xlink:label="loc_2"/>
    <link:loc xlink:type="locator" xlink:href="../../ifrs-cor_2009-04-01.xsd#ifrs_DisclosureOfEarningsPerShareExplanatory" xlink:label="loc_4"/>
    <link:loc xlink:type="locator" xlink:href="../../ifrs-cor_2009-04-01.xsd#ifrs_WeightedAverageSharesAndAdjustedWeightedAverageSharesAbstract" xlink:label="loc_5"/>
    <link:loc xlink:type="locator" xlink:href="../../ifrs-cor_2009-04-01.xsd#ifrs_DisclosureOfReconciliationOfNumeratorAndDenominatorToCalculateEarningsPerShareExplanatory" xlink:label="loc_6"/>
    <link:loc xlink:type="locator" xlink:href="../../ifrs-cor_2009-04-01.xsd#ifrs_ProfitLossAttributableToOrdinaryEquityHoldersOfParentEntityAbstract" xlink:label="loc_7"/>
    <link:loc xlink:type="locator" xlink:href="../../ifrs-cor_2009-04-01.xsd#ifrs_DescriptionOfTransactionsAfterReportingPeriodWithSignificantChangeInNumberOfOrdinarySharesOutstanding" xlink:label="loc_8"/>
    <link:loc xlink:type="locator" xlink:href="../../ifrs-cor_2009-04-01.xsd#ifrs_DescriptionOfTransactionsAfterReportingPeriodWithSignificantChangeInNumberOfPotentialOrdinarySharesOutstanding" xlink:label="loc_9"/>
    <link:loc xlink:type="locator" xlink:href="../../ifrs-cor_2009-04-01.xsd#ifrs_ExplanationOfAdjustmentsOfDenominatorToCalculateBasicEarningsPerShare" xlink:label="loc_10"/>
    <link:loc xlink:type="locator" xlink:href="../../ifrs-cor_2009-04-01.xsd#ifrs_ExplanationOfAdjustmentsOfDenominatorToCalculateDilutedEarningsPerShare" xlink:label="loc_11"/>
    <link:loc xlink:type="locator" xlink:href="../../ifrs-cor_2009-04-01.xsd#ifrs_WeightedAverageShares" xlink:label="loc_12"/>
    <link:loc xlink:type="locator" xlink:href="../../ifrs-cor_2009-04-01.xsd#ifrs_AdjustedWeightedAverageShares" xlink:label="loc_13"/>
    <link:loc xlink:type="locator" xlink:href="../../ifrs-cor_2009-04-01.xsd#ifrs_ProfitLossFromContinuingOperationsAttributableToOrdinaryEquityHoldersOfParentEntity" xlink:label="loc_14"/>
    <link:loc xlink:type="locator" xlink:href="../../ifrs-cor_2009-04-01.xsd#ifrs_ProfitLossAttributableToOrdinaryEquityHoldersOfParentEntityIncludingDilutiveEffects" xlink:label="loc_15"/>
    <link:loc xlink:type="locator" xlink:href="../../ifrs-cor_2009-04-01.xsd#ifrs_ExplanationOfAdjustmentsOfNumeratorToCalculateDilutedEarningsPerShare" xlink:label="loc_16"/>
    <link:loc xlink:type="locator" xlink:href="../../ifrs-cor_2009-04-01.xsd#ifrs_ProfitLossFromDiscontinuedOperationsAttributableToOrdinaryEquityHoldersOfParentEntityIncludingDilutiveEffects" xlink:label="loc_17"/>
    <link:loc xlink:type="locator" xlink:href="../../ifrs-cor_2009-04-01.xsd#ifrs_ProfitLossAttributableToOrdinaryEquityHoldersOfParentEntity" xlink:label="loc_18"/>
    <link:loc xlink:type="locator" xlink:href="../../ifrs-cor_2009-04-01.xsd#ifrs_ProfitLossFromContinuingOperationsAttributableToOrdinaryEquityHoldersOfParentEntityIncludingDilutiveEffects" xlink:label="loc_19"/>
    <link:loc xlink:type="locator" xlink:href="../../ifrs-cor_2009-04-01.xsd#ifrs_ExplanationOfAdjustmentsOfNumeratorToCalculateBasicEarningsPerShare" xlink:label="loc_20"/>
    <link:loc xlink:type="locator" xlink:href="../../ifrs-cor_2009-04-01.xsd#ifrs_ProfitLossFromDiscontinuedOperationsAttributableToOrdinaryEquityHoldersOfParentEntity" xlink:label="loc_21"/>
    <link:loc xlink:type="locator" xlink:href="../../ifrs-cor_2009-04-01.xsd#ifrs_DisclosureOfInstrumentsWithPotentialFutureDilutiveEffectNotIncludedInCalculationOfDilutedEarningsPerShareExplanatory" xlink:label="loc_22"/>
    <link:loc xlink:type="locator" xlink:href="../../ifrs-cor_2009-04-01.xsd#ifrs_BasicEarningsLossPerShare" xlink:label="loc_23"/>
    <link:loc xlink:type="locator" xlink:href="../../ifrs-cor_2009-04-01.xsd#ifrs_BasicEarningsLossPerShareFromContinuingOperations" xlink:label="loc_24"/>
    <link:loc xlink:type="locator" xlink:href="../../ifrs-cor_2009-04-01.xsd#ifrs_DilutedEarningsLossPerShare" xlink:label="loc_25"/>
    <link:loc xlink:type="locator" xlink:href="../../ifrs-cor_2009-04-01.xsd#ifrs_DilutedEarningsLossPerShareFromContinuingOperations" xlink:label="loc_26"/>
    <link:loc xlink:type="locator" xlink:href="../../ifrs-cor_2009-04-01.xsd#ifrs_BasicEarningsLossPerShareFromDiscontinuedOperations" xlink:label="loc_27"/>
    <link:loc xlink:type="locator" xlink:href="../../ifrs-cor_2009-04-01.xsd#ifrs_DilutedEarningsLossPerShareFromDiscontinuedOperations" xlink:label="loc_28"/>
    <link:reference xlink:type="resource" xlink:label="res" xlink:role="http://www.xbrl.org/2003/role/reference">
      <ref:Name>IAS</ref:Name>
      <ref:Number>33</ref:Number>
      <ref:IssueDate>2009-01-01</ref:IssueDate>
      <ref:Section>Disclosure</ref:Section>
    </link:reference>
    <link:reference xlink:type="resource" xlink:label="res_2" xlink:role="http://www.xbrl.org/2003/role/disclosureRef">
      <ref:Name>IAS</ref:Name>
      <ref:Number>33</ref:Number>
      <ref:IssueDate>2009-01-01</ref:IssueDate>
      <ref:Paragraph>70</ref:Paragraph>
      <ref:Subparagraph>d</ref:Subparagraph>
    </link:reference>
    <link:reference xlink:type="resource" xlink:label="res_3" xlink:role="http://www.xbrl.org/2003/role/disclosureRef">
      <ref:Name>IAS</ref:Name>
      <ref:Number>33</ref:Number>
      <ref:IssueDate>2009-01-01</ref:IssueDate>
      <ref:Paragraph>70</ref:Paragraph>
      <ref:Subparagraph>b</ref:Subparagraph>
    </link:reference>
    <link:reference xlink:type="resource" xlink:label="res_4" xlink:role="http://www.xbrl.org/2003/role/disclosureRef">
      <ref:Name>IAS</ref:Name>
      <ref:Number>33</ref:Number>
      <ref:IssueDate>2009-01-01</ref:IssueDate>
      <ref:Paragraph>70</ref:Paragraph>
      <ref:Subparagraph>a</ref:Subparagraph>
    </link:reference>
    <link:reference xlink:type="resource" xlink:label="res_5" xlink:role="http://www.xbrl.org/2003/role/disclosureRef">
      <ref:Name>IAS</ref:Name>
      <ref:Number>33</ref:Number>
      <ref:IssueDate>2009-01-01</ref:IssueDate>
      <ref:Paragraph>70</ref:Paragraph>
      <ref:Subparagraph>c</ref:Subparagraph>
    </link:reference>
    <link:reference xlink:type="resource" xlink:label="res_6" xlink:role="http://www.xbrl.org/2003/role/presentationRef">
      <ref:Name>IAS</ref:Name>
      <ref:Number>33</ref:Number>
      <ref:IssueDate>2009-01-01</ref:IssueDate>
      <ref:Paragraph>66</ref:Paragraph>
    </link:reference>
    <link:reference xlink:type="resource" xlink:label="res_7" xlink:role="http://www.xbrl.org/2003/role/presentationRef">
      <ref:Name>IAS</ref:Name>
      <ref:Number>33</ref:Number>
      <ref:IssueDate>2009-01-01</ref:IssueDate>
      <ref:Paragraph>68</ref:Paragraph>
    </link:reference>
    <link:referenceArc xlink:type="arc" xlink:arcrole="http://www.xbrl.org/2003/arcrole/concept-reference" xlink:from="loc" xlink:to="res"/>
    <link:referenceArc xlink:type="arc" xlink:arcrole="http://www.xbrl.org/2003/arcrole/concept-reference" xlink:from="loc_3" xlink:to="res"/>
    <link:referenceArc xlink:type="arc" xlink:arcrole="http://www.xbrl.org/2003/arcrole/concept-reference" xlink:from="loc_2" xlink:to="res"/>
    <link:referenceArc xlink:type="arc" xlink:arcrole="http://www.xbrl.org/2003/arcrole/concept-reference" xlink:from="loc_4" xlink:to="res"/>
    <link:referenceArc xlink:type="arc" xlink:arcrole="http://www.xbrl.org/2003/arcrole/concept-reference" xlink:from="loc_5" xlink:to="res"/>
    <link:referenceArc xlink:type="arc" xlink:arcrole="http://www.xbrl.org/2003/arcrole/concept-reference" xlink:from="loc_6" xlink:to="res"/>
    <link:referenceArc xlink:type="arc" xlink:arcrole="http://www.xbrl.org/2003/arcrole/concept-reference" xlink:from="loc_7" xlink:to="res"/>
    <link:referenceArc xlink:type="arc" xlink:arcrole="http://www.xbrl.org/2003/arcrole/concept-reference" xlink:from="loc_8" xlink:to="res_2"/>
    <link:referenceArc xlink:type="arc" xlink:arcrole="http://www.xbrl.org/2003/arcrole/concept-reference" xlink:from="loc_9" xlink:to="res_2"/>
    <link:referenceArc xlink:type="arc" xlink:arcrole="http://www.xbrl.org/2003/arcrole/concept-reference" xlink:from="loc_10" xlink:to="res_3"/>
    <link:referenceArc xlink:type="arc" xlink:arcrole="http://www.xbrl.org/2003/arcrole/concept-reference" xlink:from="loc_11" xlink:to="res_3"/>
    <link:referenceArc xlink:type="arc" xlink:arcrole="http://www.xbrl.org/2003/arcrole/concept-reference" xlink:from="loc_12" xlink:to="res_3"/>
    <link:referenceArc xlink:type="arc" xlink:arcrole="http://www.xbrl.org/2003/arcrole/concept-reference" xlink:from="loc_13" xlink:to="res_3"/>
    <link:referenceArc xlink:type="arc" xlink:arcrole="http://www.xbrl.org/2003/arcrole/concept-reference" xlink:from="loc_14" xlink:to="res_4"/>
    <link:referenceArc xlink:type="arc" xlink:arcrole="http://www.xbrl.org/2003/arcrole/concept-reference" xlink:from="loc_15" xlink:to="res_4"/>
    <link:referenceArc xlink:type="arc" xlink:arcrole="http://www.xbrl.org/2003/arcrole/concept-reference" xlink:from="loc_16" xlink:to="res_4"/>
    <link:referenceArc xlink:type="arc" xlink:arcrole="http://www.xbrl.org/2003/arcrole/concept-reference" xlink:from="loc_17" xlink:to="res_4"/>
    <link:referenceArc xlink:type="arc" xlink:arcrole="http://www.xbrl.org/2003/arcrole/concept-reference" xlink:from="loc_18" xlink:to="res_4"/>
    <link:referenceArc xlink:type="arc" xlink:arcrole="http://www.xbrl.org/2003/arcrole/concept-reference" xlink:from="loc_19" xlink:to="res_4"/>
    <link:referenceArc xlink:type="arc" xlink:arcrole="http://www.xbrl.org/2003/arcrole/concept-reference" xlink:from="loc_20" xlink:to="res_4"/>
    <link:referenceArc xlink:type="arc" xlink:arcrole="http://www.xbrl.org/2003/arcrole/concept-reference" xlink:from="loc_21" xlink:to="res_4"/>
    <link:referenceArc xlink:type="arc" xlink:arcrole="http://www.xbrl.org/2003/arcrole/concept-reference" xlink:from="loc_22" xlink:to="res_5"/>
    <link:referenceArc xlink:type="arc" xlink:arcrole="http://www.xbrl.org/2003/arcrole/concept-reference" xlink:from="loc_23" xlink:to="res_6"/>
    <link:referenceArc xlink:type="arc" xlink:arcrole="http://www.xbrl.org/2003/arcrole/concept-reference" xlink:from="loc_24" xlink:to="res_6"/>
    <link:referenceArc xlink:type="arc" xlink:arcrole="http://www.xbrl.org/2003/arcrole/concept-reference" xlink:from="loc_25" xlink:to="res_6"/>
    <link:referenceArc xlink:type="arc" xlink:arcrole="http://www.xbrl.org/2003/arcrole/concept-reference" xlink:from="loc_26" xlink:to="res_6"/>
    <link:referenceArc xlink:type="arc" xlink:arcrole="http://www.xbrl.org/2003/arcrole/concept-reference" xlink:from="loc_27" xlink:to="res_7"/>
    <link:referenceArc xlink:type="arc" xlink:arcrole="http://www.xbrl.org/2003/arcrole/concept-reference" xlink:from="loc_28" xlink:to="res_7"/>
  </link:referenceLink>
</link:linkbase>
