<?xml version="1.0" encoding="UTF-8" standalone="yes"?>
<link:linkbase xmlns:link="http://www.xbrl.org/2003/linkbase" xmlns:ref="http://www.xbrl.org/2006/ref" xmlns:uk-char-ref="http://xbrl.frc.org.uk/char/2016-01-01/ref" xmlns:xlink="http://www.w3.org/1999/xlink" xmlns:xsi="http://www.w3.org/2001/XMLSchema-instance" xsi:schemaLocation="http://www.xbrl.org/2003/linkbase http://www.xbrl.org/2003/xbrl-linkbase-2003-12-31.xsd http://www.xbrl.org/2006/ref http://www.xbrl.org/2006/ref-2006-02-27.xsd http://xbrl.frc.org.uk/char/2016-01-01/ref ref/ref-2016-01-01.xsd">
   <link:roleRef roleURI="http://xbrl.frc.org.uk/char/ref/roles/CharitiesSORP" xlink:href="ref/ref-2016-01-01.xsd#CharitiesSORP" xlink:type="simple"/>
   <link:referenceLink xlink:role="http://www.xbrl.org/2003/role/link" xlink:type="extended">
      <link:reference id="id_ff7731" xlink:label="lbl_reference16742193" xlink:role="http://xbrl.frc.org.uk/char/ref/roles/CharitiesSORP" xlink:type="resource">
         <ref:Paragraph>27</ref:Paragraph>
         <uk-char-ref:Module>1</uk-char-ref:Module>
      </link:reference>
      <link:loc xlink:href="https://xbrl.frc.org.uk/cd/2014-09-01/business/bus-2014-09-01.xsd#bus_NameEntityOfficer" xlink:label="lbl_NameEntityOfficer" xlink:type="locator"/>
      <link:referenceArc order="1.0" xlink:arcrole="http://www.xbrl.org/2003/arcrole/concept-reference" xlink:from="lbl_NameEntityOfficer" xlink:to="lbl_reference16742193" xlink:type="arc"/>
      <link:reference id="id_6e82d1" xlink:label="lbl_reference7242449" xlink:role="http://xbrl.frc.org.uk/char/ref/roles/CharitiesSORP" xlink:type="resource">
         <ref:Paragraph>27</ref:Paragraph>
         <uk-char-ref:Module>1</uk-char-ref:Module>
      </link:reference>
      <link:loc xlink:href="https://xbrl.frc.org.uk/cd/2014-09-01/business/bus-2014-09-01.xsd#bus_EntityCurrentLegalOrRegisteredName" xlink:label="lbl_EntityCurrentLegalOrRegisteredName" xlink:type="locator"/>
      <link:referenceArc order="1.0" xlink:arcrole="http://www.xbrl.org/2003/arcrole/concept-reference" xlink:from="lbl_EntityCurrentLegalOrRegisteredName" xlink:to="lbl_reference7242449" xlink:type="arc"/>
      <link:reference id="id_162ced1" xlink:label="lbl_reference23252689" xlink:role="http://xbrl.frc.org.uk/char/ref/roles/CharitiesSORP" xlink:type="resource">
         <ref:Paragraph>27</ref:Paragraph>
         <uk-char-ref:Module>1</uk-char-ref:Module>
      </link:reference>
      <link:loc xlink:href="https://xbrl.frc.org.uk/cd/2014-09-01/business/bus-2014-09-01.xsd#bus_UKCompaniesHouseRegisteredNumber" xlink:label="lbl_UKCompaniesHouseRegisteredNumber" xlink:type="locator"/>
      <link:referenceArc order="1.0" xlink:arcrole="http://www.xbrl.org/2003/arcrole/concept-reference" xlink:from="lbl_UKCompaniesHouseRegisteredNumber" xlink:to="lbl_reference23252689" xlink:type="arc"/>
      <link:reference id="id_d94bf7" xlink:label="lbl_reference22092218" xlink:role="http://xbrl.frc.org.uk/char/ref/roles/CharitiesSORP" xlink:type="resource">
         <ref:Paragraph>27</ref:Paragraph>
         <uk-char-ref:Module>1</uk-char-ref:Module>
      </link:reference>
      <link:loc xlink:href="https://xbrl.frc.org.uk/cd/2014-09-01/business/bus-2014-09-01.xsd#bus_PostalCodeZip" xlink:label="lbl_PostalCodeZip" xlink:type="locator"/>
      <link:referenceArc order="1.0" xlink:arcrole="http://www.xbrl.org/2003/arcrole/concept-reference" xlink:from="lbl_PostalCodeZip" xlink:to="lbl_reference22092218" xlink:type="arc"/>
      <link:reference id="id_7ed6a8" xlink:label="lbl_reference23140670" xlink:role="http://xbrl.frc.org.uk/char/ref/roles/CharitiesSORP" xlink:type="resource">
         <ref:Paragraph>27</ref:Paragraph>
         <uk-char-ref:Module>1</uk-char-ref:Module>
      </link:reference>
      <link:loc xlink:href="https://xbrl.frc.org.uk/cd/2014-09-01/business/bus-2014-09-01.xsd#bus_CountyRegion" xlink:label="lbl_CountyRegion" xlink:type="locator"/>
      <link:referenceArc order="1.0" xlink:arcrole="http://www.xbrl.org/2003/arcrole/concept-reference" xlink:from="lbl_CountyRegion" xlink:to="lbl_reference23140670" xlink:type="arc"/>
      <link:reference id="id_b48c08" xlink:label="lbl_reference9170781" xlink:role="http://xbrl.frc.org.uk/char/ref/roles/CharitiesSORP" xlink:type="resource">
         <ref:Paragraph>27</ref:Paragraph>
         <uk-char-ref:Module>1</uk-char-ref:Module>
      </link:reference>
      <link:loc xlink:href="https://xbrl.frc.org.uk/cd/2014-09-01/business/bus-2014-09-01.xsd#bus_PrincipalLocation-CityOrTown" xlink:label="lbl_PrincipalLocation-CityOrTown" xlink:type="locator"/>
      <link:referenceArc order="1.0" xlink:arcrole="http://www.xbrl.org/2003/arcrole/concept-reference" xlink:from="lbl_PrincipalLocation-CityOrTown" xlink:to="lbl_reference9170781" xlink:type="arc"/>
      <link:reference id="id_12c602d" xlink:label="lbl_reference9689723" xlink:role="http://xbrl.frc.org.uk/char/ref/roles/CharitiesSORP" xlink:type="resource">
         <ref:Paragraph>27</ref:Paragraph>
         <uk-char-ref:Module>1</uk-char-ref:Module>
      </link:reference>
      <link:loc xlink:href="https://xbrl.frc.org.uk/cd/2014-09-01/business/bus-2014-09-01.xsd#bus_AddressLine3" xlink:label="lbl_AddressLine3" xlink:type="locator"/>
      <link:referenceArc order="1.0" xlink:arcrole="http://www.xbrl.org/2003/arcrole/concept-reference" xlink:from="lbl_AddressLine3" xlink:to="lbl_reference9689723" xlink:type="arc"/>
      <link:reference id="id_75a756" xlink:label="lbl_reference21932339" xlink:role="http://xbrl.frc.org.uk/char/ref/roles/CharitiesSORP" xlink:type="resource">
         <ref:Paragraph>27</ref:Paragraph>
         <uk-char-ref:Module>1</uk-char-ref:Module>
      </link:reference>
      <link:loc xlink:href="https://xbrl.frc.org.uk/cd/2014-09-01/business/bus-2014-09-01.xsd#bus_AddressLine2" xlink:label="lbl_AddressLine2" xlink:type="locator"/>
      <link:referenceArc order="1.0" xlink:arcrole="http://www.xbrl.org/2003/arcrole/concept-reference" xlink:from="lbl_AddressLine2" xlink:to="lbl_reference21932339" xlink:type="arc"/>
      <link:reference id="id_1f6b686" xlink:label="lbl_reference24164210" xlink:role="http://xbrl.frc.org.uk/char/ref/roles/CharitiesSORP" xlink:type="resource">
         <ref:Paragraph>27</ref:Paragraph>
         <uk-char-ref:Module>1</uk-char-ref:Module>
      </link:reference>
      <link:loc xlink:href="https://xbrl.frc.org.uk/cd/2014-09-01/business/bus-2014-09-01.xsd#bus_AddressLine1" xlink:label="lbl_AddressLine1" xlink:type="locator"/>
      <link:referenceArc order="1.0" xlink:arcrole="http://www.xbrl.org/2003/arcrole/concept-reference" xlink:from="lbl_AddressLine1" xlink:to="lbl_reference24164210" xlink:type="arc"/>
      <link:reference id="id_122a43c" xlink:label="lbl_reference30120292" xlink:role="http://xbrl.frc.org.uk/char/ref/roles/CharitiesSORP" xlink:type="resource">
         <ref:Paragraph>27</ref:Paragraph>
         <uk-char-ref:Module>1</uk-char-ref:Module>
      </link:reference>
      <link:loc xlink:href="https://xbrl.frc.org.uk/cd/2014-09-01/business/bus-2014-09-01.xsd#bus_AddressHeading" xlink:label="lbl_AddressHeading" xlink:type="locator"/>
      <link:referenceArc order="1.0" xlink:arcrole="http://www.xbrl.org/2003/arcrole/concept-reference" xlink:from="lbl_AddressHeading" xlink:to="lbl_reference30120292" xlink:type="arc"/>
      <link:reference id="id_1dbdbdd" xlink:label="lbl_reference31185885" xlink:role="http://xbrl.frc.org.uk/char/ref/roles/CharitiesSORP" xlink:type="resource">
         <ref:Paragraph>27</ref:Paragraph>
         <uk-char-ref:Module>1</uk-char-ref:Module>
      </link:reference>
      <link:loc xlink:href="https://xbrl.frc.org.uk/cd/2014-09-01/business/bus-2014-09-01.xsd#bus_UseCountriesDimensionTagAttachedToAllLinesAddressToIdentifyCountryGuidance" xlink:label="lbl_UseCountriesDimensionTagAttachedToAllLinesAddressToIdentifyCountryGuidance" xlink:type="locator"/>
      <link:referenceArc order="1.0" xlink:arcrole="http://www.xbrl.org/2003/arcrole/concept-reference" xlink:from="lbl_UseCountriesDimensionTagAttachedToAllLinesAddressToIdentifyCountryGuidance" xlink:to="lbl_reference31185885" xlink:type="arc"/>
   </link:referenceLink>
</link:linkbase>
