<?xml version="1.0" encoding="UTF-8" standalone="yes"?>
<link:linkbase xmlns:link="http://www.xbrl.org/2003/linkbase" xmlns:xlink="http://www.w3.org/1999/xlink" xmlns:xsi="http://www.w3.org/2001/XMLSchema-instance" xsi:schemaLocation="http://www.xbrl.org/2003/linkbase http://www.xbrl.org/2003/xbrl-linkbase-2003-12-31.xsd">
   <link:labelLink xlink:role="http://www.xbrl.org/2003/role/link" xlink:type="extended">
      <link:label id="id_9773dd" xlink:label="lbl_label9925597" xlink:role="http://www.xbrl.org/2003/role/verboseLabel" xlink:type="resource" xml:lang="en">Trustees'/directors' remuneration [heading]</link:label>
      <link:loc xlink:href="https://xbrl.frc.org.uk/reports/2014-09-01/direp/direp-2014-09-01.xsd#direp_DirectorsRemunerationHeading" xlink:label="lbl_DirectorsRemunerationHeading" xlink:type="locator"/>
      <link:labelArc order="1.0" xlink:arcrole="http://www.xbrl.org/2003/arcrole/concept-label" xlink:from="lbl_DirectorsRemunerationHeading" xlink:to="lbl_label9925597" xlink:type="arc"/>
      <link:label id="id_72527" xlink:label="lbl_label468263" xlink:role="http://www.xbrl.org/2003/role/verboseLabel" xlink:type="resource" xml:lang="en">Use entity officers dimension to identify totals for trustees/directors and individual trustees/directors, including highest paid Trustee/Director [guidance]</link:label>
      <link:loc xlink:href="https://xbrl.frc.org.uk/reports/2014-09-01/direp/direp-2014-09-01.xsd#direp_UseEntityOfficersDimensionToIdentifyTotalsForDirectorsIndividualDirectorsIncludingHighestPaidDirectorGuidance" xlink:label="lbl_UseEntityOfficersDimensionToIdentifyTotalsForDirectorsIndividualDirectorsIncludingHighestPaidDirectorGuidance" xlink:type="locator"/>
      <link:labelArc order="1.0" xlink:arcrole="http://www.xbrl.org/2003/arcrole/concept-label" xlink:from="lbl_UseEntityOfficersDimensionToIdentifyTotalsForDirectorsIndividualDirectorsIncludingHighestPaidDirectorGuidance" xlink:to="lbl_label468263" xlink:type="arc"/>
      <link:label id="id_16387ed" xlink:label="lbl_label23300077" xlink:role="http://www.xbrl.org/2003/role/verboseLabel" xlink:type="resource" xml:lang="en">Trustees'/directors' remuneration and benefits including payments to third parties</link:label>
      <link:loc xlink:href="https://xbrl.frc.org.uk/reports/2014-09-01/direp/direp-2014-09-01.xsd#direp_DirectorRemunerationBenefitsIncludingPaymentsToThirdParties" xlink:label="lbl_DirectorRemunerationBenefitsIncludingPaymentsToThirdParties" xlink:type="locator"/>
      <link:labelArc order="1.0" xlink:arcrole="http://www.xbrl.org/2003/arcrole/concept-label" xlink:from="lbl_DirectorRemunerationBenefitsIncludingPaymentsToThirdParties" xlink:to="lbl_label23300077" xlink:type="arc"/>
      <link:label id="id_8171ad" xlink:label="lbl_label8483245" xlink:role="http://www.xbrl.org/2003/role/verboseLabel" xlink:type="resource" xml:lang="en">Payments to third parties for trustees'/directors' services</link:label>
      <link:loc xlink:href="https://xbrl.frc.org.uk/reports/2014-09-01/direp/direp-2014-09-01.xsd#direp_PaymentsToThirdPartiesForDirectorServices" xlink:label="lbl_PaymentsToThirdPartiesForDirectorServices" xlink:type="locator"/>
      <link:labelArc order="1.0" xlink:arcrole="http://www.xbrl.org/2003/arcrole/concept-label" xlink:from="lbl_PaymentsToThirdPartiesForDirectorServices" xlink:to="lbl_label8483245" xlink:type="arc"/>
      <link:label id="id_1a9bd77" xlink:label="lbl_label27901303" xlink:role="http://www.xbrl.org/2003/role/verboseLabel" xlink:type="resource" xml:lang="en">Trustees'/directors' remuneration and benefits excluding payments to third parties</link:label>
      <link:loc xlink:href="https://xbrl.frc.org.uk/reports/2014-09-01/direp/direp-2014-09-01.xsd#direp_DirectorRemunerationBenefitsExcludingPaymentsToThirdParties" xlink:label="lbl_DirectorRemunerationBenefitsExcludingPaymentsToThirdParties" xlink:type="locator"/>
      <link:labelArc order="1.0" xlink:arcrole="http://www.xbrl.org/2003/arcrole/concept-label" xlink:from="lbl_DirectorRemunerationBenefitsExcludingPaymentsToThirdParties" xlink:to="lbl_label27901303" xlink:type="arc"/>
      <link:label id="id_18686a8" xlink:label="lbl_label25593512" xlink:role="http://www.xbrl.org/2003/role/verboseLabel" xlink:type="resource" xml:lang="en">Trustees'/directors' remuneration</link:label>
      <link:loc xlink:href="https://xbrl.frc.org.uk/reports/2014-09-01/direp/direp-2014-09-01.xsd#direp_DirectorRemuneration" xlink:label="lbl_DirectorRemuneration" xlink:type="locator"/>
      <link:labelArc order="1.0" xlink:arcrole="http://www.xbrl.org/2003/arcrole/concept-label" xlink:from="lbl_DirectorRemuneration" xlink:to="lbl_label25593512" xlink:type="arc"/>
      <link:label id="id_1daff44" xlink:label="lbl_label31129412" xlink:role="http://www.xbrl.org/2003/role/verboseLabel" xlink:type="resource" xml:lang="en">Salaries and fees, trustees/directors</link:label>
      <link:loc xlink:href="https://xbrl.frc.org.uk/reports/2014-09-01/direp/direp-2014-09-01.xsd#direp_SalariesFeesDirectors" xlink:label="lbl_SalariesFeesDirectors" xlink:type="locator"/>
      <link:labelArc order="1.0" xlink:arcrole="http://www.xbrl.org/2003/arcrole/concept-label" xlink:from="lbl_SalariesFeesDirectors" xlink:to="lbl_label31129412" xlink:type="arc"/>
      <link:label id="id_12d30f1" xlink:label="lbl_label19738865" xlink:role="http://www.xbrl.org/2003/role/verboseLabel" xlink:type="resource" xml:lang="en">Salaries, trustees/directors</link:label>
      <link:loc xlink:href="https://xbrl.frc.org.uk/reports/2014-09-01/direp/direp-2014-09-01.xsd#direp_SalariesDirectors" xlink:label="lbl_SalariesDirectors" xlink:type="locator"/>
      <link:labelArc order="1.0" xlink:arcrole="http://www.xbrl.org/2003/arcrole/concept-label" xlink:from="lbl_SalariesDirectors" xlink:to="lbl_label19738865" xlink:type="arc"/>
      <link:label id="id_1b287c7" xlink:label="lbl_label28477383" xlink:role="http://www.xbrl.org/2003/role/verboseLabel" xlink:type="resource" xml:lang="en">Fees, trustees/directors</link:label>
      <link:loc xlink:href="https://xbrl.frc.org.uk/reports/2014-09-01/direp/direp-2014-09-01.xsd#direp_FeesDirectors" xlink:label="lbl_FeesDirectors" xlink:type="locator"/>
      <link:labelArc order="1.0" xlink:arcrole="http://www.xbrl.org/2003/arcrole/concept-label" xlink:from="lbl_FeesDirectors" xlink:to="lbl_label28477383" xlink:type="arc"/>
      <link:label id="id_e67af1" xlink:label="lbl_label15104753" xlink:role="http://www.xbrl.org/2003/role/verboseLabel" xlink:type="resource" xml:lang="en">Bonuses, trustees/directors</link:label>
      <link:loc xlink:href="https://xbrl.frc.org.uk/reports/2014-09-01/direp/direp-2014-09-01.xsd#direp_BonusesDirectors" xlink:label="lbl_BonusesDirectors" xlink:type="locator"/>
      <link:labelArc order="1.0" xlink:arcrole="http://www.xbrl.org/2003/arcrole/concept-label" xlink:from="lbl_BonusesDirectors" xlink:to="lbl_label15104753" xlink:type="arc"/>
      <link:label id="id_5110e4" xlink:label="lbl_label5312740" xlink:role="http://www.xbrl.org/2003/role/verboseLabel" xlink:type="resource" xml:lang="en">Benefits in kind, trustees/directors</link:label>
      <link:loc xlink:href="https://xbrl.frc.org.uk/reports/2014-09-01/direp/direp-2014-09-01.xsd#direp_BenefitsInKindDirectors" xlink:label="lbl_BenefitsInKindDirectors" xlink:type="locator"/>
      <link:labelArc order="1.0" xlink:arcrole="http://www.xbrl.org/2003/arcrole/concept-label" xlink:from="lbl_BenefitsInKindDirectors" xlink:to="lbl_label5312740" xlink:type="arc"/>
      <link:label id="id_1f0be8d" xlink:label="lbl_label32554637" xlink:role="http://www.xbrl.org/2003/role/verboseLabel" xlink:type="resource" xml:lang="en">Expense allowances, trustees/directors</link:label>
      <link:loc xlink:href="https://xbrl.frc.org.uk/reports/2014-09-01/direp/direp-2014-09-01.xsd#direp_ExpenseAllowancesDirectors" xlink:label="lbl_ExpenseAllowancesDirectors" xlink:type="locator"/>
      <link:labelArc order="1.0" xlink:arcrole="http://www.xbrl.org/2003/arcrole/concept-label" xlink:from="lbl_ExpenseAllowancesDirectors" xlink:to="lbl_label32554637" xlink:type="arc"/>
      <link:label id="id_e6aab6" xlink:label="lbl_label15116982" xlink:role="http://www.xbrl.org/2003/role/verboseLabel" xlink:type="resource" xml:lang="en">Gain (loss) on exercise of share options, trustees/directors</link:label>
      <link:loc xlink:href="https://xbrl.frc.org.uk/reports/2014-09-01/direp/direp-2014-09-01.xsd#direp_GainLossOnExerciseShareOptionsDirectors" xlink:label="lbl_GainLossOnExerciseShareOptionsDirectors" xlink:type="locator"/>
      <link:labelArc order="1.0" xlink:arcrole="http://www.xbrl.org/2003/arcrole/concept-label" xlink:from="lbl_GainLossOnExerciseShareOptionsDirectors" xlink:to="lbl_label15116982" xlink:type="arc"/>
      <link:label id="id_261573" xlink:label="lbl_label2495859" xlink:role="http://www.xbrl.org/2003/role/verboseLabel" xlink:type="resource" xml:lang="en">Amount received or receivable under long-term incentive schemes, trustees/directors</link:label>
      <link:loc xlink:href="https://xbrl.frc.org.uk/reports/2014-09-01/direp/direp-2014-09-01.xsd#direp_AmountReceivedOrReceivableUnderLong-termIncentiveSchemesDirectors" xlink:label="lbl_AmountReceivedOrReceivableUnderLong-termIncentiveSchemesDirectors" xlink:type="locator"/>
      <link:labelArc order="1.0" xlink:arcrole="http://www.xbrl.org/2003/arcrole/concept-label" xlink:from="lbl_AmountReceivedOrReceivableUnderLong-termIncentiveSchemesDirectors" xlink:to="lbl_label2495859" xlink:type="arc"/>
      <link:label id="id_91d4d0" xlink:label="lbl_label9557200" xlink:role="http://www.xbrl.org/2003/role/verboseLabel" xlink:type="resource" xml:lang="en">Net assets received or receivable under long-term incentive schemes, trustees/directors</link:label>
      <link:loc xlink:href="https://xbrl.frc.org.uk/reports/2014-09-01/direp/direp-2014-09-01.xsd#direp_NetAssetsReceivedOrReceivableUnderLong-termIncentiveSchemesDirectors" xlink:label="lbl_NetAssetsReceivedOrReceivableUnderLong-termIncentiveSchemesDirectors" xlink:type="locator"/>
      <link:labelArc order="1.0" xlink:arcrole="http://www.xbrl.org/2003/arcrole/concept-label" xlink:from="lbl_NetAssetsReceivedOrReceivableUnderLong-termIncentiveSchemesDirectors" xlink:to="lbl_label9557200" xlink:type="arc"/>
      <link:label id="id_185b8be" xlink:label="lbl_label25540798" xlink:role="http://www.xbrl.org/2003/role/verboseLabel" xlink:type="resource" xml:lang="en">Company contributions to money purchase plans, trustees/directors</link:label>
      <link:loc xlink:href="https://xbrl.frc.org.uk/reports/2014-09-01/direp/direp-2014-09-01.xsd#direp_CompanyContributionsToMoneyPurchasePlansDirectors" xlink:label="lbl_CompanyContributionsToMoneyPurchasePlansDirectors" xlink:type="locator"/>
      <link:labelArc order="1.0" xlink:arcrole="http://www.xbrl.org/2003/arcrole/concept-label" xlink:from="lbl_CompanyContributionsToMoneyPurchasePlansDirectors" xlink:to="lbl_label25540798" xlink:type="arc"/>
      <link:label id="id_bae18d" xlink:label="lbl_label12247437" xlink:role="http://www.xbrl.org/2003/role/verboseLabel" xlink:type="resource" xml:lang="en">Company contributions to defined benefit plans, trustees/directors</link:label>
      <link:loc xlink:href="https://xbrl.frc.org.uk/reports/2014-09-01/direp/direp-2014-09-01.xsd#direp_CompanyContributionsToDefinedBenefitPlansDirectors" xlink:label="lbl_CompanyContributionsToDefinedBenefitPlansDirectors" xlink:type="locator"/>
      <link:labelArc order="1.0" xlink:arcrole="http://www.xbrl.org/2003/arcrole/concept-label" xlink:from="lbl_CompanyContributionsToDefinedBenefitPlansDirectors" xlink:to="lbl_label12247437" xlink:type="arc"/>
      <link:label id="id_13f4720" xlink:label="lbl_label20924192" xlink:role="http://www.xbrl.org/2003/role/verboseLabel" xlink:type="resource" xml:lang="en">Further item of Trustee/Director remuneration and benefits [component of total trustees'/directors' remuneration and benefits excluding payments to third parties]</link:label>
      <link:loc xlink:href="https://xbrl.frc.org.uk/reports/2014-09-01/direp/direp-2014-09-01.xsd#direp_FurtherItemDirectorRemunerationBenefitsComponentTotalDirectorRemunerationBenefitsExcludingPaymentsToThirdParties" xlink:label="lbl_FurtherItemDirectorRemunerationBenefitsComponentTotalDirectorRemunerationBenefitsExcludingPaymentsToThirdParties" xlink:type="locator"/>
      <link:labelArc order="1.0" xlink:arcrole="http://www.xbrl.org/2003/arcrole/concept-label" xlink:from="lbl_FurtherItemDirectorRemunerationBenefitsComponentTotalDirectorRemunerationBenefitsExcludingPaymentsToThirdParties" xlink:to="lbl_label20924192" xlink:type="arc"/>
      <link:label id="id_b98edf" xlink:label="lbl_label12160735" xlink:role="http://www.xbrl.org/2003/role/verboseLabel" xlink:type="resource" xml:lang="en">Description of any non-cash benefits, trustees/directors</link:label>
      <link:loc xlink:href="https://xbrl.frc.org.uk/reports/2014-09-01/direp/direp-2014-09-01.xsd#direp_DescriptionAnyNon-cashBenefitsDirectors" xlink:label="lbl_DescriptionAnyNon-cashBenefitsDirectors" xlink:type="locator"/>
      <link:labelArc order="1.0" xlink:arcrole="http://www.xbrl.org/2003/arcrole/concept-label" xlink:from="lbl_DescriptionAnyNon-cashBenefitsDirectors" xlink:to="lbl_label12160735" xlink:type="arc"/>
      <link:label id="id_1965a71" xlink:label="lbl_label26630769" xlink:role="http://www.xbrl.org/2003/role/verboseLabel" xlink:type="resource" xml:lang="en">Description of any arrangements under which trustees/directors waive emoluments</link:label>
      <link:loc xlink:href="https://xbrl.frc.org.uk/reports/2014-09-01/direp/direp-2014-09-01.xsd#direp_DescriptionAnyArrangementsUnderWhichDirectorsWaiveEmoluments" xlink:label="lbl_DescriptionAnyArrangementsUnderWhichDirectorsWaiveEmoluments" xlink:type="locator"/>
      <link:labelArc order="1.0" xlink:arcrole="http://www.xbrl.org/2003/arcrole/concept-label" xlink:from="lbl_DescriptionAnyArrangementsUnderWhichDirectorsWaiveEmoluments" xlink:to="lbl_label26630769" xlink:type="arc"/>
      <link:label id="id_660dd" xlink:label="lbl_label418013" xlink:role="http://www.xbrl.org/2003/role/verboseLabel" xlink:type="resource" xml:lang="en">Numbers of trustees/directors receiving benefits and share incentives [heading]</link:label>
      <link:loc xlink:href="https://xbrl.frc.org.uk/reports/2014-09-01/direp/direp-2014-09-01.xsd#direp_NumbersDirectorsReceivingBenefitsShareIncentivesHeading" xlink:label="lbl_NumbersDirectorsReceivingBenefitsShareIncentivesHeading" xlink:type="locator"/>
      <link:labelArc order="1.0" xlink:arcrole="http://www.xbrl.org/2003/arcrole/concept-label" xlink:from="lbl_NumbersDirectorsReceivingBenefitsShareIncentivesHeading" xlink:to="lbl_label418013" xlink:type="arc"/>
      <link:label id="id_1ffc985" xlink:label="lbl_label33540485" xlink:role="http://www.xbrl.org/2003/role/verboseLabel" xlink:type="resource" xml:lang="en">Number of trustees/directors accruing retirement benefits</link:label>
      <link:loc xlink:href="https://xbrl.frc.org.uk/reports/2014-09-01/direp/direp-2014-09-01.xsd#direp_NumberDirectorsAccruingRetirementBenefits" xlink:label="lbl_NumberDirectorsAccruingRetirementBenefits" xlink:type="locator"/>
      <link:labelArc order="1.0" xlink:arcrole="http://www.xbrl.org/2003/arcrole/concept-label" xlink:from="lbl_NumberDirectorsAccruingRetirementBenefits" xlink:to="lbl_label33540485" xlink:type="arc"/>
      <link:label id="id_d6217f" xlink:label="lbl_label14033279" xlink:role="http://www.xbrl.org/2003/role/verboseLabel" xlink:type="resource" xml:lang="en">Number of trustees/directors accruing benefits under a defined benefit scheme</link:label>
      <link:loc xlink:href="https://xbrl.frc.org.uk/reports/2014-09-01/direp/direp-2014-09-01.xsd#direp_NumberDirectorsAccruingBenefitsUnderDefinedBenefitScheme" xlink:label="lbl_NumberDirectorsAccruingBenefitsUnderDefinedBenefitScheme" xlink:type="locator"/>
      <link:labelArc order="1.0" xlink:arcrole="http://www.xbrl.org/2003/arcrole/concept-label" xlink:from="lbl_NumberDirectorsAccruingBenefitsUnderDefinedBenefitScheme" xlink:to="lbl_label14033279" xlink:type="arc"/>
      <link:label id="id_15cc0ef" xlink:label="lbl_label22855919" xlink:role="http://www.xbrl.org/2003/role/verboseLabel" xlink:type="resource" xml:lang="en">Number of trustees/directors accruing benefits under a money purchase scheme</link:label>
      <link:loc xlink:href="https://xbrl.frc.org.uk/reports/2014-09-01/direp/direp-2014-09-01.xsd#direp_NumberDirectorsAccruingBenefitsUnderMoneyPurchaseScheme" xlink:label="lbl_NumberDirectorsAccruingBenefitsUnderMoneyPurchaseScheme" xlink:type="locator"/>
      <link:labelArc order="1.0" xlink:arcrole="http://www.xbrl.org/2003/arcrole/concept-label" xlink:from="lbl_NumberDirectorsAccruingBenefitsUnderMoneyPurchaseScheme" xlink:to="lbl_label22855919" xlink:type="arc"/>
      <link:label id="id_1817332" xlink:label="lbl_label25260850" xlink:role="http://www.xbrl.org/2003/role/verboseLabel" xlink:type="resource" xml:lang="en">Number of trustees/directors who received or were entitled to receive shares under long term incentive schemes</link:label>
      <link:loc xlink:href="https://xbrl.frc.org.uk/reports/2014-09-01/direp/direp-2014-09-01.xsd#direp_NumberDirectorsWhoReceivedOrWereEntitledToReceiveSharesUnderLongTermIncentiveSchemes" xlink:label="lbl_NumberDirectorsWhoReceivedOrWereEntitledToReceiveSharesUnderLongTermIncentiveSchemes" xlink:type="locator"/>
      <link:labelArc order="1.0" xlink:arcrole="http://www.xbrl.org/2003/arcrole/concept-label" xlink:from="lbl_NumberDirectorsWhoReceivedOrWereEntitledToReceiveSharesUnderLongTermIncentiveSchemes" xlink:to="lbl_label25260850" xlink:type="arc"/>
      <link:label id="id_859a8a" xlink:label="lbl_label8755850" xlink:role="http://www.xbrl.org/2003/role/verboseLabel" xlink:type="resource" xml:lang="en">Number of trustees/directors who exercised share options</link:label>
      <link:loc xlink:href="https://xbrl.frc.org.uk/reports/2014-09-01/direp/direp-2014-09-01.xsd#direp_NumberDirectorsWhoExercisedShareOptions" xlink:label="lbl_NumberDirectorsWhoExercisedShareOptions" xlink:type="locator"/>
      <link:labelArc order="1.0" xlink:arcrole="http://www.xbrl.org/2003/arcrole/concept-label" xlink:from="lbl_NumberDirectorsWhoExercisedShareOptions" xlink:to="lbl_label8755850" xlink:type="arc"/>
      <link:label id="id_dcc5c5" xlink:label="lbl_label14468549" xlink:role="http://www.xbrl.org/2003/role/verboseLabel" xlink:type="resource" xml:lang="en">Other information on trustee/director payments [heading]</link:label>
      <link:loc xlink:href="https://xbrl.frc.org.uk/reports/2014-09-01/direp/direp-2014-09-01.xsd#direp_OtherInformationOnDirectorPaymentsHeading" xlink:label="lbl_OtherInformationOnDirectorPaymentsHeading" xlink:type="locator"/>
      <link:labelArc order="1.0" xlink:arcrole="http://www.xbrl.org/2003/arcrole/concept-label" xlink:from="lbl_OtherInformationOnDirectorPaymentsHeading" xlink:to="lbl_label14468549" xlink:type="arc"/>
      <link:label id="id_1a26f5b" xlink:label="lbl_label27422555" xlink:role="http://www.xbrl.org/2003/role/verboseLabel" xlink:type="resource" xml:lang="en">Accrued pension at period end, trustees/directors</link:label>
      <link:loc xlink:href="https://xbrl.frc.org.uk/reports/2014-09-01/direp/direp-2014-09-01.xsd#direp_AccruedPensionPeriodEndDirectors" xlink:label="lbl_AccruedPensionPeriodEndDirectors" xlink:type="locator"/>
      <link:labelArc order="1.0" xlink:arcrole="http://www.xbrl.org/2003/arcrole/concept-label" xlink:from="lbl_AccruedPensionPeriodEndDirectors" xlink:to="lbl_label27422555" xlink:type="arc"/>
      <link:label id="id_52c11" xlink:label="lbl_label338961" xlink:role="http://www.xbrl.org/2003/role/verboseLabel" xlink:type="resource" xml:lang="en">Accrued pension lump sum at period end, trustees/directors</link:label>
      <link:loc xlink:href="https://xbrl.frc.org.uk/reports/2014-09-01/direp/direp-2014-09-01.xsd#direp_AccruedPensionLumpSumPeriodEndDirectors" xlink:label="lbl_AccruedPensionLumpSumPeriodEndDirectors" xlink:type="locator"/>
      <link:labelArc order="1.0" xlink:arcrole="http://www.xbrl.org/2003/arcrole/concept-label" xlink:from="lbl_AccruedPensionLumpSumPeriodEndDirectors" xlink:to="lbl_label338961" xlink:type="arc"/>
      <link:label id="id_dc0512" xlink:label="lbl_label14419218" xlink:role="http://www.xbrl.org/2003/role/verboseLabel" xlink:type="resource" xml:lang="en">General description of shares options exercised, trustees/directors</link:label>
      <link:loc xlink:href="https://xbrl.frc.org.uk/reports/2014-09-01/direp/direp-2014-09-01.xsd#direp_GeneralDescriptionSharesOptionsExercisedDirectors" xlink:label="lbl_GeneralDescriptionSharesOptionsExercisedDirectors" xlink:type="locator"/>
      <link:labelArc order="1.0" xlink:arcrole="http://www.xbrl.org/2003/arcrole/concept-label" xlink:from="lbl_GeneralDescriptionSharesOptionsExercisedDirectors" xlink:to="lbl_label14419218" xlink:type="arc"/>
      <link:label id="id_19781fe" xlink:label="lbl_label26706430" xlink:role="http://www.xbrl.org/2003/role/verboseLabel" xlink:type="resource" xml:lang="en">General description of benefits under long-term incentive schemes, trustees/directors</link:label>
      <link:loc xlink:href="https://xbrl.frc.org.uk/reports/2014-09-01/direp/direp-2014-09-01.xsd#direp_GeneralDescriptionBenefitsUnderLong-termIncentiveSchemesDirectors" xlink:label="lbl_GeneralDescriptionBenefitsUnderLong-termIncentiveSchemesDirectors" xlink:type="locator"/>
      <link:labelArc order="1.0" xlink:arcrole="http://www.xbrl.org/2003/arcrole/concept-label" xlink:from="lbl_GeneralDescriptionBenefitsUnderLong-termIncentiveSchemesDirectors" xlink:to="lbl_label26706430" xlink:type="arc"/>
      <link:label id="id_5036be" xlink:label="lbl_label5256894" xlink:role="http://www.xbrl.org/2003/role/verboseLabel" xlink:type="resource" xml:lang="en">Excess of retirement benefits over original entitlement, trustees/directors</link:label>
      <link:loc xlink:href="https://xbrl.frc.org.uk/reports/2014-09-01/direp/direp-2014-09-01.xsd#direp_ExcessRetirementBenefitsOverOriginalEntitlementDirectors" xlink:label="lbl_ExcessRetirementBenefitsOverOriginalEntitlementDirectors" xlink:type="locator"/>
      <link:labelArc order="1.0" xlink:arcrole="http://www.xbrl.org/2003/arcrole/concept-label" xlink:from="lbl_ExcessRetirementBenefitsOverOriginalEntitlementDirectors" xlink:to="lbl_label5256894" xlink:type="arc"/>
      <link:label id="id_98d88b" xlink:label="lbl_label10016907" xlink:role="http://www.xbrl.org/2003/role/verboseLabel" xlink:type="resource" xml:lang="en">Compensation for loss of office, trustees/directors</link:label>
      <link:loc xlink:href="https://xbrl.frc.org.uk/reports/2014-09-01/direp/direp-2014-09-01.xsd#direp_CompensationForLossOfficeDirectors" xlink:label="lbl_CompensationForLossOfficeDirectors" xlink:type="locator"/>
      <link:labelArc order="1.0" xlink:arcrole="http://www.xbrl.org/2003/arcrole/concept-label" xlink:from="lbl_CompensationForLossOfficeDirectors" xlink:to="lbl_label10016907" xlink:type="arc"/>
      <link:label id="id_4dde13" xlink:label="lbl_label5103123" xlink:role="http://www.xbrl.org/2003/role/verboseLabel" xlink:type="resource" xml:lang="en">Description of non-cash benefits provided as compensation for loss of office, trustees/directors</link:label>
      <link:loc xlink:href="https://xbrl.frc.org.uk/reports/2014-09-01/direp/direp-2014-09-01.xsd#direp_DescriptionNon-cashBenefitsProvidedAsCompensationForLossOfficeDirectors" xlink:label="lbl_DescriptionNon-cashBenefitsProvidedAsCompensationForLossOfficeDirectors" xlink:type="locator"/>
      <link:labelArc order="1.0" xlink:arcrole="http://www.xbrl.org/2003/arcrole/concept-label" xlink:from="lbl_DescriptionNon-cashBenefitsProvidedAsCompensationForLossOfficeDirectors" xlink:to="lbl_label5103123" xlink:type="arc"/>
      <link:label id="id_1f3cac3" xlink:label="lbl_label32754371" xlink:role="http://www.xbrl.org/2003/role/verboseLabel" xlink:type="resource" xml:lang="en">Payments to third parties for trustees'/directors' services [heading]</link:label>
      <link:loc xlink:href="https://xbrl.frc.org.uk/reports/2014-09-01/direp/direp-2014-09-01.xsd#direp_PaymentsToThirdPartiesForDirectorsServicesHeading" xlink:label="lbl_PaymentsToThirdPartiesForDirectorsServicesHeading" xlink:type="locator"/>
      <link:labelArc order="1.0" xlink:arcrole="http://www.xbrl.org/2003/arcrole/concept-label" xlink:from="lbl_PaymentsToThirdPartiesForDirectorsServicesHeading" xlink:to="lbl_label32754371" xlink:type="arc"/>
      <link:label id="id_182702a" xlink:label="lbl_label25325610" xlink:role="http://www.xbrl.org/2003/role/verboseLabel" xlink:type="resource" xml:lang="en">Payments made to third parties for services of trustees/directors as trustees/directors</link:label>
      <link:loc xlink:href="https://xbrl.frc.org.uk/reports/2014-09-01/direp/direp-2014-09-01.xsd#direp_PaymentsMadeToThirdPartiesForServicesDirectorsAsDirectors" xlink:label="lbl_PaymentsMadeToThirdPartiesForServicesDirectorsAsDirectors" xlink:type="locator"/>
      <link:labelArc order="1.0" xlink:arcrole="http://www.xbrl.org/2003/arcrole/concept-label" xlink:from="lbl_PaymentsMadeToThirdPartiesForServicesDirectorsAsDirectors" xlink:to="lbl_label25325610" xlink:type="arc"/>
      <link:label id="id_c71a40" xlink:label="lbl_label13048384" xlink:role="http://www.xbrl.org/2003/role/verboseLabel" xlink:type="resource" xml:lang="en">Payments made to third parties for services of trustees/directors while trustees/directors</link:label>
      <link:loc xlink:href="https://xbrl.frc.org.uk/reports/2014-09-01/direp/direp-2014-09-01.xsd#direp_PaymentsMadeToThirdPartiesForServicesDirectorsWhileDirectors" xlink:label="lbl_PaymentsMadeToThirdPartiesForServicesDirectorsWhileDirectors" xlink:type="locator"/>
      <link:labelArc order="1.0" xlink:arcrole="http://www.xbrl.org/2003/arcrole/concept-label" xlink:from="lbl_PaymentsMadeToThirdPartiesForServicesDirectorsWhileDirectors" xlink:to="lbl_label13048384" xlink:type="arc"/>
      <link:label id="id_1e5c716" xlink:label="lbl_label31835926" xlink:role="http://www.xbrl.org/2003/role/verboseLabel" xlink:type="resource" xml:lang="en">Description of non-cash benefits provided to third parties for services of trustees/directors</link:label>
      <link:loc xlink:href="https://xbrl.frc.org.uk/reports/2014-09-01/direp/direp-2014-09-01.xsd#direp_DescriptionNon-cashBenefitsProvidedToThirdPartiesForServicesDirectors" xlink:label="lbl_DescriptionNon-cashBenefitsProvidedToThirdPartiesForServicesDirectors" xlink:type="locator"/>
      <link:labelArc order="1.0" xlink:arcrole="http://www.xbrl.org/2003/arcrole/concept-label" xlink:from="lbl_DescriptionNon-cashBenefitsProvidedToThirdPartiesForServicesDirectors" xlink:to="lbl_label31835926" xlink:type="arc"/>
   </link:labelLink>
</link:linkbase>
