<?xml version="1.0" encoding="UTF-8" standalone="yes"?>
<link:linkbase xmlns:link="http://www.xbrl.org/2003/linkbase" xmlns:ref="http://www.xbrl.org/2006/ref" xmlns:uk-char-ref="http://xbrl.frc.org.uk/char/2016-01-01/ref" xmlns:xlink="http://www.w3.org/1999/xlink" xmlns:xsi="http://www.w3.org/2001/XMLSchema-instance" xsi:schemaLocation="http://www.xbrl.org/2003/linkbase http://www.xbrl.org/2003/xbrl-linkbase-2003-12-31.xsd http://www.xbrl.org/2006/ref http://www.xbrl.org/2006/ref-2006-02-27.xsd http://xbrl.frc.org.uk/char/2016-01-01/ref ref/ref-2016-01-01.xsd">
   <link:roleRef roleURI="http://xbrl.frc.org.uk/char/ref/roles/CharitiesSORP" xlink:href="ref/ref-2016-01-01.xsd#CharitiesSORP" xlink:type="simple"/>
   <link:referenceLink xlink:role="http://www.xbrl.org/2003/role/link" xlink:type="extended">
      <link:reference id="id_61b91e" xlink:label="lbl_reference6404382" xlink:role="http://xbrl.frc.org.uk/char/ref/roles/CharitiesSORP" xlink:type="resource">
         <ref:Paragraph>27</ref:Paragraph>
         <uk-char-ref:Module>1</uk-char-ref:Module>
      </link:reference>
      <link:loc xlink:href="https://xbrl.frc.org.uk/reports/2014-09-01/direp/direp-2014-09-01.xsd#direp_DateAssumedPosition" xlink:label="lbl_DateAssumedPosition" xlink:type="locator"/>
      <link:referenceArc order="1.0" xlink:arcrole="http://www.xbrl.org/2003/arcrole/concept-reference" xlink:from="lbl_DateAssumedPosition" xlink:to="lbl_reference6404382" xlink:type="arc"/>
      <link:reference id="id_19baaa0" xlink:label="lbl_reference26978976" xlink:role="http://xbrl.frc.org.uk/char/ref/roles/CharitiesSORP" xlink:type="resource">
         <ref:Paragraph>27</ref:Paragraph>
         <uk-char-ref:Module>1</uk-char-ref:Module>
      </link:reference>
      <link:loc xlink:href="https://xbrl.frc.org.uk/reports/2014-09-01/direp/direp-2014-09-01.xsd#direp_DateNextReappointment" xlink:label="lbl_DateNextReappointment" xlink:type="locator"/>
      <link:referenceArc order="1.0" xlink:arcrole="http://www.xbrl.org/2003/arcrole/concept-reference" xlink:from="lbl_DateNextReappointment" xlink:to="lbl_reference26978976" xlink:type="arc"/>
      <link:reference id="id_7bb809" xlink:label="lbl_reference8108041" xlink:role="http://xbrl.frc.org.uk/char/ref/roles/CharitiesSORP" xlink:type="resource">
         <ref:Paragraph>27</ref:Paragraph>
         <uk-char-ref:Module>1</uk-char-ref:Module>
      </link:reference>
      <link:loc xlink:href="https://xbrl.frc.org.uk/reports/2014-09-01/direp/direp-2014-09-01.xsd#direp_DateResignation" xlink:label="lbl_DateResignation" xlink:type="locator"/>
      <link:referenceArc order="1.0" xlink:arcrole="http://www.xbrl.org/2003/arcrole/concept-reference" xlink:from="lbl_DateResignation" xlink:to="lbl_reference8108041" xlink:type="arc"/>
      <link:reference id="id_7de286f6" xlink:label="lbl_reference2111997686" xlink:role="http://xbrl.frc.org.uk/char/ref/roles/CharitiesSORP" xlink:type="resource">
         <ref:Paragraph>31, 32</ref:Paragraph>
         <uk-char-ref:Module>9</uk-char-ref:Module>
      </link:reference>
      <link:loc xlink:href="https://xbrl.frc.org.uk/reports/2014-09-01/direp/direp-2014-09-01.xsd#direp_AccruedPensionLumpSumPeriodEndDirectors" xlink:label="lbl_AccruedPensionLumpSumPeriodEndDirectors" xlink:type="locator"/>
      <link:referenceArc order="1.0" xlink:arcrole="http://www.xbrl.org/2003/arcrole/concept-reference" xlink:from="lbl_AccruedPensionLumpSumPeriodEndDirectors" xlink:to="lbl_reference2111997686" xlink:type="arc"/>
      <link:reference id="id_139f43da" xlink:label="lbl_reference329204698" xlink:role="http://xbrl.frc.org.uk/char/ref/roles/CharitiesSORP" xlink:type="resource">
         <ref:Paragraph>31, 32</ref:Paragraph>
         <uk-char-ref:Module>9</uk-char-ref:Module>
      </link:reference>
      <link:loc xlink:href="https://xbrl.frc.org.uk/reports/2014-09-01/direp/direp-2014-09-01.xsd#direp_AccruedPensionPeriodEndDirectors" xlink:label="lbl_AccruedPensionPeriodEndDirectors" xlink:type="locator"/>
      <link:referenceArc order="1.0" xlink:arcrole="http://www.xbrl.org/2003/arcrole/concept-reference" xlink:from="lbl_AccruedPensionPeriodEndDirectors" xlink:to="lbl_reference329204698" xlink:type="arc"/>
      <link:reference id="id_5068186b" xlink:label="lbl_reference1348999275" xlink:role="http://xbrl.frc.org.uk/char/ref/roles/CharitiesSORP" xlink:type="resource">
         <ref:Paragraph>31, 32</ref:Paragraph>
         <uk-char-ref:Module>9</uk-char-ref:Module>
      </link:reference>
      <link:loc xlink:href="https://xbrl.frc.org.uk/reports/2014-09-01/direp/direp-2014-09-01.xsd#direp_AmountReceivedOrReceivableUnderLong-termIncentiveSchemesDirectors" xlink:label="lbl_AmountReceivedOrReceivableUnderLong-termIncentiveSchemesDirectors" xlink:type="locator"/>
      <link:referenceArc order="1.0" xlink:arcrole="http://www.xbrl.org/2003/arcrole/concept-reference" xlink:from="lbl_AmountReceivedOrReceivableUnderLong-termIncentiveSchemesDirectors" xlink:to="lbl_reference1348999275" xlink:type="arc"/>
      <link:reference id="id_31963873" xlink:label="lbl_reference831928435" xlink:role="http://xbrl.frc.org.uk/char/ref/roles/CharitiesSORP" xlink:type="resource">
         <ref:Paragraph>31, 32</ref:Paragraph>
         <uk-char-ref:Module>9</uk-char-ref:Module>
      </link:reference>
      <link:loc xlink:href="https://xbrl.frc.org.uk/reports/2014-09-01/direp/direp-2014-09-01.xsd#direp_BenefitsInKindDirectors" xlink:label="lbl_BenefitsInKindDirectors" xlink:type="locator"/>
      <link:referenceArc order="1.0" xlink:arcrole="http://www.xbrl.org/2003/arcrole/concept-reference" xlink:from="lbl_BenefitsInKindDirectors" xlink:to="lbl_reference831928435" xlink:type="arc"/>
      <link:reference id="id_2291169d" xlink:label="lbl_reference579933853" xlink:role="http://xbrl.frc.org.uk/char/ref/roles/CharitiesSORP" xlink:type="resource">
         <ref:Paragraph>31, 32</ref:Paragraph>
         <uk-char-ref:Module>9</uk-char-ref:Module>
      </link:reference>
      <link:loc xlink:href="https://xbrl.frc.org.uk/reports/2014-09-01/direp/direp-2014-09-01.xsd#direp_BonusesDirectors" xlink:label="lbl_BonusesDirectors" xlink:type="locator"/>
      <link:referenceArc order="1.0" xlink:arcrole="http://www.xbrl.org/2003/arcrole/concept-reference" xlink:from="lbl_BonusesDirectors" xlink:to="lbl_reference579933853" xlink:type="arc"/>
      <link:reference id="id_36b6f1dd" xlink:label="lbl_reference917959133" xlink:role="http://xbrl.frc.org.uk/char/ref/roles/CharitiesSORP" xlink:type="resource">
         <ref:Paragraph>31, 32</ref:Paragraph>
         <uk-char-ref:Module>9</uk-char-ref:Module>
      </link:reference>
      <link:loc xlink:href="https://xbrl.frc.org.uk/reports/2014-09-01/direp/direp-2014-09-01.xsd#direp_CompanyContributionsToDefinedBenefitPlansDirectors" xlink:label="lbl_CompanyContributionsToDefinedBenefitPlansDirectors" xlink:type="locator"/>
      <link:referenceArc order="1.0" xlink:arcrole="http://www.xbrl.org/2003/arcrole/concept-reference" xlink:from="lbl_CompanyContributionsToDefinedBenefitPlansDirectors" xlink:to="lbl_reference917959133" xlink:type="arc"/>
      <link:reference id="id_114ae807" xlink:label="lbl_reference290121735" xlink:role="http://xbrl.frc.org.uk/char/ref/roles/CharitiesSORP" xlink:type="resource">
         <ref:Paragraph>31, 32</ref:Paragraph>
         <uk-char-ref:Module>9</uk-char-ref:Module>
      </link:reference>
      <link:loc xlink:href="https://xbrl.frc.org.uk/reports/2014-09-01/direp/direp-2014-09-01.xsd#direp_CompanyContributionsToMoneyPurchasePlansDirectors" xlink:label="lbl_CompanyContributionsToMoneyPurchasePlansDirectors" xlink:type="locator"/>
      <link:referenceArc order="1.0" xlink:arcrole="http://www.xbrl.org/2003/arcrole/concept-reference" xlink:from="lbl_CompanyContributionsToMoneyPurchasePlansDirectors" xlink:to="lbl_reference290121735" xlink:type="arc"/>
      <link:reference id="id_ff468f1" xlink:label="lbl_reference267675889" xlink:role="http://xbrl.frc.org.uk/char/ref/roles/CharitiesSORP" xlink:type="resource">
         <ref:Paragraph>31, 32</ref:Paragraph>
         <uk-char-ref:Module>9</uk-char-ref:Module>
      </link:reference>
      <link:loc xlink:href="https://xbrl.frc.org.uk/reports/2014-09-01/direp/direp-2014-09-01.xsd#direp_CompensationForLossOfficeDirectors" xlink:label="lbl_CompensationForLossOfficeDirectors" xlink:type="locator"/>
      <link:referenceArc order="1.0" xlink:arcrole="http://www.xbrl.org/2003/arcrole/concept-reference" xlink:from="lbl_CompensationForLossOfficeDirectors" xlink:to="lbl_reference267675889" xlink:type="arc"/>
      <link:reference id="id_209d05d2" xlink:label="lbl_reference547161554" xlink:role="http://xbrl.frc.org.uk/char/ref/roles/CharitiesSORP" xlink:type="resource">
         <ref:Paragraph>31, 32</ref:Paragraph>
         <uk-char-ref:Module>9</uk-char-ref:Module>
      </link:reference>
      <link:loc xlink:href="https://xbrl.frc.org.uk/reports/2014-09-01/direp/direp-2014-09-01.xsd#direp_DescriptionAnyArrangementsUnderWhichDirectorsWaiveEmoluments" xlink:label="lbl_DescriptionAnyArrangementsUnderWhichDirectorsWaiveEmoluments" xlink:type="locator"/>
      <link:referenceArc order="1.0" xlink:arcrole="http://www.xbrl.org/2003/arcrole/concept-reference" xlink:from="lbl_DescriptionAnyArrangementsUnderWhichDirectorsWaiveEmoluments" xlink:to="lbl_reference547161554" xlink:type="arc"/>
      <link:reference id="id_73ed20e8" xlink:label="lbl_reference1944920296" xlink:role="http://xbrl.frc.org.uk/char/ref/roles/CharitiesSORP" xlink:type="resource">
         <ref:Paragraph>31, 32</ref:Paragraph>
         <uk-char-ref:Module>9</uk-char-ref:Module>
      </link:reference>
      <link:loc xlink:href="https://xbrl.frc.org.uk/reports/2014-09-01/direp/direp-2014-09-01.xsd#direp_DescriptionAnyNon-cashBenefitsDirectors" xlink:label="lbl_DescriptionAnyNon-cashBenefitsDirectors" xlink:type="locator"/>
      <link:referenceArc order="1.0" xlink:arcrole="http://www.xbrl.org/2003/arcrole/concept-reference" xlink:from="lbl_DescriptionAnyNon-cashBenefitsDirectors" xlink:to="lbl_reference1944920296" xlink:type="arc"/>
      <link:reference id="id_4a61ac6b" xlink:label="lbl_reference1247915115" xlink:role="http://xbrl.frc.org.uk/char/ref/roles/CharitiesSORP" xlink:type="resource">
         <ref:Paragraph>31, 32</ref:Paragraph>
         <uk-char-ref:Module>9</uk-char-ref:Module>
      </link:reference>
      <link:loc xlink:href="https://xbrl.frc.org.uk/reports/2014-09-01/direp/direp-2014-09-01.xsd#direp_DescriptionNon-cashBenefitsProvidedAsCompensationForLossOfficeDirectors" xlink:label="lbl_DescriptionNon-cashBenefitsProvidedAsCompensationForLossOfficeDirectors" xlink:type="locator"/>
      <link:referenceArc order="1.0" xlink:arcrole="http://www.xbrl.org/2003/arcrole/concept-reference" xlink:from="lbl_DescriptionNon-cashBenefitsProvidedAsCompensationForLossOfficeDirectors" xlink:to="lbl_reference1247915115" xlink:type="arc"/>
      <link:reference id="id_3c1e5c14" xlink:label="lbl_reference1008622612" xlink:role="http://xbrl.frc.org.uk/char/ref/roles/CharitiesSORP" xlink:type="resource">
         <ref:Paragraph>31, 32</ref:Paragraph>
         <uk-char-ref:Module>9</uk-char-ref:Module>
      </link:reference>
      <link:loc xlink:href="https://xbrl.frc.org.uk/reports/2014-09-01/direp/direp-2014-09-01.xsd#direp_DescriptionNon-cashBenefitsProvidedToThirdPartiesForServicesDirectors" xlink:label="lbl_DescriptionNon-cashBenefitsProvidedToThirdPartiesForServicesDirectors" xlink:type="locator"/>
      <link:referenceArc order="1.0" xlink:arcrole="http://www.xbrl.org/2003/arcrole/concept-reference" xlink:from="lbl_DescriptionNon-cashBenefitsProvidedToThirdPartiesForServicesDirectors" xlink:to="lbl_reference1008622612" xlink:type="arc"/>
      <link:reference id="id_5c0c0162" xlink:label="lbl_reference1544290658" xlink:role="http://xbrl.frc.org.uk/char/ref/roles/CharitiesSORP" xlink:type="resource">
         <ref:Paragraph>31, 32</ref:Paragraph>
         <uk-char-ref:Module>9</uk-char-ref:Module>
      </link:reference>
      <link:loc xlink:href="https://xbrl.frc.org.uk/reports/2014-09-01/direp/direp-2014-09-01.xsd#direp_DirectorRemuneration" xlink:label="lbl_DirectorRemuneration" xlink:type="locator"/>
      <link:referenceArc order="1.0" xlink:arcrole="http://www.xbrl.org/2003/arcrole/concept-reference" xlink:from="lbl_DirectorRemuneration" xlink:to="lbl_reference1544290658" xlink:type="arc"/>
      <link:reference id="id_1c2bea1c" xlink:label="lbl_reference472640028" xlink:role="http://xbrl.frc.org.uk/char/ref/roles/CharitiesSORP" xlink:type="resource">
         <ref:Paragraph>31, 32</ref:Paragraph>
         <uk-char-ref:Module>9</uk-char-ref:Module>
      </link:reference>
      <link:loc xlink:href="https://xbrl.frc.org.uk/reports/2014-09-01/direp/direp-2014-09-01.xsd#direp_DirectorRemunerationBenefitsExcludingPaymentsToThirdParties" xlink:label="lbl_DirectorRemunerationBenefitsExcludingPaymentsToThirdParties" xlink:type="locator"/>
      <link:referenceArc order="1.0" xlink:arcrole="http://www.xbrl.org/2003/arcrole/concept-reference" xlink:from="lbl_DirectorRemunerationBenefitsExcludingPaymentsToThirdParties" xlink:to="lbl_reference472640028" xlink:type="arc"/>
      <link:reference id="id_5122bddd" xlink:label="lbl_reference1361231325" xlink:role="http://xbrl.frc.org.uk/char/ref/roles/CharitiesSORP" xlink:type="resource">
         <ref:Paragraph>31, 32</ref:Paragraph>
         <uk-char-ref:Module>9</uk-char-ref:Module>
      </link:reference>
      <link:loc xlink:href="https://xbrl.frc.org.uk/reports/2014-09-01/direp/direp-2014-09-01.xsd#direp_DirectorRemunerationBenefitsIncludingPaymentsToThirdParties" xlink:label="lbl_DirectorRemunerationBenefitsIncludingPaymentsToThirdParties" xlink:type="locator"/>
      <link:referenceArc order="1.0" xlink:arcrole="http://www.xbrl.org/2003/arcrole/concept-reference" xlink:from="lbl_DirectorRemunerationBenefitsIncludingPaymentsToThirdParties" xlink:to="lbl_reference1361231325" xlink:type="arc"/>
      <link:reference id="id_1dddd267" xlink:label="lbl_reference501076583" xlink:role="http://xbrl.frc.org.uk/char/ref/roles/CharitiesSORP" xlink:type="resource">
         <ref:Paragraph>31, 32</ref:Paragraph>
         <uk-char-ref:Module>9</uk-char-ref:Module>
      </link:reference>
      <link:loc xlink:href="https://xbrl.frc.org.uk/reports/2014-09-01/direp/direp-2014-09-01.xsd#direp_DirectorsRemunerationHeading" xlink:label="lbl_DirectorsRemunerationHeading" xlink:type="locator"/>
      <link:referenceArc order="1.0" xlink:arcrole="http://www.xbrl.org/2003/arcrole/concept-reference" xlink:from="lbl_DirectorsRemunerationHeading" xlink:to="lbl_reference501076583" xlink:type="arc"/>
      <link:reference id="id_1ab4eb24" xlink:label="lbl_reference448064292" xlink:role="http://xbrl.frc.org.uk/char/ref/roles/CharitiesSORP" xlink:type="resource">
         <ref:Paragraph>31, 32</ref:Paragraph>
         <uk-char-ref:Module>9</uk-char-ref:Module>
      </link:reference>
      <link:loc xlink:href="https://xbrl.frc.org.uk/reports/2014-09-01/direp/direp-2014-09-01.xsd#direp_ExcessRetirementBenefitsOverOriginalEntitlementDirectors" xlink:label="lbl_ExcessRetirementBenefitsOverOriginalEntitlementDirectors" xlink:type="locator"/>
      <link:referenceArc order="1.0" xlink:arcrole="http://www.xbrl.org/2003/arcrole/concept-reference" xlink:from="lbl_ExcessRetirementBenefitsOverOriginalEntitlementDirectors" xlink:to="lbl_reference448064292" xlink:type="arc"/>
      <link:reference id="id_4751d60c" xlink:label="lbl_reference1196545548" xlink:role="http://xbrl.frc.org.uk/char/ref/roles/CharitiesSORP" xlink:type="resource">
         <ref:Paragraph>31, 32</ref:Paragraph>
         <uk-char-ref:Module>9</uk-char-ref:Module>
      </link:reference>
      <link:loc xlink:href="https://xbrl.frc.org.uk/reports/2014-09-01/direp/direp-2014-09-01.xsd#direp_ExpenseAllowancesDirectors" xlink:label="lbl_ExpenseAllowancesDirectors" xlink:type="locator"/>
      <link:referenceArc order="1.0" xlink:arcrole="http://www.xbrl.org/2003/arcrole/concept-reference" xlink:from="lbl_ExpenseAllowancesDirectors" xlink:to="lbl_reference1196545548" xlink:type="arc"/>
      <link:reference id="id_4065d25c" xlink:label="lbl_reference1080414812" xlink:role="http://xbrl.frc.org.uk/char/ref/roles/CharitiesSORP" xlink:type="resource">
         <ref:Paragraph>31, 32</ref:Paragraph>
         <uk-char-ref:Module>9</uk-char-ref:Module>
      </link:reference>
      <link:loc xlink:href="https://xbrl.frc.org.uk/reports/2014-09-01/direp/direp-2014-09-01.xsd#direp_FeesDirectors" xlink:label="lbl_FeesDirectors" xlink:type="locator"/>
      <link:referenceArc order="1.0" xlink:arcrole="http://www.xbrl.org/2003/arcrole/concept-reference" xlink:from="lbl_FeesDirectors" xlink:to="lbl_reference1080414812" xlink:type="arc"/>
      <link:reference id="id_1c12d9b3" xlink:label="lbl_reference470997427" xlink:role="http://xbrl.frc.org.uk/char/ref/roles/CharitiesSORP" xlink:type="resource">
         <ref:Paragraph>31, 32</ref:Paragraph>
         <uk-char-ref:Module>9</uk-char-ref:Module>
      </link:reference>
      <link:loc xlink:href="https://xbrl.frc.org.uk/reports/2014-09-01/direp/direp-2014-09-01.xsd#direp_FurtherItemDirectorRemunerationBenefitsComponentTotalDirectorRemunerationBenefitsExcludingPaymentsToThirdParties" xlink:label="lbl_FurtherItemDirectorRemunerationBenefitsComponentTotalDirectorRemunerationBenefitsExcludingPaymentsToThirdParties" xlink:type="locator"/>
      <link:referenceArc order="1.0" xlink:arcrole="http://www.xbrl.org/2003/arcrole/concept-reference" xlink:from="lbl_FurtherItemDirectorRemunerationBenefitsComponentTotalDirectorRemunerationBenefitsExcludingPaymentsToThirdParties" xlink:to="lbl_reference470997427" xlink:type="arc"/>
      <link:reference id="id_5845be3c" xlink:label="lbl_reference1480965692" xlink:role="http://xbrl.frc.org.uk/char/ref/roles/CharitiesSORP" xlink:type="resource">
         <ref:Paragraph>31, 32</ref:Paragraph>
         <uk-char-ref:Module>9</uk-char-ref:Module>
      </link:reference>
      <link:loc xlink:href="https://xbrl.frc.org.uk/reports/2014-09-01/direp/direp-2014-09-01.xsd#direp_GainLossOnExerciseShareOptionsDirectors" xlink:label="lbl_GainLossOnExerciseShareOptionsDirectors" xlink:type="locator"/>
      <link:referenceArc order="1.0" xlink:arcrole="http://www.xbrl.org/2003/arcrole/concept-reference" xlink:from="lbl_GainLossOnExerciseShareOptionsDirectors" xlink:to="lbl_reference1480965692" xlink:type="arc"/>
      <link:reference id="id_b9a058d" xlink:label="lbl_reference194643341" xlink:role="http://xbrl.frc.org.uk/char/ref/roles/CharitiesSORP" xlink:type="resource">
         <ref:Paragraph>31, 32</ref:Paragraph>
         <uk-char-ref:Module>9</uk-char-ref:Module>
      </link:reference>
      <link:loc xlink:href="https://xbrl.frc.org.uk/reports/2014-09-01/direp/direp-2014-09-01.xsd#direp_GeneralDescriptionBenefitsUnderLong-termIncentiveSchemesDirectors" xlink:label="lbl_GeneralDescriptionBenefitsUnderLong-termIncentiveSchemesDirectors" xlink:type="locator"/>
      <link:referenceArc order="1.0" xlink:arcrole="http://www.xbrl.org/2003/arcrole/concept-reference" xlink:from="lbl_GeneralDescriptionBenefitsUnderLong-termIncentiveSchemesDirectors" xlink:to="lbl_reference194643341" xlink:type="arc"/>
      <link:reference id="id_328269ef" xlink:label="lbl_reference847407599" xlink:role="http://xbrl.frc.org.uk/char/ref/roles/CharitiesSORP" xlink:type="resource">
         <ref:Paragraph>31, 32</ref:Paragraph>
         <uk-char-ref:Module>9</uk-char-ref:Module>
      </link:reference>
      <link:loc xlink:href="https://xbrl.frc.org.uk/reports/2014-09-01/direp/direp-2014-09-01.xsd#direp_GeneralDescriptionSharesOptionsExercisedDirectors" xlink:label="lbl_GeneralDescriptionSharesOptionsExercisedDirectors" xlink:type="locator"/>
      <link:referenceArc order="1.0" xlink:arcrole="http://www.xbrl.org/2003/arcrole/concept-reference" xlink:from="lbl_GeneralDescriptionSharesOptionsExercisedDirectors" xlink:to="lbl_reference847407599" xlink:type="arc"/>
      <link:reference id="id_77ae8b31" xlink:label="lbl_reference2007927601" xlink:role="http://xbrl.frc.org.uk/char/ref/roles/CharitiesSORP" xlink:type="resource">
         <ref:Paragraph>31, 32</ref:Paragraph>
         <uk-char-ref:Module>9</uk-char-ref:Module>
      </link:reference>
      <link:loc xlink:href="https://xbrl.frc.org.uk/reports/2014-09-01/direp/direp-2014-09-01.xsd#direp_NetAssetsReceivedOrReceivableUnderLong-termIncentiveSchemesDirectors" xlink:label="lbl_NetAssetsReceivedOrReceivableUnderLong-termIncentiveSchemesDirectors" xlink:type="locator"/>
      <link:referenceArc order="1.0" xlink:arcrole="http://www.xbrl.org/2003/arcrole/concept-reference" xlink:from="lbl_NetAssetsReceivedOrReceivableUnderLong-termIncentiveSchemesDirectors" xlink:to="lbl_reference2007927601" xlink:type="arc"/>
      <link:reference id="id_5b384ad3" xlink:label="lbl_reference1530415827" xlink:role="http://xbrl.frc.org.uk/char/ref/roles/CharitiesSORP" xlink:type="resource">
         <ref:Paragraph>31, 32</ref:Paragraph>
         <uk-char-ref:Module>9</uk-char-ref:Module>
      </link:reference>
      <link:loc xlink:href="https://xbrl.frc.org.uk/reports/2014-09-01/direp/direp-2014-09-01.xsd#direp_NumberDirectorsAccruingBenefitsUnderDefinedBenefitScheme" xlink:label="lbl_NumberDirectorsAccruingBenefitsUnderDefinedBenefitScheme" xlink:type="locator"/>
      <link:referenceArc order="1.0" xlink:arcrole="http://www.xbrl.org/2003/arcrole/concept-reference" xlink:from="lbl_NumberDirectorsAccruingBenefitsUnderDefinedBenefitScheme" xlink:to="lbl_reference1530415827" xlink:type="arc"/>
      <link:reference id="id_224f4027" xlink:label="lbl_reference575619111" xlink:role="http://xbrl.frc.org.uk/char/ref/roles/CharitiesSORP" xlink:type="resource">
         <ref:Paragraph>31, 32</ref:Paragraph>
         <uk-char-ref:Module>9</uk-char-ref:Module>
      </link:reference>
      <link:loc xlink:href="https://xbrl.frc.org.uk/reports/2014-09-01/direp/direp-2014-09-01.xsd#direp_NumberDirectorsAccruingBenefitsUnderMoneyPurchaseScheme" xlink:label="lbl_NumberDirectorsAccruingBenefitsUnderMoneyPurchaseScheme" xlink:type="locator"/>
      <link:referenceArc order="1.0" xlink:arcrole="http://www.xbrl.org/2003/arcrole/concept-reference" xlink:from="lbl_NumberDirectorsAccruingBenefitsUnderMoneyPurchaseScheme" xlink:to="lbl_reference575619111" xlink:type="arc"/>
      <link:reference id="id_65a3147d" xlink:label="lbl_reference1705186429" xlink:role="http://xbrl.frc.org.uk/char/ref/roles/CharitiesSORP" xlink:type="resource">
         <ref:Paragraph>31, 32</ref:Paragraph>
         <uk-char-ref:Module>9</uk-char-ref:Module>
      </link:reference>
      <link:loc xlink:href="https://xbrl.frc.org.uk/reports/2014-09-01/direp/direp-2014-09-01.xsd#direp_NumberDirectorsAccruingRetirementBenefits" xlink:label="lbl_NumberDirectorsAccruingRetirementBenefits" xlink:type="locator"/>
      <link:referenceArc order="1.0" xlink:arcrole="http://www.xbrl.org/2003/arcrole/concept-reference" xlink:from="lbl_NumberDirectorsAccruingRetirementBenefits" xlink:to="lbl_reference1705186429" xlink:type="arc"/>
      <link:reference id="id_75b5b69c" xlink:label="lbl_reference1974843036" xlink:role="http://xbrl.frc.org.uk/char/ref/roles/CharitiesSORP" xlink:type="resource">
         <ref:Paragraph>31, 32</ref:Paragraph>
         <uk-char-ref:Module>9</uk-char-ref:Module>
      </link:reference>
      <link:loc xlink:href="https://xbrl.frc.org.uk/reports/2014-09-01/direp/direp-2014-09-01.xsd#direp_NumberDirectorsWhoExercisedShareOptions" xlink:label="lbl_NumberDirectorsWhoExercisedShareOptions" xlink:type="locator"/>
      <link:referenceArc order="1.0" xlink:arcrole="http://www.xbrl.org/2003/arcrole/concept-reference" xlink:from="lbl_NumberDirectorsWhoExercisedShareOptions" xlink:to="lbl_reference1974843036" xlink:type="arc"/>
      <link:reference id="id_243d824e" xlink:label="lbl_reference608010830" xlink:role="http://xbrl.frc.org.uk/char/ref/roles/CharitiesSORP" xlink:type="resource">
         <ref:Paragraph>31, 32</ref:Paragraph>
         <uk-char-ref:Module>9</uk-char-ref:Module>
      </link:reference>
      <link:loc xlink:href="https://xbrl.frc.org.uk/reports/2014-09-01/direp/direp-2014-09-01.xsd#direp_NumberDirectorsWhoReceivedOrWereEntitledToReceiveSharesUnderLongTermIncentiveSchemes" xlink:label="lbl_NumberDirectorsWhoReceivedOrWereEntitledToReceiveSharesUnderLongTermIncentiveSchemes" xlink:type="locator"/>
      <link:referenceArc order="1.0" xlink:arcrole="http://www.xbrl.org/2003/arcrole/concept-reference" xlink:from="lbl_NumberDirectorsWhoReceivedOrWereEntitledToReceiveSharesUnderLongTermIncentiveSchemes" xlink:to="lbl_reference608010830" xlink:type="arc"/>
      <link:reference id="id_6fb3d09d" xlink:label="lbl_reference1874055325" xlink:role="http://xbrl.frc.org.uk/char/ref/roles/CharitiesSORP" xlink:type="resource">
         <ref:Paragraph>31, 32</ref:Paragraph>
         <uk-char-ref:Module>9</uk-char-ref:Module>
      </link:reference>
      <link:loc xlink:href="https://xbrl.frc.org.uk/reports/2014-09-01/direp/direp-2014-09-01.xsd#direp_NumbersDirectorsReceivingBenefitsShareIncentivesHeading" xlink:label="lbl_NumbersDirectorsReceivingBenefitsShareIncentivesHeading" xlink:type="locator"/>
      <link:referenceArc order="1.0" xlink:arcrole="http://www.xbrl.org/2003/arcrole/concept-reference" xlink:from="lbl_NumbersDirectorsReceivingBenefitsShareIncentivesHeading" xlink:to="lbl_reference1874055325" xlink:type="arc"/>
      <link:reference id="id_21219887" xlink:label="lbl_reference555849863" xlink:role="http://xbrl.frc.org.uk/char/ref/roles/CharitiesSORP" xlink:type="resource">
         <ref:Paragraph>31, 32</ref:Paragraph>
         <uk-char-ref:Module>9</uk-char-ref:Module>
      </link:reference>
      <link:loc xlink:href="https://xbrl.frc.org.uk/reports/2014-09-01/direp/direp-2014-09-01.xsd#direp_OtherInformationOnDirectorPaymentsHeading" xlink:label="lbl_OtherInformationOnDirectorPaymentsHeading" xlink:type="locator"/>
      <link:referenceArc order="1.0" xlink:arcrole="http://www.xbrl.org/2003/arcrole/concept-reference" xlink:from="lbl_OtherInformationOnDirectorPaymentsHeading" xlink:to="lbl_reference555849863" xlink:type="arc"/>
      <link:reference id="id_50e7f61e" xlink:label="lbl_reference1357379102" xlink:role="http://xbrl.frc.org.uk/char/ref/roles/CharitiesSORP" xlink:type="resource">
         <ref:Paragraph>31, 32</ref:Paragraph>
         <uk-char-ref:Module>9</uk-char-ref:Module>
      </link:reference>
      <link:loc xlink:href="https://xbrl.frc.org.uk/reports/2014-09-01/direp/direp-2014-09-01.xsd#direp_PaymentsMadeToThirdPartiesForServicesDirectorsAsDirectors" xlink:label="lbl_PaymentsMadeToThirdPartiesForServicesDirectorsAsDirectors" xlink:type="locator"/>
      <link:referenceArc order="1.0" xlink:arcrole="http://www.xbrl.org/2003/arcrole/concept-reference" xlink:from="lbl_PaymentsMadeToThirdPartiesForServicesDirectorsAsDirectors" xlink:to="lbl_reference1357379102" xlink:type="arc"/>
      <link:reference id="id_42f425bf" xlink:label="lbl_reference1123296703" xlink:role="http://xbrl.frc.org.uk/char/ref/roles/CharitiesSORP" xlink:type="resource">
         <ref:Paragraph>31, 32</ref:Paragraph>
         <uk-char-ref:Module>9</uk-char-ref:Module>
      </link:reference>
      <link:loc xlink:href="https://xbrl.frc.org.uk/reports/2014-09-01/direp/direp-2014-09-01.xsd#direp_PaymentsMadeToThirdPartiesForServicesDirectorsWhileDirectors" xlink:label="lbl_PaymentsMadeToThirdPartiesForServicesDirectorsWhileDirectors" xlink:type="locator"/>
      <link:referenceArc order="1.0" xlink:arcrole="http://www.xbrl.org/2003/arcrole/concept-reference" xlink:from="lbl_PaymentsMadeToThirdPartiesForServicesDirectorsWhileDirectors" xlink:to="lbl_reference1123296703" xlink:type="arc"/>
      <link:reference id="id_24457c67" xlink:label="lbl_reference608533607" xlink:role="http://xbrl.frc.org.uk/char/ref/roles/CharitiesSORP" xlink:type="resource">
         <ref:Paragraph>31, 32</ref:Paragraph>
         <uk-char-ref:Module>9</uk-char-ref:Module>
      </link:reference>
      <link:loc xlink:href="https://xbrl.frc.org.uk/reports/2014-09-01/direp/direp-2014-09-01.xsd#direp_PaymentsToThirdPartiesForDirectorServices" xlink:label="lbl_PaymentsToThirdPartiesForDirectorServices" xlink:type="locator"/>
      <link:referenceArc order="1.0" xlink:arcrole="http://www.xbrl.org/2003/arcrole/concept-reference" xlink:from="lbl_PaymentsToThirdPartiesForDirectorServices" xlink:to="lbl_reference608533607" xlink:type="arc"/>
      <link:reference id="id_27ace957" xlink:label="lbl_reference665643351" xlink:role="http://xbrl.frc.org.uk/char/ref/roles/CharitiesSORP" xlink:type="resource">
         <ref:Paragraph>31, 32</ref:Paragraph>
         <uk-char-ref:Module>9</uk-char-ref:Module>
      </link:reference>
      <link:loc xlink:href="https://xbrl.frc.org.uk/reports/2014-09-01/direp/direp-2014-09-01.xsd#direp_PaymentsToThirdPartiesForDirectorsServicesHeading" xlink:label="lbl_PaymentsToThirdPartiesForDirectorsServicesHeading" xlink:type="locator"/>
      <link:referenceArc order="1.0" xlink:arcrole="http://www.xbrl.org/2003/arcrole/concept-reference" xlink:from="lbl_PaymentsToThirdPartiesForDirectorsServicesHeading" xlink:to="lbl_reference665643351" xlink:type="arc"/>
      <link:reference id="id_5c406eeb" xlink:label="lbl_reference1547726571" xlink:role="http://xbrl.frc.org.uk/char/ref/roles/CharitiesSORP" xlink:type="resource">
         <ref:Paragraph>31, 32</ref:Paragraph>
         <uk-char-ref:Module>9</uk-char-ref:Module>
      </link:reference>
      <link:loc xlink:href="https://xbrl.frc.org.uk/reports/2014-09-01/direp/direp-2014-09-01.xsd#direp_SalariesDirectors" xlink:label="lbl_SalariesDirectors" xlink:type="locator"/>
      <link:referenceArc order="1.0" xlink:arcrole="http://www.xbrl.org/2003/arcrole/concept-reference" xlink:from="lbl_SalariesDirectors" xlink:to="lbl_reference1547726571" xlink:type="arc"/>
      <link:reference id="id_18f9716b" xlink:label="lbl_reference419000683" xlink:role="http://xbrl.frc.org.uk/char/ref/roles/CharitiesSORP" xlink:type="resource">
         <ref:Paragraph>31, 32</ref:Paragraph>
         <uk-char-ref:Module>9</uk-char-ref:Module>
      </link:reference>
      <link:loc xlink:href="https://xbrl.frc.org.uk/reports/2014-09-01/direp/direp-2014-09-01.xsd#direp_SalariesFeesDirectors" xlink:label="lbl_SalariesFeesDirectors" xlink:type="locator"/>
      <link:referenceArc order="1.0" xlink:arcrole="http://www.xbrl.org/2003/arcrole/concept-reference" xlink:from="lbl_SalariesFeesDirectors" xlink:to="lbl_reference419000683" xlink:type="arc"/>
      <link:reference id="id_2b3dcb75" xlink:label="lbl_reference725470069" xlink:role="http://xbrl.frc.org.uk/char/ref/roles/CharitiesSORP" xlink:type="resource">
         <ref:Paragraph>31, 32</ref:Paragraph>
         <uk-char-ref:Module>9</uk-char-ref:Module>
      </link:reference>
      <link:loc xlink:href="https://xbrl.frc.org.uk/reports/2014-09-01/direp/direp-2014-09-01.xsd#direp_UseEntityOfficersDimensionToIdentifyTotalsForDirectorsIndividualDirectorsIncludingHighestPaidDirectorGuidance" xlink:label="lbl_UseEntityOfficersDimensionToIdentifyTotalsForDirectorsIndividualDirectorsIncludingHighestPaidDirectorGuidance" xlink:type="locator"/>
      <link:referenceArc order="1.0" xlink:arcrole="http://www.xbrl.org/2003/arcrole/concept-reference" xlink:from="lbl_UseEntityOfficersDimensionToIdentifyTotalsForDirectorsIndividualDirectorsIncludingHighestPaidDirectorGuidance" xlink:to="lbl_reference725470069" xlink:type="arc"/>
   </link:referenceLink>
</link:linkbase>
