<?xml version="1.0" encoding="UTF-8" standalone="yes"?>
<link:linkbase xmlns:link="http://www.xbrl.org/2003/linkbase" xmlns:xlink="http://www.w3.org/1999/xlink" xmlns:xsi="http://www.w3.org/2001/XMLSchema-instance" xsi:schemaLocation="http://www.xbrl.org/2003/linkbase http://www.xbrl.org/2003/xbrl-linkbase-2003-12-31.xsd">
   <link:labelLink xlink:role="http://www.xbrl.org/2003/role/link" xlink:type="extended">
      <link:label id="id_458f7dfe" xlink:label="lbl_label1167031806" xlink:role="http://www.xbrl.org/2003/role/verboseLabel" xlink:type="resource" xml:lang="en">Stocks policy</link:label>
      <link:loc xlink:href="https://xbrl.frc.org.uk/fr/2014-09-01/core/frc-core-2014-09-01.xsd#core_InventoriesPolicy" xlink:label="lbl_InventoriesPolicy" xlink:type="locator"/>
      <link:labelArc order="1.0" xlink:arcrole="http://www.xbrl.org/2003/arcrole/concept-label" xlink:from="lbl_InventoriesPolicy" xlink:to="lbl_label1167031806" xlink:type="arc"/>
      <link:label id="id_cc4adde" xlink:label="lbl_label214216158" xlink:role="http://www.xbrl.org/2003/role/verboseLabel" xlink:type="resource" xml:lang="en">Trade debtors policy</link:label>
      <link:loc xlink:href="https://xbrl.frc.org.uk/fr/2014-09-01/core/frc-core-2014-09-01.xsd#core_TradeReceivablesPolicy" xlink:label="lbl_TradeReceivablesPolicy" xlink:type="locator"/>
      <link:labelArc order="1.0" xlink:arcrole="http://www.xbrl.org/2003/arcrole/concept-label" xlink:from="lbl_TradeReceivablesPolicy" xlink:to="lbl_label214216158" xlink:type="arc"/>
      <link:label id="id_3a676bc0" xlink:label="lbl_label979856320" xlink:role="http://www.xbrl.org/2003/role/verboseLabel" xlink:type="resource" xml:lang="en">Trade creditors policy</link:label>
      <link:loc xlink:href="https://xbrl.frc.org.uk/fr/2014-09-01/core/frc-core-2014-09-01.xsd#core_TradePayablesPolicy" xlink:label="lbl_TradePayablesPolicy" xlink:type="locator"/>
      <link:labelArc order="1.0" xlink:arcrole="http://www.xbrl.org/2003/arcrole/concept-label" xlink:from="lbl_TradePayablesPolicy" xlink:to="lbl_label979856320" xlink:type="arc"/>
      <link:label id="id_5a652136" xlink:label="lbl_label1516577078" xlink:role="http://www.xbrl.org/2003/role/verboseLabel" xlink:type="resource" xml:lang="en">Decrease from amortisation of goodwill related to business combination recognised in income and expenditure</link:label>
      <link:loc xlink:href="https://xbrl.frc.org.uk/fr/2014-09-01/core/frc-core-2014-09-01.xsd#core_DecreaseFromAmortisationGoodwillRelatedToBusinessCombinationRecognisedInProfitLoss" xlink:label="lbl_DecreaseFromAmortisationGoodwillRelatedToBusinessCombinationRecognisedInProfitLoss" xlink:type="locator"/>
      <link:labelArc order="1.0" xlink:arcrole="http://www.xbrl.org/2003/arcrole/concept-label" xlink:from="lbl_DecreaseFromAmortisationGoodwillRelatedToBusinessCombinationRecognisedInProfitLoss" xlink:to="lbl_label1516577078" xlink:type="arc"/>
      <link:label id="id_2ca2ac37" xlink:label="lbl_label748858423" xlink:role="http://www.xbrl.org/2003/role/verboseLabel" xlink:type="resource" xml:lang="en">Amortisation of negative goodwill recognised in income and expenditure</link:label>
      <link:loc xlink:href="https://xbrl.frc.org.uk/fr/2014-09-01/core/frc-core-2014-09-01.xsd#core_AmortisationNegativeGoodwillRecognisedInProfitLoss" xlink:label="lbl_AmortisationNegativeGoodwillRecognisedInProfitLoss" xlink:type="locator"/>
      <link:labelArc order="1.0" xlink:arcrole="http://www.xbrl.org/2003/arcrole/concept-label" xlink:from="lbl_AmortisationNegativeGoodwillRecognisedInProfitLoss" xlink:to="lbl_label748858423" xlink:type="arc"/>
      <link:label id="id_1f7f525f" xlink:label="lbl_label528437855" xlink:role="http://www.xbrl.org/2003/role/verboseLabel" xlink:type="resource" xml:lang="en">Decrease from amortisation of negative goodwill related to business combination recognised in income and expenditure</link:label>
      <link:loc xlink:href="https://xbrl.frc.org.uk/fr/2014-09-01/core/frc-core-2014-09-01.xsd#core_DecreaseFromAmortisationNegativeGoodwillRelatedToBusinessCombinationRecognisedInProfitLoss" xlink:label="lbl_DecreaseFromAmortisationNegativeGoodwillRelatedToBusinessCombinationRecognisedInProfitLoss" xlink:type="locator"/>
      <link:labelArc order="1.0" xlink:arcrole="http://www.xbrl.org/2003/arcrole/concept-label" xlink:from="lbl_DecreaseFromAmortisationNegativeGoodwillRelatedToBusinessCombinationRecognisedInProfitLoss" xlink:to="lbl_label528437855" xlink:type="arc"/>
      <link:label id="id_688c66e2" xlink:label="lbl_label1754031842" xlink:role="http://www.xbrl.org/2003/role/verboseLabel" xlink:type="resource" xml:lang="en">Description of periods in which negative goodwill will be recognised in income and expenditure</link:label>
      <link:loc xlink:href="https://xbrl.frc.org.uk/fr/2014-09-01/core/frc-core-2014-09-01.xsd#core_DescriptionPeriodsInWhichNegativeGoodwillWillBeRecognisedInProfitLoss" xlink:label="lbl_DescriptionPeriodsInWhichNegativeGoodwillWillBeRecognisedInProfitLoss" xlink:type="locator"/>
      <link:labelArc order="1.0" xlink:arcrole="http://www.xbrl.org/2003/arcrole/concept-label" xlink:from="lbl_DescriptionPeriodsInWhichNegativeGoodwillWillBeRecognisedInProfitLoss" xlink:to="lbl_label1754031842" xlink:type="arc"/>
      <link:label id="id_1610e09" xlink:label="lbl_label23137801" xlink:role="http://www.xbrl.org/2003/role/verboseLabel" xlink:type="resource" xml:lang="en">Research and development expense recognised in income and expenditure</link:label>
      <link:loc xlink:href="https://xbrl.frc.org.uk/fr/2014-09-01/core/frc-core-2014-09-01.xsd#core_ResearchDevelopmentExpenseRecognisedInProfitOrLoss" xlink:label="lbl_ResearchDevelopmentExpenseRecognisedInProfitOrLoss" xlink:type="locator"/>
      <link:labelArc order="1.0" xlink:arcrole="http://www.xbrl.org/2003/arcrole/concept-label" xlink:from="lbl_ResearchDevelopmentExpenseRecognisedInProfitOrLoss" xlink:to="lbl_label23137801" xlink:type="arc"/>
      <link:label id="id_5c526bb5" xlink:label="lbl_label1548905397" xlink:role="http://www.xbrl.org/2003/role/verboseLabel" xlink:type="resource" xml:lang="en">Gain (loss) from revaluation, property, plant and equipment, recognised in income and expenditure</link:label>
      <link:loc xlink:href="https://xbrl.frc.org.uk/fr/2014-09-01/core/frc-core-2014-09-01.xsd#core_GainLossFromRevaluationPropertyPlantEquipmentRecognisedInProfitOrLoss" xlink:label="lbl_GainLossFromRevaluationPropertyPlantEquipmentRecognisedInProfitOrLoss" xlink:type="locator"/>
      <link:labelArc order="1.0" xlink:arcrole="http://www.xbrl.org/2003/arcrole/concept-label" xlink:from="lbl_GainLossFromRevaluationPropertyPlantEquipmentRecognisedInProfitOrLoss" xlink:to="lbl_label1548905397" xlink:type="arc"/>
      <link:label id="id_60a7c746" xlink:label="lbl_label1621608262" xlink:role="http://www.xbrl.org/2003/role/verboseLabel" xlink:type="resource" xml:lang="en">Gain (loss) from sales of investment properties, recognised in income and expenditure</link:label>
      <link:loc xlink:href="https://xbrl.frc.org.uk/fr/2014-09-01/core/frc-core-2014-09-01.xsd#core_GainLossFromRevaluationIntangibleAssetsRecognisedInProfitOrLoss" xlink:label="lbl_GainLossFromRevaluationIntangibleAssetsRecognisedInProfitOrLoss" xlink:type="locator"/>
      <link:labelArc order="1.0" xlink:arcrole="http://www.xbrl.org/2003/arcrole/concept-label" xlink:from="lbl_GainLossFromRevaluationIntangibleAssetsRecognisedInProfitOrLoss" xlink:to="lbl_label1621608262" xlink:type="arc"/>
      <link:label id="id_40908529" xlink:label="lbl_label1083213097" xlink:role="http://www.xbrl.org/2003/role/verboseLabel" xlink:type="resource" xml:lang="en">Gain (loss) due to foreign exchange differences, recognised in income and expenditure</link:label>
      <link:loc xlink:href="https://xbrl.frc.org.uk/fr/2014-09-01/core/frc-core-2014-09-01.xsd#core_GainLossFromSalesInvestmentPropertiesRecognisedInProfitOrLoss" xlink:label="lbl_GainLossFromSalesInvestmentPropertiesRecognisedInProfitOrLoss" xlink:type="locator"/>
      <link:labelArc order="1.0" xlink:arcrole="http://www.xbrl.org/2003/arcrole/concept-label" xlink:from="lbl_GainLossFromSalesInvestmentPropertiesRecognisedInProfitOrLoss" xlink:to="lbl_label1083213097" xlink:type="arc"/>
      <link:label id="id_34b67ce3" xlink:label="lbl_label884374755" xlink:role="http://www.xbrl.org/2003/role/verboseLabel" xlink:type="resource" xml:lang="en">Gain (loss) on non-financing activities due to foreign exchange differences, recognised in income and expenditure</link:label>
      <link:loc xlink:href="https://xbrl.frc.org.uk/fr/2014-09-01/core/frc-core-2014-09-01.xsd#core_GainLossOnNon-financingActivitiesDueToForeignExchangeDifferencesRecognisedInProfitOrLoss" xlink:label="lbl_GainLossOnNon-financingActivitiesDueToForeignExchangeDifferencesRecognisedInProfitOrLoss" xlink:type="locator"/>
      <link:labelArc order="1.0" xlink:arcrole="http://www.xbrl.org/2003/arcrole/concept-label" xlink:from="lbl_GainLossOnNon-financingActivitiesDueToForeignExchangeDifferencesRecognisedInProfitOrLoss" xlink:to="lbl_label884374755" xlink:type="arc"/>
      <link:label id="id_32ad4c02" xlink:label="lbl_label850217986" xlink:role="http://www.xbrl.org/2003/role/verboseLabel" xlink:type="resource" xml:lang="en">Increase in provisions recognised in income and expenditure</link:label>
      <link:loc xlink:href="https://xbrl.frc.org.uk/fr/2014-09-01/core/frc-core-2014-09-01.xsd#core_IncreaseInProvisionsRecognisedInProfitOrLoss" xlink:label="lbl_IncreaseInProvisionsRecognisedInProfitOrLoss" xlink:type="locator"/>
      <link:labelArc order="1.0" xlink:arcrole="http://www.xbrl.org/2003/arcrole/concept-label" xlink:from="lbl_IncreaseInProvisionsRecognisedInProfitOrLoss" xlink:to="lbl_label850217986" xlink:type="arc"/>
      <link:label id="id_578744a0" xlink:label="lbl_label1468482720" xlink:role="http://www.xbrl.org/2003/role/verboseLabel" xlink:type="resource" xml:lang="en">Gain (loss) from fair value adjustment, investment property, recognised in income and expenditure</link:label>
      <link:loc xlink:href="https://xbrl.frc.org.uk/fr/2014-09-01/core/frc-core-2014-09-01.xsd#core_GainLossFromFairValueAdjustmentInvestmentPropertyRecognisedInProfitOrLoss" xlink:label="lbl_GainLossFromFairValueAdjustmentInvestmentPropertyRecognisedInProfitOrLoss" xlink:type="locator"/>
      <link:labelArc order="1.0" xlink:arcrole="http://www.xbrl.org/2003/arcrole/concept-label" xlink:from="lbl_GainLossFromFairValueAdjustmentInvestmentPropertyRecognisedInProfitOrLoss" xlink:to="lbl_label1468482720" xlink:type="arc"/>
      <link:label id="id_18bfb5c7" xlink:label="lbl_label415217095" xlink:role="http://www.xbrl.org/2003/role/verboseLabel" xlink:type="resource" xml:lang="en">Interest income on financial assets that are not at fair value through income and expenditure</link:label>
      <link:loc xlink:href="https://xbrl.frc.org.uk/fr/2014-09-01/core/frc-core-2014-09-01.xsd#core_InterestIncomeOnFinancialAssetsThatAreNotFairValueThroughProfitOrLoss" xlink:label="lbl_InterestIncomeOnFinancialAssetsThatAreNotFairValueThroughProfitOrLoss" xlink:type="locator"/>
      <link:labelArc order="1.0" xlink:arcrole="http://www.xbrl.org/2003/arcrole/concept-label" xlink:from="lbl_InterestIncomeOnFinancialAssetsThatAreNotFairValueThroughProfitOrLoss" xlink:to="lbl_label415217095" xlink:type="arc"/>
      <link:label id="id_1f0d122d" xlink:label="lbl_label520950317" xlink:role="http://www.xbrl.org/2003/role/verboseLabel" xlink:type="resource" xml:lang="en">Further item of interest income on financial assets that are not at fair value through income and expenditure [component of corresponding total]</link:label>
      <link:loc xlink:href="https://xbrl.frc.org.uk/fr/2014-09-01/core/frc-core-2014-09-01.xsd#core_FurtherItemInterestIncomeOnFinancialAssetsThatAreNotFairValueThroughProfitOrLossComponentCorrespondingTotal" xlink:label="lbl_FurtherItemInterestIncomeOnFinancialAssetsThatAreNotFairValueThroughProfitOrLossComponentCorrespondingTotal" xlink:type="locator"/>
      <link:labelArc order="1.0" xlink:arcrole="http://www.xbrl.org/2003/arcrole/concept-label" xlink:from="lbl_FurtherItemInterestIncomeOnFinancialAssetsThatAreNotFairValueThroughProfitOrLossComponentCorrespondingTotal" xlink:to="lbl_label520950317" xlink:type="arc"/>
      <link:label id="id_2f0ecbac" xlink:label="lbl_label789498796" xlink:role="http://www.xbrl.org/2003/role/verboseLabel" xlink:type="resource" xml:lang="en">Interest income on financial assets at fair value through income and expenditure</link:label>
      <link:loc xlink:href="https://xbrl.frc.org.uk/fr/2014-09-01/core/frc-core-2014-09-01.xsd#core_InterestIncomeOnFinancialAssetsFairValueThroughProfitOrLoss" xlink:label="lbl_InterestIncomeOnFinancialAssetsFairValueThroughProfitOrLoss" xlink:type="locator"/>
      <link:labelArc order="1.0" xlink:arcrole="http://www.xbrl.org/2003/arcrole/concept-label" xlink:from="lbl_InterestIncomeOnFinancialAssetsFairValueThroughProfitOrLoss" xlink:to="lbl_label789498796" xlink:type="arc"/>
      <link:label id="id_117107e8" xlink:label="lbl_label292620264" xlink:role="http://www.xbrl.org/2003/role/verboseLabel" xlink:type="resource" xml:lang="en">Interest income on financial assets initially designated at fair value through income and expenditure</link:label>
      <link:loc xlink:href="https://xbrl.frc.org.uk/fr/2014-09-01/core/frc-core-2014-09-01.xsd#core_InterestIncomeOnFinancialAssetsInitiallyDesignatedFairValueThroughProfitOrLoss" xlink:label="lbl_InterestIncomeOnFinancialAssetsInitiallyDesignatedFairValueThroughProfitOrLoss" xlink:type="locator"/>
      <link:labelArc order="1.0" xlink:arcrole="http://www.xbrl.org/2003/arcrole/concept-label" xlink:from="lbl_InterestIncomeOnFinancialAssetsInitiallyDesignatedFairValueThroughProfitOrLoss" xlink:to="lbl_label292620264" xlink:type="arc"/>
      <link:label id="id_668fd3b2" xlink:label="lbl_label1720701874" xlink:role="http://www.xbrl.org/2003/role/verboseLabel" xlink:type="resource" xml:lang="en">Interest income on financial assets held for trading at fair value through income and expenditure</link:label>
      <link:loc xlink:href="https://xbrl.frc.org.uk/fr/2014-09-01/core/frc-core-2014-09-01.xsd#core_InterestIncomeOnFinancialAssetsHeldForTradingFairValueThroughProfitOrLoss" xlink:label="lbl_InterestIncomeOnFinancialAssetsHeldForTradingFairValueThroughProfitOrLoss" xlink:type="locator"/>
      <link:labelArc order="1.0" xlink:arcrole="http://www.xbrl.org/2003/arcrole/concept-label" xlink:from="lbl_InterestIncomeOnFinancialAssetsHeldForTradingFairValueThroughProfitOrLoss" xlink:to="lbl_label1720701874" xlink:type="arc"/>
      <link:label id="id_52b88ffa" xlink:label="lbl_label1387827194" xlink:role="http://www.xbrl.org/2003/role/verboseLabel" xlink:type="resource" xml:lang="en">Further item of interest income on financial assets at fair value through income and expenditure [component of corresponding total]</link:label>
      <link:loc xlink:href="https://xbrl.frc.org.uk/fr/2014-09-01/core/frc-core-2014-09-01.xsd#core_FurtherItemInterestIncomeOnFinancialAssetsFairValueThroughProfitOrLossComponentCorrespondingTotal" xlink:label="lbl_FurtherItemInterestIncomeOnFinancialAssetsFairValueThroughProfitOrLossComponentCorrespondingTotal" xlink:type="locator"/>
      <link:labelArc order="1.0" xlink:arcrole="http://www.xbrl.org/2003/arcrole/concept-label" xlink:from="lbl_FurtherItemInterestIncomeOnFinancialAssetsFairValueThroughProfitOrLossComponentCorrespondingTotal" xlink:to="lbl_label1387827194" xlink:type="arc"/>
      <link:label id="id_e9e9928" xlink:label="lbl_label245274920" xlink:role="http://www.xbrl.org/2003/role/verboseLabel" xlink:type="resource" xml:lang="en">Dividend income from financial assets at fair value through income and expenditure</link:label>
      <link:loc xlink:href="https://xbrl.frc.org.uk/fr/2014-09-01/core/frc-core-2014-09-01.xsd#core_DividendIncomeFromFinancialAssetsFairValueThroughProfitOrLoss" xlink:label="lbl_DividendIncomeFromFinancialAssetsFairValueThroughProfitOrLoss" xlink:type="locator"/>
      <link:labelArc order="1.0" xlink:arcrole="http://www.xbrl.org/2003/arcrole/concept-label" xlink:from="lbl_DividendIncomeFromFinancialAssetsFairValueThroughProfitOrLoss" xlink:to="lbl_label245274920" xlink:type="arc"/>
      <link:label id="id_6a813904" xlink:label="lbl_label1786853636" xlink:role="http://www.xbrl.org/2003/role/verboseLabel" xlink:type="resource" xml:lang="en">Fee income from financial assets that are not at fair value through income and expenditure</link:label>
      <link:loc xlink:href="https://xbrl.frc.org.uk/fr/2014-09-01/core/frc-core-2014-09-01.xsd#core_FeeIncomeFromFinancialAssetsThatAreNotFairValueThroughProfitOrLoss" xlink:label="lbl_FeeIncomeFromFinancialAssetsThatAreNotFairValueThroughProfitOrLoss" xlink:type="locator"/>
      <link:labelArc order="1.0" xlink:arcrole="http://www.xbrl.org/2003/arcrole/concept-label" xlink:from="lbl_FeeIncomeFromFinancialAssetsThatAreNotFairValueThroughProfitOrLoss" xlink:to="lbl_label1786853636" xlink:type="arc"/>
      <link:label id="id_9179029" xlink:label="lbl_label152539177" xlink:role="http://www.xbrl.org/2003/role/verboseLabel" xlink:type="resource" xml:lang="en">Further item of fee income from financial assets that are not at fair value through income and expenditure [component of corresponding total]</link:label>
      <link:loc xlink:href="https://xbrl.frc.org.uk/fr/2014-09-01/core/frc-core-2014-09-01.xsd#core_FurtherItemFeeIncomeFromFinancialAssetsThatAreNotFairValueThroughProfitOrLossComponentCorrespondingTotal" xlink:label="lbl_FurtherItemFeeIncomeFromFinancialAssetsThatAreNotFairValueThroughProfitOrLossComponentCorrespondingTotal" xlink:type="locator"/>
      <link:labelArc order="1.0" xlink:arcrole="http://www.xbrl.org/2003/arcrole/concept-label" xlink:from="lbl_FurtherItemFeeIncomeFromFinancialAssetsThatAreNotFairValueThroughProfitOrLossComponentCorrespondingTotal" xlink:to="lbl_label152539177" xlink:type="arc"/>
      <link:label id="id_5dcb4233" xlink:label="lbl_label1573601843" xlink:role="http://www.xbrl.org/2003/role/verboseLabel" xlink:type="resource" xml:lang="en">Interest expense on financial liabilities that are not at fair value through income and expenditure</link:label>
      <link:loc xlink:href="https://xbrl.frc.org.uk/fr/2014-09-01/core/frc-core-2014-09-01.xsd#core_InterestExpenseOnFinancialLiabilitiesThatAreNotFairValueThroughProfitOrLoss" xlink:label="lbl_InterestExpenseOnFinancialLiabilitiesThatAreNotFairValueThroughProfitOrLoss" xlink:type="locator"/>
      <link:labelArc order="1.0" xlink:arcrole="http://www.xbrl.org/2003/arcrole/concept-label" xlink:from="lbl_InterestExpenseOnFinancialLiabilitiesThatAreNotFairValueThroughProfitOrLoss" xlink:to="lbl_label1573601843" xlink:type="arc"/>
      <link:label id="id_779e9a2b" xlink:label="lbl_label2006882859" xlink:role="http://www.xbrl.org/2003/role/verboseLabel" xlink:type="resource" xml:lang="en">Interest expense on financial liabilities at fair value through income and expenditure</link:label>
      <link:loc xlink:href="https://xbrl.frc.org.uk/fr/2014-09-01/core/frc-core-2014-09-01.xsd#core_InterestExpenseOnFinancialLiabilitiesFairValueThroughProfitOrLoss" xlink:label="lbl_InterestExpenseOnFinancialLiabilitiesFairValueThroughProfitOrLoss" xlink:type="locator"/>
      <link:labelArc order="1.0" xlink:arcrole="http://www.xbrl.org/2003/arcrole/concept-label" xlink:from="lbl_InterestExpenseOnFinancialLiabilitiesFairValueThroughProfitOrLoss" xlink:to="lbl_label2006882859" xlink:type="arc"/>
      <link:label id="id_c384c7e" xlink:label="lbl_label205016190" xlink:role="http://www.xbrl.org/2003/role/verboseLabel" xlink:type="resource" xml:lang="en">Interest expense on financial liabilities initially designated at fair value through income and expenditure</link:label>
      <link:loc xlink:href="https://xbrl.frc.org.uk/fr/2014-09-01/core/frc-core-2014-09-01.xsd#core_InterestExpenseOnFinancialLiabilitiesInitiallyDesignatedFairValueThroughProfitOrLoss" xlink:label="lbl_InterestExpenseOnFinancialLiabilitiesInitiallyDesignatedFairValueThroughProfitOrLoss" xlink:type="locator"/>
      <link:labelArc order="1.0" xlink:arcrole="http://www.xbrl.org/2003/arcrole/concept-label" xlink:from="lbl_InterestExpenseOnFinancialLiabilitiesInitiallyDesignatedFairValueThroughProfitOrLoss" xlink:to="lbl_label205016190" xlink:type="arc"/>
      <link:label id="id_4364c364" xlink:label="lbl_label1130677092" xlink:role="http://www.xbrl.org/2003/role/verboseLabel" xlink:type="resource" xml:lang="en">Interest expense on financial liabilities held for trading at fair value through income and expenditure</link:label>
      <link:loc xlink:href="https://xbrl.frc.org.uk/fr/2014-09-01/core/frc-core-2014-09-01.xsd#core_InterestExpenseOnFinancialLiabilitiesHeldForTradingFairValueThroughProfitOrLoss" xlink:label="lbl_InterestExpenseOnFinancialLiabilitiesHeldForTradingFairValueThroughProfitOrLoss" xlink:type="locator"/>
      <link:labelArc order="1.0" xlink:arcrole="http://www.xbrl.org/2003/arcrole/concept-label" xlink:from="lbl_InterestExpenseOnFinancialLiabilitiesHeldForTradingFairValueThroughProfitOrLoss" xlink:to="lbl_label1130677092" xlink:type="arc"/>
      <link:label id="id_1d13d7be" xlink:label="lbl_label487839678" xlink:role="http://www.xbrl.org/2003/role/verboseLabel" xlink:type="resource" xml:lang="en">Fee expense on financial liabilities that are not at fair value through income and expenditure</link:label>
      <link:loc xlink:href="https://xbrl.frc.org.uk/fr/2014-09-01/core/frc-core-2014-09-01.xsd#core_FeeExpenseOnFinancialLiabilitiesThatAreNotFairValueThroughProfitOrLoss" xlink:label="lbl_FeeExpenseOnFinancialLiabilitiesThatAreNotFairValueThroughProfitOrLoss" xlink:type="locator"/>
      <link:labelArc order="1.0" xlink:arcrole="http://www.xbrl.org/2003/arcrole/concept-label" xlink:from="lbl_FeeExpenseOnFinancialLiabilitiesThatAreNotFairValueThroughProfitOrLoss" xlink:to="lbl_label487839678" xlink:type="arc"/>
      <link:label id="id_4456d11a" xlink:label="lbl_label1146540314" xlink:role="http://www.xbrl.org/2003/role/verboseLabel" xlink:type="resource" xml:lang="en">Gain (loss) on financial assets and liabilities at fair value through income and expenditure</link:label>
      <link:loc xlink:href="https://xbrl.frc.org.uk/fr/2014-09-01/core/frc-core-2014-09-01.xsd#core_GainLossOnFinancialAssetsLiabilitiesFairValueThroughProfitOrLoss" xlink:label="lbl_GainLossOnFinancialAssetsLiabilitiesFairValueThroughProfitOrLoss" xlink:type="locator"/>
      <link:labelArc order="1.0" xlink:arcrole="http://www.xbrl.org/2003/arcrole/concept-label" xlink:from="lbl_GainLossOnFinancialAssetsLiabilitiesFairValueThroughProfitOrLoss" xlink:to="lbl_label1146540314" xlink:type="arc"/>
      <link:label id="id_4f3c719d" xlink:label="lbl_label1329361309" xlink:role="http://www.xbrl.org/2003/role/verboseLabel" xlink:type="resource" xml:lang="en">Gain (loss) on financial assets at fair value through income and expenditure</link:label>
      <link:loc xlink:href="https://xbrl.frc.org.uk/fr/2014-09-01/core/frc-core-2014-09-01.xsd#core_GainLossOnFinancialAssetsFairValueThroughProfitOrLoss" xlink:label="lbl_GainLossOnFinancialAssetsFairValueThroughProfitOrLoss" xlink:type="locator"/>
      <link:labelArc order="1.0" xlink:arcrole="http://www.xbrl.org/2003/arcrole/concept-label" xlink:from="lbl_GainLossOnFinancialAssetsFairValueThroughProfitOrLoss" xlink:to="lbl_label1329361309" xlink:type="arc"/>
      <link:label id="id_6622d306" xlink:label="lbl_label1713558278" xlink:role="http://www.xbrl.org/2003/role/verboseLabel" xlink:type="resource" xml:lang="en">Gain (loss) on financial assets initially designated at fair value, recognised in income and expenditure</link:label>
      <link:loc xlink:href="https://xbrl.frc.org.uk/fr/2014-09-01/core/frc-core-2014-09-01.xsd#core_GainLossOnFinancialAssetsInitiallyDesignatedFairValueRecognisedInProfitOrLoss" xlink:label="lbl_GainLossOnFinancialAssetsInitiallyDesignatedFairValueRecognisedInProfitOrLoss" xlink:type="locator"/>
      <link:labelArc order="1.0" xlink:arcrole="http://www.xbrl.org/2003/arcrole/concept-label" xlink:from="lbl_GainLossOnFinancialAssetsInitiallyDesignatedFairValueRecognisedInProfitOrLoss" xlink:to="lbl_label1713558278" xlink:type="arc"/>
      <link:label id="id_71b4c24b" xlink:label="lbl_label1907671627" xlink:role="http://www.xbrl.org/2003/role/verboseLabel" xlink:type="resource" xml:lang="en">Gain (loss) on financial assets held for trading, recognised in income and expenditure</link:label>
      <link:loc xlink:href="https://xbrl.frc.org.uk/fr/2014-09-01/core/frc-core-2014-09-01.xsd#core_GainLossOnFinancialAssetsHeldForTradingRecognisedInProfitOrLoss" xlink:label="lbl_GainLossOnFinancialAssetsHeldForTradingRecognisedInProfitOrLoss" xlink:type="locator"/>
      <link:labelArc order="1.0" xlink:arcrole="http://www.xbrl.org/2003/arcrole/concept-label" xlink:from="lbl_GainLossOnFinancialAssetsHeldForTradingRecognisedInProfitOrLoss" xlink:to="lbl_label1907671627" xlink:type="arc"/>
      <link:label id="id_57539e33" xlink:label="lbl_label1465097779" xlink:role="http://www.xbrl.org/2003/role/verboseLabel" xlink:type="resource" xml:lang="en">Further item of gain (loss) on financial assets at fair value through income and expenditure [component of total gain (loss) on financial assets at fair value through income and expenditure]</link:label>
      <link:loc xlink:href="https://xbrl.frc.org.uk/fr/2014-09-01/core/frc-core-2014-09-01.xsd#core_FurtherItemGainLossOnFinancialAssetsFairValueThroughProfitOrLossComponentTotalGainLossOnFinancialAssetsFairValueThroughProfitOrLoss" xlink:label="lbl_FurtherItemGainLossOnFinancialAssetsFairValueThroughProfitOrLossComponentTotalGainLossOnFinancialAssetsFairValueThroughProfitOrLoss" xlink:type="locator"/>
      <link:labelArc order="1.0" xlink:arcrole="http://www.xbrl.org/2003/arcrole/concept-label" xlink:from="lbl_FurtherItemGainLossOnFinancialAssetsFairValueThroughProfitOrLossComponentTotalGainLossOnFinancialAssetsFairValueThroughProfitOrLoss" xlink:to="lbl_label1465097779" xlink:type="arc"/>
      <link:label id="id_df9b493" xlink:label="lbl_label234468499" xlink:role="http://www.xbrl.org/2003/role/verboseLabel" xlink:type="resource" xml:lang="en">Gain (loss) on derivative financial instruments at fair value through income and expenditure</link:label>
      <link:loc xlink:href="https://xbrl.frc.org.uk/fr/2014-09-01/core/frc-core-2014-09-01.xsd#core_GainLossOnDerivativeFinancialInstrumentsFairValueThroughProfitOrLoss" xlink:label="lbl_GainLossOnDerivativeFinancialInstrumentsFairValueThroughProfitOrLoss" xlink:type="locator"/>
      <link:labelArc order="1.0" xlink:arcrole="http://www.xbrl.org/2003/arcrole/concept-label" xlink:from="lbl_GainLossOnDerivativeFinancialInstrumentsFairValueThroughProfitOrLoss" xlink:to="lbl_label234468499" xlink:type="arc"/>
      <link:label id="id_39cb7772" xlink:label="lbl_label969635698" xlink:role="http://www.xbrl.org/2003/role/verboseLabel" xlink:type="resource" xml:lang="en">Gain (loss) on derivative financial instruments initially designated at fair value, recognised in income and expenditure</link:label>
      <link:loc xlink:href="https://xbrl.frc.org.uk/fr/2014-09-01/core/frc-core-2014-09-01.xsd#core_GainLossOnDerivativeFinancialInstrumentsInitiallyDesignatedFairValueRecognisedInProfitOrLoss" xlink:label="lbl_GainLossOnDerivativeFinancialInstrumentsInitiallyDesignatedFairValueRecognisedInProfitOrLoss" xlink:type="locator"/>
      <link:labelArc order="1.0" xlink:arcrole="http://www.xbrl.org/2003/arcrole/concept-label" xlink:from="lbl_GainLossOnDerivativeFinancialInstrumentsInitiallyDesignatedFairValueRecognisedInProfitOrLoss" xlink:to="lbl_label969635698" xlink:type="arc"/>
      <link:label id="id_33fe39a" xlink:label="lbl_label54518682" xlink:role="http://www.xbrl.org/2003/role/verboseLabel" xlink:type="resource" xml:lang="en">Gain (loss) on derivative financial instruments held for trading, recognised in income and expenditure</link:label>
      <link:loc xlink:href="https://xbrl.frc.org.uk/fr/2014-09-01/core/frc-core-2014-09-01.xsd#core_GainLossOnDerivativeFinancialInstrumentsHeldForTradingRecognisedInProfitOrLoss" xlink:label="lbl_GainLossOnDerivativeFinancialInstrumentsHeldForTradingRecognisedInProfitOrLoss" xlink:type="locator"/>
      <link:labelArc order="1.0" xlink:arcrole="http://www.xbrl.org/2003/arcrole/concept-label" xlink:from="lbl_GainLossOnDerivativeFinancialInstrumentsHeldForTradingRecognisedInProfitOrLoss" xlink:to="lbl_label54518682" xlink:type="arc"/>
      <link:label id="id_622330ba" xlink:label="lbl_label1646473402" xlink:role="http://www.xbrl.org/2003/role/verboseLabel" xlink:type="resource" xml:lang="en">Further item of gain (loss) on derivative financial instruments at fair value through income and expenditure [component of total gain (loss) on derivative financial instruments at fair value through income and expenditure]</link:label>
      <link:loc xlink:href="https://xbrl.frc.org.uk/fr/2014-09-01/core/frc-core-2014-09-01.xsd#core_FurtherItemGainLossOnDerivativeFinancialInstrumentsFairValueThroughProfitOrLossComponentTotalGainLossOnDerivativeFinancialInstrumentsFairValueThroughProfitOrLoss" xlink:label="lbl_FurtherItemGainLossOnDerivativeFinancialInstrumentsFairValueThroughProfitOrLossComponentTotalGainLossOnDerivativeFinancialInstrumentsFairValueThroughProfitOrLoss" xlink:type="locator"/>
      <link:labelArc order="1.0" xlink:arcrole="http://www.xbrl.org/2003/arcrole/concept-label" xlink:from="lbl_FurtherItemGainLossOnDerivativeFinancialInstrumentsFairValueThroughProfitOrLossComponentTotalGainLossOnDerivativeFinancialInstrumentsFairValueThroughProfitOrLoss" xlink:to="lbl_label1646473402" xlink:type="arc"/>
      <link:label id="id_58aef06f" xlink:label="lbl_label1487859823" xlink:role="http://www.xbrl.org/2003/role/verboseLabel" xlink:type="resource" xml:lang="en">Gain (loss) on financial liabilities at fair value through income and expenditure</link:label>
      <link:loc xlink:href="https://xbrl.frc.org.uk/fr/2014-09-01/core/frc-core-2014-09-01.xsd#core_GainLossOnFinancialLiabilitiesFairValueThroughProfitOrLoss" xlink:label="lbl_GainLossOnFinancialLiabilitiesFairValueThroughProfitOrLoss" xlink:type="locator"/>
      <link:labelArc order="1.0" xlink:arcrole="http://www.xbrl.org/2003/arcrole/concept-label" xlink:from="lbl_GainLossOnFinancialLiabilitiesFairValueThroughProfitOrLoss" xlink:to="lbl_label1487859823" xlink:type="arc"/>
      <link:label id="id_11399cbb" xlink:label="lbl_label288988347" xlink:role="http://www.xbrl.org/2003/role/verboseLabel" xlink:type="resource" xml:lang="en">Gain (loss) on financial liabilities initially designated at fair value, recognised in income and expenditure</link:label>
      <link:loc xlink:href="https://xbrl.frc.org.uk/fr/2014-09-01/core/frc-core-2014-09-01.xsd#core_GainLossOnFinancialLiabilitiesInitiallyDesignatedFairValueRecognisedInProfitOrLoss" xlink:label="lbl_GainLossOnFinancialLiabilitiesInitiallyDesignatedFairValueRecognisedInProfitOrLoss" xlink:type="locator"/>
      <link:labelArc order="1.0" xlink:arcrole="http://www.xbrl.org/2003/arcrole/concept-label" xlink:from="lbl_GainLossOnFinancialLiabilitiesInitiallyDesignatedFairValueRecognisedInProfitOrLoss" xlink:to="lbl_label288988347" xlink:type="arc"/>
      <link:label id="id_6f357d7e" xlink:label="lbl_label1865776510" xlink:role="http://www.xbrl.org/2003/role/verboseLabel" xlink:type="resource" xml:lang="en">Gain (loss) on financial liabilities held for trading, recognised in income and expenditure</link:label>
      <link:loc xlink:href="https://xbrl.frc.org.uk/fr/2014-09-01/core/frc-core-2014-09-01.xsd#core_GainLossOnFinancialLiabilitiesHeldForTradingRecognisedInProfitOrLoss" xlink:label="lbl_GainLossOnFinancialLiabilitiesHeldForTradingRecognisedInProfitOrLoss" xlink:type="locator"/>
      <link:labelArc order="1.0" xlink:arcrole="http://www.xbrl.org/2003/arcrole/concept-label" xlink:from="lbl_GainLossOnFinancialLiabilitiesHeldForTradingRecognisedInProfitOrLoss" xlink:to="lbl_label1865776510" xlink:type="arc"/>
      <link:label id="id_19835e54" xlink:label="lbl_label428039764" xlink:role="http://www.xbrl.org/2003/role/verboseLabel" xlink:type="resource" xml:lang="en">Further item of gain (loss) on financial liabilities at fair value through income and expenditure [component of total gain (loss) on financial liabilities at fair value through income and expenditure]</link:label>
      <link:loc xlink:href="https://xbrl.frc.org.uk/fr/2014-09-01/core/frc-core-2014-09-01.xsd#core_FurtherItemGainLossOnFinancialLiabilitiesFairValueThroughProfitOrLossComponentTotalGainLossOnFinancialLiabilitiesFairValueThroughProfitOrLoss" xlink:label="lbl_FurtherItemGainLossOnFinancialLiabilitiesFairValueThroughProfitOrLossComponentTotalGainLossOnFinancialLiabilitiesFairValueThroughProfitOrLoss" xlink:type="locator"/>
      <link:labelArc order="1.0" xlink:arcrole="http://www.xbrl.org/2003/arcrole/concept-label" xlink:from="lbl_FurtherItemGainLossOnFinancialLiabilitiesFairValueThroughProfitOrLossComponentTotalGainLossOnFinancialLiabilitiesFairValueThroughProfitOrLoss" xlink:to="lbl_label428039764" xlink:type="arc"/>
      <link:label id="id_3c8c4930" xlink:label="lbl_label1015826736" xlink:role="http://www.xbrl.org/2003/role/verboseLabel" xlink:type="resource" xml:lang="en">Gain (loss) on financial assets and liabilities, recognised in income and expenditure, free-text comment</link:label>
      <link:loc xlink:href="https://xbrl.frc.org.uk/fr/2014-09-01/core/frc-core-2014-09-01.xsd#core_GainLossOnFinancialAssetsLiabilitiesRecognisedInProfitOrLossFree-textComment" xlink:label="lbl_GainLossOnFinancialAssetsLiabilitiesRecognisedInProfitOrLossFree-textComment" xlink:type="locator"/>
      <link:labelArc order="1.0" xlink:arcrole="http://www.xbrl.org/2003/arcrole/concept-label" xlink:from="lbl_GainLossOnFinancialAssetsLiabilitiesRecognisedInProfitOrLossFree-textComment" xlink:to="lbl_label1015826736" xlink:type="arc"/>
      <link:label id="id_28a0c46" xlink:label="lbl_label42601542" xlink:role="http://www.xbrl.org/2003/role/verboseLabel" xlink:type="resource" xml:lang="en">Gain (loss) on hedge accounting recognised in income and expenditure</link:label>
      <link:loc xlink:href="https://xbrl.frc.org.uk/fr/2014-09-01/core/frc-core-2014-09-01.xsd#core_GainLossOnHedgeAccountingRecognisedInProfitLoss" xlink:label="lbl_GainLossOnHedgeAccountingRecognisedInProfitLoss" xlink:type="locator"/>
      <link:labelArc order="1.0" xlink:arcrole="http://www.xbrl.org/2003/arcrole/concept-label" xlink:from="lbl_GainLossOnHedgeAccountingRecognisedInProfitLoss" xlink:to="lbl_label42601542" xlink:type="arc"/>
      <link:label id="id_783d3145" xlink:label="lbl_label2017276229" xlink:role="http://www.xbrl.org/2003/role/verboseLabel" xlink:type="resource" xml:lang="en">Gain (loss) on ineffectiveness of cash flow hedges recognised in income and expenditure</link:label>
      <link:loc xlink:href="https://xbrl.frc.org.uk/fr/2014-09-01/core/frc-core-2014-09-01.xsd#core_GainLossOnIneffectivenessCashFlowHedgesRecognisedInProfitOrLoss" xlink:label="lbl_GainLossOnIneffectivenessCashFlowHedgesRecognisedInProfitOrLoss" xlink:type="locator"/>
      <link:labelArc order="1.0" xlink:arcrole="http://www.xbrl.org/2003/arcrole/concept-label" xlink:from="lbl_GainLossOnIneffectivenessCashFlowHedgesRecognisedInProfitOrLoss" xlink:to="lbl_label2017276229" xlink:type="arc"/>
      <link:label id="id_225312bf" xlink:label="lbl_label575869631" xlink:role="http://www.xbrl.org/2003/role/verboseLabel" xlink:type="resource" xml:lang="en">Gain (loss) on ineffectiveness of net investment hedge recognised in income and expenditure</link:label>
      <link:loc xlink:href="https://xbrl.frc.org.uk/fr/2014-09-01/core/frc-core-2014-09-01.xsd#core_GainLossOnIneffectivenessNetInvestmentHedgeRecognisedInProfitLoss" xlink:label="lbl_GainLossOnIneffectivenessNetInvestmentHedgeRecognisedInProfitLoss" xlink:type="locator"/>
      <link:labelArc order="1.0" xlink:arcrole="http://www.xbrl.org/2003/arcrole/concept-label" xlink:from="lbl_GainLossOnIneffectivenessNetInvestmentHedgeRecognisedInProfitLoss" xlink:to="lbl_label575869631" xlink:type="arc"/>
      <link:label id="id_58f35932" xlink:label="lbl_label1492343090" xlink:role="http://www.xbrl.org/2003/role/verboseLabel" xlink:type="resource" xml:lang="en">Gain (loss) on reclassification of cash flow hedges recognised in income and expenditure</link:label>
      <link:loc xlink:href="https://xbrl.frc.org.uk/fr/2014-09-01/core/frc-core-2014-09-01.xsd#core_GainLossOnReclassificationCashFlowHedgesRecognisedInProfitOrLoss" xlink:label="lbl_GainLossOnReclassificationCashFlowHedgesRecognisedInProfitOrLoss" xlink:type="locator"/>
      <link:labelArc order="1.0" xlink:arcrole="http://www.xbrl.org/2003/arcrole/concept-label" xlink:from="lbl_GainLossOnReclassificationCashFlowHedgesRecognisedInProfitOrLoss" xlink:to="lbl_label1492343090" xlink:type="arc"/>
      <link:label id="id_e872e86" xlink:label="lbl_label243740294" xlink:role="http://www.xbrl.org/2003/role/verboseLabel" xlink:type="resource" xml:lang="en">Further item of gain (loss) on hedge accounting recognised in income and expenditure [component of corresponding total]</link:label>
      <link:loc xlink:href="https://xbrl.frc.org.uk/fr/2014-09-01/core/frc-core-2014-09-01.xsd#core_FurtherItemGainLossOnHedgeAccountingRecognisedInProfitOrLossComponentCorrespondingTotal" xlink:label="lbl_FurtherItemGainLossOnHedgeAccountingRecognisedInProfitOrLossComponentCorrespondingTotal" xlink:type="locator"/>
      <link:labelArc order="1.0" xlink:arcrole="http://www.xbrl.org/2003/arcrole/concept-label" xlink:from="lbl_FurtherItemGainLossOnHedgeAccountingRecognisedInProfitOrLossComponentCorrespondingTotal" xlink:to="lbl_label243740294" xlink:type="arc"/>
      <link:label id="id_22b5fd7b" xlink:label="lbl_label582352251" xlink:role="http://www.xbrl.org/2003/role/verboseLabel" xlink:type="resource" xml:lang="en">Gain (loss) on financial instruments not at fair value through income and expenditure from foreign exchange differences</link:label>
      <link:loc xlink:href="https://xbrl.frc.org.uk/fr/2014-09-01/core/frc-core-2014-09-01.xsd#core_GainLossOnFinancialInstrumentsNotFairValueThroughProfitOrLossFromForeignExchangeDifferences" xlink:label="lbl_GainLossOnFinancialInstrumentsNotFairValueThroughProfitOrLossFromForeignExchangeDifferences" xlink:type="locator"/>
      <link:labelArc order="1.0" xlink:arcrole="http://www.xbrl.org/2003/arcrole/concept-label" xlink:from="lbl_GainLossOnFinancialInstrumentsNotFairValueThroughProfitOrLossFromForeignExchangeDifferences" xlink:to="lbl_label582352251" xlink:type="arc"/>
      <link:label id="id_3fd48e4d" xlink:label="lbl_label1070894669" xlink:role="http://www.xbrl.org/2003/role/verboseLabel" xlink:type="resource" xml:lang="en">Increase (decrease) from revaluations recognised or reversed in income and expenditure, property, plant and equipment</link:label>
      <link:loc xlink:href="https://xbrl.frc.org.uk/fr/2014-09-01/core/frc-core-2014-09-01.xsd#core_IncreaseDecreaseFromRevaluationsRecognisedOrReversedInProfitOrLossPropertyPlantEquipment" xlink:label="lbl_IncreaseDecreaseFromRevaluationsRecognisedOrReversedInProfitOrLossPropertyPlantEquipment" xlink:type="locator"/>
      <link:labelArc order="1.0" xlink:arcrole="http://www.xbrl.org/2003/arcrole/concept-label" xlink:from="lbl_IncreaseDecreaseFromRevaluationsRecognisedOrReversedInProfitOrLossPropertyPlantEquipment" xlink:to="lbl_label1070894669" xlink:type="arc"/>
      <link:label id="id_683e88ab" xlink:label="lbl_label1748928683" xlink:role="http://www.xbrl.org/2003/role/verboseLabel" xlink:type="resource" xml:lang="en">Increase (decrease) from impairment loss recognised or reversed in income and expenditure, property, plant and equipment</link:label>
      <link:loc xlink:href="https://xbrl.frc.org.uk/fr/2014-09-01/core/frc-core-2014-09-01.xsd#core_IncreaseDecreaseFromImpairmentLossRecognisedOrReversedInProfitOrLossPropertyPlantEquipment" xlink:label="lbl_IncreaseDecreaseFromImpairmentLossRecognisedOrReversedInProfitOrLossPropertyPlantEquipment" xlink:type="locator"/>
      <link:labelArc order="1.0" xlink:arcrole="http://www.xbrl.org/2003/arcrole/concept-label" xlink:from="lbl_IncreaseDecreaseFromImpairmentLossRecognisedOrReversedInProfitOrLossPropertyPlantEquipment" xlink:to="lbl_label1748928683" xlink:type="arc"/>
      <link:label id="id_7bff7f4b" xlink:label="lbl_label2080341835" xlink:role="http://www.xbrl.org/2003/role/verboseLabel" xlink:type="resource" xml:lang="en">Increase from impairment loss recognised in income and expenditure, property, plant and equipment</link:label>
      <link:loc xlink:href="https://xbrl.frc.org.uk/fr/2014-09-01/core/frc-core-2014-09-01.xsd#core_IncreaseFromImpairmentLossRecognisedInProfitOrLossPropertyPlantEquipment" xlink:label="lbl_IncreaseFromImpairmentLossRecognisedInProfitOrLossPropertyPlantEquipment" xlink:type="locator"/>
      <link:labelArc order="1.0" xlink:arcrole="http://www.xbrl.org/2003/arcrole/concept-label" xlink:from="lbl_IncreaseFromImpairmentLossRecognisedInProfitOrLossPropertyPlantEquipment" xlink:to="lbl_label2080341835" xlink:type="arc"/>
      <link:label id="id_37a6cae1" xlink:label="lbl_label933677793" xlink:role="http://www.xbrl.org/2003/role/verboseLabel" xlink:type="resource" xml:lang="en">Decrease from reversal of impairment loss recognised in income and expenditure, property, plant and equipment</link:label>
      <link:loc xlink:href="https://xbrl.frc.org.uk/fr/2014-09-01/core/frc-core-2014-09-01.xsd#core_DecreaseFromReversalImpairmentLossRecognisedInProfitOrLossPropertyPlantEquipment" xlink:label="lbl_DecreaseFromReversalImpairmentLossRecognisedInProfitOrLossPropertyPlantEquipment" xlink:type="locator"/>
      <link:labelArc order="1.0" xlink:arcrole="http://www.xbrl.org/2003/arcrole/concept-label" xlink:from="lbl_DecreaseFromReversalImpairmentLossRecognisedInProfitOrLossPropertyPlantEquipment" xlink:to="lbl_label933677793" xlink:type="arc"/>
      <link:label id="id_4e3e7beb" xlink:label="lbl_label1312717803" xlink:role="http://www.xbrl.org/2003/role/verboseLabel" xlink:type="resource" xml:lang="en">Amount of compensation from third parties for property, plant and equipment impaired, lost or given up that is included in income and expenditure</link:label>
      <link:loc xlink:href="https://xbrl.frc.org.uk/fr/2014-09-01/core/frc-core-2014-09-01.xsd#core_AmountCompensationFromThirdPartiesForPropertyPlantEquipmentImpairedLostOrGivenUpThatIncludedInProfitOrLoss" xlink:label="lbl_AmountCompensationFromThirdPartiesForPropertyPlantEquipmentImpairedLostOrGivenUpThatIncludedInProfitOrLoss" xlink:type="locator"/>
      <link:labelArc order="1.0" xlink:arcrole="http://www.xbrl.org/2003/arcrole/concept-label" xlink:from="lbl_AmountCompensationFromThirdPartiesForPropertyPlantEquipmentImpairedLostOrGivenUpThatIncludedInProfitOrLoss" xlink:to="lbl_label1312717803" xlink:type="arc"/>
      <link:label id="id_44e6fd20" xlink:label="lbl_label1155988768" xlink:role="http://www.xbrl.org/2003/role/verboseLabel" xlink:type="resource" xml:lang="en">Increase (decrease) from revaluations recognised or reversed in income and expenditure, biological assets, cost model</link:label>
      <link:loc xlink:href="https://xbrl.frc.org.uk/fr/2014-09-01/core/frc-core-2014-09-01.xsd#core_IncreaseDecreaseFromRevaluationsRecognisedOrReversedInProfitOrLossBiologicalAssetsCostModel" xlink:label="lbl_IncreaseDecreaseFromRevaluationsRecognisedOrReversedInProfitOrLossBiologicalAssetsCostModel" xlink:type="locator"/>
      <link:labelArc order="1.0" xlink:arcrole="http://www.xbrl.org/2003/arcrole/concept-label" xlink:from="lbl_IncreaseDecreaseFromRevaluationsRecognisedOrReversedInProfitOrLossBiologicalAssetsCostModel" xlink:to="lbl_label1155988768" xlink:type="arc"/>
      <link:label id="id_5eb7738d" xlink:label="lbl_label1589080973" xlink:role="http://www.xbrl.org/2003/role/verboseLabel" xlink:type="resource" xml:lang="en">Increase (decrease) from impairment loss recognised or reversed in income and expenditure, biological assets, cost model</link:label>
      <link:loc xlink:href="https://xbrl.frc.org.uk/fr/2014-09-01/core/frc-core-2014-09-01.xsd#core_IncreaseDecreaseFromImpairmentLossRecognisedOrReversedInProfitOrLossBiologicalAssetsCostModel" xlink:label="lbl_IncreaseDecreaseFromImpairmentLossRecognisedOrReversedInProfitOrLossBiologicalAssetsCostModel" xlink:type="locator"/>
      <link:labelArc order="1.0" xlink:arcrole="http://www.xbrl.org/2003/arcrole/concept-label" xlink:from="lbl_IncreaseDecreaseFromImpairmentLossRecognisedOrReversedInProfitOrLossBiologicalAssetsCostModel" xlink:to="lbl_label1589080973" xlink:type="arc"/>
      <link:label id="id_10851152" xlink:label="lbl_label277156178" xlink:role="http://www.xbrl.org/2003/role/verboseLabel" xlink:type="resource" xml:lang="en">Increase from impairment loss recognised in income and expenditure, biological assets, cost model</link:label>
      <link:loc xlink:href="https://xbrl.frc.org.uk/fr/2014-09-01/core/frc-core-2014-09-01.xsd#core_IncreaseFromImpairmentLossRecognisedInProfitOrLossBiologicalAssetsCostModel" xlink:label="lbl_IncreaseFromImpairmentLossRecognisedInProfitOrLossBiologicalAssetsCostModel" xlink:type="locator"/>
      <link:labelArc order="1.0" xlink:arcrole="http://www.xbrl.org/2003/arcrole/concept-label" xlink:from="lbl_IncreaseFromImpairmentLossRecognisedInProfitOrLossBiologicalAssetsCostModel" xlink:to="lbl_label277156178" xlink:type="arc"/>
      <link:label id="id_219e3e8f" xlink:label="lbl_label564018831" xlink:role="http://www.xbrl.org/2003/role/verboseLabel" xlink:type="resource" xml:lang="en">Decrease from reversal of impairment loss recognised in income and expenditure, biological assets, cost model</link:label>
      <link:loc xlink:href="https://xbrl.frc.org.uk/fr/2014-09-01/core/frc-core-2014-09-01.xsd#core_DecreaseFromReversalImpairmentLossRecognisedInProfitOrLossBiologicalAssetsCostModel" xlink:label="lbl_DecreaseFromReversalImpairmentLossRecognisedInProfitOrLossBiologicalAssetsCostModel" xlink:type="locator"/>
      <link:labelArc order="1.0" xlink:arcrole="http://www.xbrl.org/2003/arcrole/concept-label" xlink:from="lbl_DecreaseFromReversalImpairmentLossRecognisedInProfitOrLossBiologicalAssetsCostModel" xlink:to="lbl_label564018831" xlink:type="arc"/>
      <link:label id="id_38b2f7d8" xlink:label="lbl_label951252952" xlink:role="http://www.xbrl.org/2003/role/verboseLabel" xlink:type="resource" xml:lang="en">Stocks [heading]</link:label>
      <link:loc xlink:href="https://xbrl.frc.org.uk/fr/2014-09-01/core/frc-core-2014-09-01.xsd#core_InventoriesHeading" xlink:label="lbl_InventoriesHeading" xlink:type="locator"/>
      <link:labelArc order="1.0" xlink:arcrole="http://www.xbrl.org/2003/arcrole/concept-label" xlink:from="lbl_InventoriesHeading" xlink:to="lbl_label951252952" xlink:type="arc"/>
      <link:label id="id_3e63064" xlink:label="lbl_label65417316" xlink:role="http://www.xbrl.org/2003/role/verboseLabel" xlink:type="resource" xml:lang="en">Use current / non-current stocks dimension to identify current and non-current values [guidance]</link:label>
      <link:loc xlink:href="https://xbrl.frc.org.uk/fr/2014-09-01/core/frc-core-2014-09-01.xsd#core_UseCurrentNon-currentInventoriesDimensionToIdentifyCurrentNon-currentValuesGuidance" xlink:label="lbl_UseCurrentNon-currentInventoriesDimensionToIdentifyCurrentNon-currentValuesGuidance" xlink:type="locator"/>
      <link:labelArc order="1.0" xlink:arcrole="http://www.xbrl.org/2003/arcrole/concept-label" xlink:from="lbl_UseCurrentNon-currentInventoriesDimensionToIdentifyCurrentNon-currentValuesGuidance" xlink:to="lbl_label65417316" xlink:type="arc"/>
      <link:label id="id_d1e55c" xlink:label="lbl_label13755740" xlink:role="http://www.xbrl.org/2003/role/verboseLabel" xlink:type="resource" xml:lang="en">Total stocks</link:label>
      <link:loc xlink:href="https://xbrl.frc.org.uk/fr/2014-09-01/core/frc-core-2014-09-01.xsd#core_TotalInventories" xlink:label="lbl_TotalInventories" xlink:type="locator"/>
      <link:labelArc order="1.0" xlink:arcrole="http://www.xbrl.org/2003/arcrole/concept-label" xlink:from="lbl_TotalInventories" xlink:to="lbl_label13755740" xlink:type="arc"/>
      <link:label id="id_2e317f" xlink:label="lbl_label3027327" xlink:role="http://www.xbrl.org/2003/role/verboseLabel" xlink:type="resource" xml:lang="en">Payments on account, stocks</link:label>
      <link:loc xlink:href="https://xbrl.frc.org.uk/fr/2014-09-01/core/frc-core-2014-09-01.xsd#core_PaymentsOnAccountInventories" xlink:label="lbl_PaymentsOnAccountInventories" xlink:type="locator"/>
      <link:labelArc order="1.0" xlink:arcrole="http://www.xbrl.org/2003/arcrole/concept-label" xlink:from="lbl_PaymentsOnAccountInventories" xlink:to="lbl_label3027327" xlink:type="arc"/>
      <link:label id="id_864704" xlink:label="lbl_label8800004" xlink:role="http://www.xbrl.org/2003/role/verboseLabel" xlink:type="resource" xml:lang="en">Further item of stocks [component of total stocks]</link:label>
      <link:loc xlink:href="https://xbrl.frc.org.uk/fr/2014-09-01/core/frc-core-2014-09-01.xsd#core_FurtherItemInventoriesComponentTotalInventories" xlink:label="lbl_FurtherItemInventoriesComponentTotalInventories" xlink:type="locator"/>
      <link:labelArc order="1.0" xlink:arcrole="http://www.xbrl.org/2003/arcrole/concept-label" xlink:from="lbl_FurtherItemInventoriesComponentTotalInventories" xlink:to="lbl_label8800004" xlink:type="arc"/>
      <link:label id="id_448c30" xlink:label="lbl_label4492336" xlink:role="http://www.xbrl.org/2003/role/verboseLabel" xlink:type="resource" xml:lang="en">Other stocks</link:label>
      <link:loc xlink:href="https://xbrl.frc.org.uk/fr/2014-09-01/core/frc-core-2014-09-01.xsd#core_OtherInventories" xlink:label="lbl_OtherInventories" xlink:type="locator"/>
      <link:labelArc order="1.0" xlink:arcrole="http://www.xbrl.org/2003/arcrole/concept-label" xlink:from="lbl_OtherInventories" xlink:to="lbl_label4492336" xlink:type="arc"/>
      <link:label id="id_194abc3" xlink:label="lbl_label26520515" xlink:role="http://www.xbrl.org/2003/role/verboseLabel" xlink:type="resource" xml:lang="en">Stocks at fair value less costs to sell / net realisable value</link:label>
      <link:loc xlink:href="https://xbrl.frc.org.uk/fr/2014-09-01/core/frc-core-2014-09-01.xsd#core_InventoriesFairValueLessCostsToSellNetRealisableValue" xlink:label="lbl_InventoriesFairValueLessCostsToSellNetRealisableValue" xlink:type="locator"/>
      <link:labelArc order="1.0" xlink:arcrole="http://www.xbrl.org/2003/arcrole/concept-label" xlink:from="lbl_InventoriesFairValueLessCostsToSellNetRealisableValue" xlink:to="lbl_label26520515" xlink:type="arc"/>
      <link:label id="id_13fb9d6" xlink:label="lbl_label20953558" xlink:role="http://www.xbrl.org/2003/role/verboseLabel" xlink:type="resource" xml:lang="en">Cost of stocks recognised as expense, net of write downs and reversals</link:label>
      <link:loc xlink:href="https://xbrl.frc.org.uk/fr/2014-09-01/core/frc-core-2014-09-01.xsd#core_CostInventoriesRecognisedAsExpenseNetWriteDownsReversals" xlink:label="lbl_CostInventoriesRecognisedAsExpenseNetWriteDownsReversals" xlink:type="locator"/>
      <link:labelArc order="1.0" xlink:arcrole="http://www.xbrl.org/2003/arcrole/concept-label" xlink:from="lbl_CostInventoriesRecognisedAsExpenseNetWriteDownsReversals" xlink:to="lbl_label20953558" xlink:type="arc"/>
      <link:label id="id_4c4a93" xlink:label="lbl_label4999827" xlink:role="http://www.xbrl.org/2003/role/verboseLabel" xlink:type="resource" xml:lang="en">Cost of stocks recognised as expense, gross</link:label>
      <link:loc xlink:href="https://xbrl.frc.org.uk/fr/2014-09-01/core/frc-core-2014-09-01.xsd#core_CostInventoriesRecognisedAsExpenseGross" xlink:label="lbl_CostInventoriesRecognisedAsExpenseGross" xlink:type="locator"/>
      <link:labelArc order="1.0" xlink:arcrole="http://www.xbrl.org/2003/arcrole/concept-label" xlink:from="lbl_CostInventoriesRecognisedAsExpenseGross" xlink:to="lbl_label4999827" xlink:type="arc"/>
      <link:label id="id_ef018b" xlink:label="lbl_label15663499" xlink:role="http://www.xbrl.org/2003/role/verboseLabel" xlink:type="resource" xml:lang="en">Loss (gain) from write-downs and reversals of stocks</link:label>
      <link:loc xlink:href="https://xbrl.frc.org.uk/fr/2014-09-01/core/frc-core-2014-09-01.xsd#core_LossGainFromWrite-downsReversalsInventories" xlink:label="lbl_LossGainFromWrite-downsReversalsInventories" xlink:type="locator"/>
      <link:labelArc order="1.0" xlink:arcrole="http://www.xbrl.org/2003/arcrole/concept-label" xlink:from="lbl_LossGainFromWrite-downsReversalsInventories" xlink:to="lbl_label15663499" xlink:type="arc"/>
      <link:label id="id_f0f9c5" xlink:label="lbl_label15792581" xlink:role="http://www.xbrl.org/2003/role/verboseLabel" xlink:type="resource" xml:lang="en">Stocks write-down expense, gross</link:label>
      <link:loc xlink:href="https://xbrl.frc.org.uk/fr/2014-09-01/core/frc-core-2014-09-01.xsd#core_InventoryWrite-downExpenseGross" xlink:label="lbl_InventoryWrite-downExpenseGross" xlink:type="locator"/>
      <link:labelArc order="1.0" xlink:arcrole="http://www.xbrl.org/2003/arcrole/concept-label" xlink:from="lbl_InventoryWrite-downExpenseGross" xlink:to="lbl_label15792581" xlink:type="arc"/>
      <link:label id="id_18a87bc" xlink:label="lbl_label25855932" xlink:role="http://www.xbrl.org/2003/role/verboseLabel" xlink:type="resource" xml:lang="en">Reversal of stocks write-down, gross</link:label>
      <link:loc xlink:href="https://xbrl.frc.org.uk/fr/2014-09-01/core/frc-core-2014-09-01.xsd#core_ReversalInventoryWrite-downGross" xlink:label="lbl_ReversalInventoryWrite-downGross" xlink:type="locator"/>
      <link:labelArc order="1.0" xlink:arcrole="http://www.xbrl.org/2003/arcrole/concept-label" xlink:from="lbl_ReversalInventoryWrite-downGross" xlink:to="lbl_label25855932" xlink:type="arc"/>
      <link:label id="id_15efd87" xlink:label="lbl_label23002503" xlink:role="http://www.xbrl.org/2003/role/verboseLabel" xlink:type="resource" xml:lang="en">Description of circumstances leading to reversals of stock write-down</link:label>
      <link:loc xlink:href="https://xbrl.frc.org.uk/fr/2014-09-01/core/frc-core-2014-09-01.xsd#core_DescriptionCircumstancesLeadingToReversalsInventoryWrite-down" xlink:label="lbl_DescriptionCircumstancesLeadingToReversalsInventoryWrite-down" xlink:type="locator"/>
      <link:labelArc order="1.0" xlink:arcrole="http://www.xbrl.org/2003/arcrole/concept-label" xlink:from="lbl_DescriptionCircumstancesLeadingToReversalsInventoryWrite-down" xlink:to="lbl_label23002503" xlink:type="arc"/>
      <link:label id="id_1d32231" xlink:label="lbl_label30614065" xlink:role="http://www.xbrl.org/2003/role/verboseLabel" xlink:type="resource" xml:lang="en">Stocks pledged as security for liabilities, carrying amount</link:label>
      <link:loc xlink:href="https://xbrl.frc.org.uk/fr/2014-09-01/core/frc-core-2014-09-01.xsd#core_InventoriesPledgedAsSecurityForLiabilitiesCarryingAmount" xlink:label="lbl_InventoriesPledgedAsSecurityForLiabilitiesCarryingAmount" xlink:type="locator"/>
      <link:labelArc order="1.0" xlink:arcrole="http://www.xbrl.org/2003/arcrole/concept-label" xlink:from="lbl_InventoriesPledgedAsSecurityForLiabilitiesCarryingAmount" xlink:to="lbl_label30614065" xlink:type="arc"/>
      <link:label id="id_289e79" xlink:label="lbl_label2662009" xlink:role="http://www.xbrl.org/2003/role/verboseLabel" xlink:type="resource" xml:lang="en">Description of stocks pledged as security for liabilities</link:label>
      <link:loc xlink:href="https://xbrl.frc.org.uk/fr/2014-09-01/core/frc-core-2014-09-01.xsd#core_DescriptionInventoriesPledgedAsSecurityForLiabilities" xlink:label="lbl_DescriptionInventoriesPledgedAsSecurityForLiabilities" xlink:type="locator"/>
      <link:labelArc order="1.0" xlink:arcrole="http://www.xbrl.org/2003/arcrole/concept-label" xlink:from="lbl_DescriptionInventoriesPledgedAsSecurityForLiabilities" xlink:to="lbl_label2662009" xlink:type="arc"/>
      <link:label id="id_7884f" xlink:label="lbl_label493647" xlink:role="http://www.xbrl.org/2003/role/verboseLabel" xlink:type="resource" xml:lang="en">Description of stock cost formulas</link:label>
      <link:loc xlink:href="https://xbrl.frc.org.uk/fr/2014-09-01/core/frc-core-2014-09-01.xsd#core_DescriptionInventoryCostFormulas" xlink:label="lbl_DescriptionInventoryCostFormulas" xlink:type="locator"/>
      <link:labelArc order="1.0" xlink:arcrole="http://www.xbrl.org/2003/arcrole/concept-label" xlink:from="lbl_DescriptionInventoryCostFormulas" xlink:to="lbl_label493647" xlink:type="arc"/>
      <link:label id="id_1848ee5" xlink:label="lbl_label25464549" xlink:role="http://www.xbrl.org/2003/role/verboseLabel" xlink:type="resource" xml:lang="en">Stocks free-text comment</link:label>
      <link:loc xlink:href="https://xbrl.frc.org.uk/fr/2014-09-01/core/frc-core-2014-09-01.xsd#core_InventoriesFree-textComment" xlink:label="lbl_InventoriesFree-textComment" xlink:type="locator"/>
      <link:labelArc order="1.0" xlink:arcrole="http://www.xbrl.org/2003/arcrole/concept-label" xlink:from="lbl_InventoriesFree-textComment" xlink:to="lbl_label25464549" xlink:type="arc"/>
      <link:label id="id_2e5fdf" xlink:label="lbl_label3039199" xlink:role="http://www.xbrl.org/2003/role/verboseLabel" xlink:type="resource" xml:lang="en">For further analysis of loans and receivables designated at fair value through income or expenditure, see 'Fair value of assets and liabilities' section [cross-reference]</link:label>
      <link:loc xlink:href="https://xbrl.frc.org.uk/fr/2014-09-01/core/frc-core-2014-09-01.xsd#core_ForFurtherAnalysisLoansReceivablesDesignatedFairValueThroughProfitOrLossSeeFairValueAssetsLiabilitiesSectionCross-reference" xlink:label="lbl_ForFurtherAnalysisLoansReceivablesDesignatedFairValueThroughProfitOrLossSeeFairValueAssetsLiabilitiesSectionCross-reference" xlink:type="locator"/>
      <link:labelArc order="1.0" xlink:arcrole="http://www.xbrl.org/2003/arcrole/concept-label" xlink:from="lbl_ForFurtherAnalysisLoansReceivablesDesignatedFairValueThroughProfitOrLossSeeFairValueAssetsLiabilitiesSectionCross-reference" xlink:to="lbl_label3039199" xlink:type="arc"/>
      <link:label id="id_c06e43" xlink:label="lbl_label12611139" xlink:role="http://www.xbrl.org/2003/role/verboseLabel" xlink:type="resource" xml:lang="en">Description of circumstances of reclassification out of financial assets at fair value through income and expenditure</link:label>
      <link:loc xlink:href="https://xbrl.frc.org.uk/fr/2014-09-01/core/frc-core-2014-09-01.xsd#core_DescriptionCircumstancesReclassificationOutFinancialAssetsFairValueThroughProfitOrLoss" xlink:label="lbl_DescriptionCircumstancesReclassificationOutFinancialAssetsFairValueThroughProfitOrLoss" xlink:type="locator"/>
      <link:labelArc order="1.0" xlink:arcrole="http://www.xbrl.org/2003/arcrole/concept-label" xlink:from="lbl_DescriptionCircumstancesReclassificationOutFinancialAssetsFairValueThroughProfitOrLoss" xlink:to="lbl_label12611139" xlink:type="arc"/>
      <link:label id="id_1d9b52c" xlink:label="lbl_label31044908" xlink:role="http://www.xbrl.org/2003/role/verboseLabel" xlink:type="resource" xml:lang="en">Fair value gain (loss) recognised in income and expenditure for reclassified financial assets</link:label>
      <link:loc xlink:href="https://xbrl.frc.org.uk/fr/2014-09-01/core/frc-core-2014-09-01.xsd#core_FairValueGainLossRecognisedInProfitOrLossForReclassifiedFinancialAssets" xlink:label="lbl_FairValueGainLossRecognisedInProfitOrLossForReclassifiedFinancialAssets" xlink:type="locator"/>
      <link:labelArc order="1.0" xlink:arcrole="http://www.xbrl.org/2003/arcrole/concept-label" xlink:from="lbl_FairValueGainLossRecognisedInProfitOrLossForReclassifiedFinancialAssets" xlink:to="lbl_label31044908" xlink:type="arc"/>
      <link:label id="id_f3abc2" xlink:label="lbl_label15969218" xlink:role="http://www.xbrl.org/2003/role/verboseLabel" xlink:type="resource" xml:lang="en">Interest income (expense) recognised in income and expenditure for reclassified financial assets</link:label>
      <link:loc xlink:href="https://xbrl.frc.org.uk/fr/2014-09-01/core/frc-core-2014-09-01.xsd#core_InterestIncomeExpenseRecognisedInProfitOrLossForReclassifiedFinancialAssets" xlink:label="lbl_InterestIncomeExpenseRecognisedInProfitOrLossForReclassifiedFinancialAssets" xlink:type="locator"/>
      <link:labelArc order="1.0" xlink:arcrole="http://www.xbrl.org/2003/arcrole/concept-label" xlink:from="lbl_InterestIncomeExpenseRecognisedInProfitOrLossForReclassifiedFinancialAssets" xlink:to="lbl_label15969218" xlink:type="arc"/>
      <link:label id="id_12b38f6" xlink:label="lbl_label19609846" xlink:role="http://www.xbrl.org/2003/role/verboseLabel" xlink:type="resource" xml:lang="en">Impairment loss (gain) recognised in income and expenditure for reclassified financial assets</link:label>
      <link:loc xlink:href="https://xbrl.frc.org.uk/fr/2014-09-01/core/frc-core-2014-09-01.xsd#core_ImpairmentLossGainRecognisedInProfitOrLossForReclassifiedFinancialAssets" xlink:label="lbl_ImpairmentLossGainRecognisedInProfitOrLossForReclassifiedFinancialAssets" xlink:type="locator"/>
      <link:labelArc order="1.0" xlink:arcrole="http://www.xbrl.org/2003/arcrole/concept-label" xlink:from="lbl_ImpairmentLossGainRecognisedInProfitOrLossForReclassifiedFinancialAssets" xlink:to="lbl_label19609846" xlink:type="arc"/>
      <link:label id="id_5b22f2" xlink:label="lbl_label5972722" xlink:role="http://www.xbrl.org/2003/role/verboseLabel" xlink:type="resource" xml:lang="en">Gain (loss) on reclassification of cash flow hedges to income and expenditure from equity, before tax</link:label>
      <link:loc xlink:href="https://xbrl.frc.org.uk/fr/2014-09-01/core/frc-core-2014-09-01.xsd#core_GainLossOnReclassificationCashFlowHedgesToProfitOrLossFromEquityBeforeTax" xlink:label="lbl_GainLossOnReclassificationCashFlowHedgesToProfitOrLossFromEquityBeforeTax" xlink:type="locator"/>
      <link:labelArc order="1.0" xlink:arcrole="http://www.xbrl.org/2003/arcrole/concept-label" xlink:from="lbl_GainLossOnReclassificationCashFlowHedgesToProfitOrLossFromEquityBeforeTax" xlink:to="lbl_label5972722" xlink:type="arc"/>
      <link:label id="id_1073d39" xlink:label="lbl_label17251641" xlink:role="http://www.xbrl.org/2003/role/verboseLabel" xlink:type="resource" xml:lang="en">Net hedged forecast cash inflow (outflow), expected income and expenditure impact</link:label>
      <link:loc xlink:href="https://xbrl.frc.org.uk/fr/2014-09-01/core/frc-core-2014-09-01.xsd#core_NetHedgedForecastCashInflowOutflowExpectedProfitOrLossImpact" xlink:label="lbl_NetHedgedForecastCashInflowOutflowExpectedProfitOrLossImpact" xlink:type="locator"/>
      <link:labelArc order="1.0" xlink:arcrole="http://www.xbrl.org/2003/arcrole/concept-label" xlink:from="lbl_NetHedgedForecastCashInflowOutflowExpectedProfitOrLossImpact" xlink:to="lbl_label17251641" xlink:type="arc"/>
      <link:label id="id_62a760" xlink:label="lbl_label6465376" xlink:role="http://www.xbrl.org/2003/role/verboseLabel" xlink:type="resource" xml:lang="en">Hedged forecast receivable cash flow, expected income and expenditure impact</link:label>
      <link:loc xlink:href="https://xbrl.frc.org.uk/fr/2014-09-01/core/frc-core-2014-09-01.xsd#core_HedgedForecastReceivableCashFlowExpectedProfitOrLossImpact" xlink:label="lbl_HedgedForecastReceivableCashFlowExpectedProfitOrLossImpact" xlink:type="locator"/>
      <link:labelArc order="1.0" xlink:arcrole="http://www.xbrl.org/2003/arcrole/concept-label" xlink:from="lbl_HedgedForecastReceivableCashFlowExpectedProfitOrLossImpact" xlink:to="lbl_label6465376" xlink:type="arc"/>
      <link:label id="id_6b7bd1" xlink:label="lbl_label7044049" xlink:role="http://www.xbrl.org/2003/role/verboseLabel" xlink:type="resource" xml:lang="en">Hedged forecast payable cash flow, expected income and expenditure impact</link:label>
      <link:loc xlink:href="https://xbrl.frc.org.uk/fr/2014-09-01/core/frc-core-2014-09-01.xsd#core_HedgedForecastPayableCashFlowExpectedProfitOrLossImpact" xlink:label="lbl_HedgedForecastPayableCashFlowExpectedProfitOrLossImpact" xlink:type="locator"/>
      <link:labelArc order="1.0" xlink:arcrole="http://www.xbrl.org/2003/arcrole/concept-label" xlink:from="lbl_HedgedForecastPayableCashFlowExpectedProfitOrLossImpact" xlink:to="lbl_label7044049" xlink:type="arc"/>
      <link:label id="id_19cf802" xlink:label="lbl_label27064322" xlink:role="http://www.xbrl.org/2003/role/verboseLabel" xlink:type="resource" xml:lang="en">Description of market risk exposure, including any impact on income and expenditure and equity from changes in risk variables</link:label>
      <link:loc xlink:href="https://xbrl.frc.org.uk/fr/2014-09-01/core/frc-core-2014-09-01.xsd#core_DescriptionMarketRiskExposureIncludingAnyImpactOnProfitOrLossEquityFromChangesInRiskVariables" xlink:label="lbl_DescriptionMarketRiskExposureIncludingAnyImpactOnProfitOrLossEquityFromChangesInRiskVariables" xlink:type="locator"/>
      <link:labelArc order="1.0" xlink:arcrole="http://www.xbrl.org/2003/arcrole/concept-label" xlink:from="lbl_DescriptionMarketRiskExposureIncludingAnyImpactOnProfitOrLossEquityFromChangesInRiskVariables" xlink:to="lbl_label27064322" xlink:type="arc"/>
      <link:label id="id_e3a00f" xlink:label="lbl_label14917647" xlink:role="http://www.xbrl.org/2003/role/verboseLabel" xlink:type="resource" xml:lang="en">Changes in fair value of financial liabilities designated at fair value through income and expenditure attributable to changes in credit risk [heading]</link:label>
      <link:loc xlink:href="https://xbrl.frc.org.uk/fr/2014-09-01/core/frc-core-2014-09-01.xsd#core_ChangesInFairValueFinancialLiabilitiesDesignatedFairValueThroughProfitOrLossAttributableToChangesInCreditRiskHeading" xlink:label="lbl_ChangesInFairValueFinancialLiabilitiesDesignatedFairValueThroughProfitOrLossAttributableToChangesInCreditRiskHeading" xlink:type="locator"/>
      <link:labelArc order="1.0" xlink:arcrole="http://www.xbrl.org/2003/arcrole/concept-label" xlink:from="lbl_ChangesInFairValueFinancialLiabilitiesDesignatedFairValueThroughProfitOrLossAttributableToChangesInCreditRiskHeading" xlink:to="lbl_label14917647" xlink:type="arc"/>
      <link:label id="id_f12231" xlink:label="lbl_label15802929" xlink:role="http://www.xbrl.org/2003/role/verboseLabel" xlink:type="resource" xml:lang="en">Description of financial liabilities designated at fair value through income and expenditure subject to a change in fair value due to changes in credit risk</link:label>
      <link:loc xlink:href="https://xbrl.frc.org.uk/fr/2014-09-01/core/frc-core-2014-09-01.xsd#core_DescriptionFinancialLiabilitiesDesignatedFairValueThroughProfitOrLossSubjectToChangeInFairValueDueToChangesInCreditRisk" xlink:label="lbl_DescriptionFinancialLiabilitiesDesignatedFairValueThroughProfitOrLossSubjectToChangeInFairValueDueToChangesInCreditRisk" xlink:type="locator"/>
      <link:labelArc order="1.0" xlink:arcrole="http://www.xbrl.org/2003/arcrole/concept-label" xlink:from="lbl_DescriptionFinancialLiabilitiesDesignatedFairValueThroughProfitOrLossSubjectToChangeInFairValueDueToChangesInCreditRisk" xlink:to="lbl_label15802929" xlink:type="arc"/>
      <link:label id="id_c5d06d" xlink:label="lbl_label12963949" xlink:role="http://www.xbrl.org/2003/role/verboseLabel" xlink:type="resource" xml:lang="en">Difference between carrying value and contractual value at maturity of financial liabilities designated at fair value through income and expenditure</link:label>
      <link:loc xlink:href="https://xbrl.frc.org.uk/fr/2014-09-01/core/frc-core-2014-09-01.xsd#core_DifferenceBetweenCarryingValueContractualValueMaturityFinancialLiabilitiesDesignatedFairValueThroughProfitOrLoss" xlink:label="lbl_DifferenceBetweenCarryingValueContractualValueMaturityFinancialLiabilitiesDesignatedFairValueThroughProfitOrLoss" xlink:type="locator"/>
      <link:labelArc order="1.0" xlink:arcrole="http://www.xbrl.org/2003/arcrole/concept-label" xlink:from="lbl_DifferenceBetweenCarryingValueContractualValueMaturityFinancialLiabilitiesDesignatedFairValueThroughProfitOrLoss" xlink:to="lbl_label12963949" xlink:type="arc"/>
      <link:label id="id_13feb0b" xlink:label="lbl_label20966155" xlink:role="http://www.xbrl.org/2003/role/verboseLabel" xlink:type="resource" xml:lang="en">Loans and receivables designated at fair value through income and expenditure [heading]</link:label>
      <link:loc xlink:href="https://xbrl.frc.org.uk/fr/2014-09-01/core/frc-core-2014-09-01.xsd#core_LoansReceivablesDesignatedFairValueThroughProfitOrLossHeading" xlink:label="lbl_LoansReceivablesDesignatedFairValueThroughProfitOrLossHeading" xlink:type="locator"/>
      <link:labelArc order="1.0" xlink:arcrole="http://www.xbrl.org/2003/arcrole/concept-label" xlink:from="lbl_LoansReceivablesDesignatedFairValueThroughProfitOrLossHeading" xlink:to="lbl_label20966155" xlink:type="arc"/>
      <link:label id="id_13679fc" xlink:label="lbl_label20347388" xlink:role="http://www.xbrl.org/2003/role/verboseLabel" xlink:type="resource" xml:lang="en">Description of loans and receivables designated at fair value through income and expenditure</link:label>
      <link:loc xlink:href="https://xbrl.frc.org.uk/fr/2014-09-01/core/frc-core-2014-09-01.xsd#core_DescriptionLoansReceivablesDesignatedFairValueThroughProfitOrLoss" xlink:label="lbl_DescriptionLoansReceivablesDesignatedFairValueThroughProfitOrLoss" xlink:type="locator"/>
      <link:labelArc order="1.0" xlink:arcrole="http://www.xbrl.org/2003/arcrole/concept-label" xlink:from="lbl_DescriptionLoansReceivablesDesignatedFairValueThroughProfitOrLoss" xlink:to="lbl_label20347388" xlink:type="arc"/>
      <link:label id="id_734be1" xlink:label="lbl_label7556065" xlink:role="http://www.xbrl.org/2003/role/verboseLabel" xlink:type="resource" xml:lang="en">Additional provisions / increase from new provisions recognised in income and expenditure</link:label>
      <link:loc xlink:href="https://xbrl.frc.org.uk/fr/2014-09-01/core/frc-core-2014-09-01.xsd#core_AdditionalProvisionsIncreaseFromNewProvisionsRecognisedInProfitOrLoss" xlink:label="lbl_AdditionalProvisionsIncreaseFromNewProvisionsRecognisedInProfitOrLoss" xlink:type="locator"/>
      <link:labelArc order="1.0" xlink:arcrole="http://www.xbrl.org/2003/arcrole/concept-label" xlink:from="lbl_AdditionalProvisionsIncreaseFromNewProvisionsRecognisedInProfitOrLoss" xlink:to="lbl_label7556065" xlink:type="arc"/>
      <link:label id="id_1ee5e34" xlink:label="lbl_label32398900" xlink:role="http://www.xbrl.org/2003/role/verboseLabel" xlink:type="resource" xml:lang="en">Increase (decrease) in existing provisions recognised in income and expenditure</link:label>
      <link:loc xlink:href="https://xbrl.frc.org.uk/fr/2014-09-01/core/frc-core-2014-09-01.xsd#core_IncreaseDecreaseInExistingProvisionsRecognisedInProfitOrLoss" xlink:label="lbl_IncreaseDecreaseInExistingProvisionsRecognisedInProfitOrLoss" xlink:type="locator"/>
      <link:labelArc order="1.0" xlink:arcrole="http://www.xbrl.org/2003/arcrole/concept-label" xlink:from="lbl_IncreaseDecreaseInExistingProvisionsRecognisedInProfitOrLoss" xlink:to="lbl_label32398900" xlink:type="arc"/>
      <link:label id="id_81e0d3" xlink:label="lbl_label8511699" xlink:role="http://www.xbrl.org/2003/role/verboseLabel" xlink:type="resource" xml:lang="en">Increase (decrease) in net deferred tax liability from changes in tax rates or laws, recognised in income and expenditure</link:label>
      <link:loc xlink:href="https://xbrl.frc.org.uk/fr/2014-09-01/core/frc-core-2014-09-01.xsd#core_IncreaseDecreaseInNetDeferredTaxLiabilityFromChangesInTaxRatesOrLawsRecognisedInProfitOrLoss" xlink:label="lbl_IncreaseDecreaseInNetDeferredTaxLiabilityFromChangesInTaxRatesOrLawsRecognisedInProfitOrLoss" xlink:type="locator"/>
      <link:labelArc order="1.0" xlink:arcrole="http://www.xbrl.org/2003/arcrole/concept-label" xlink:from="lbl_IncreaseDecreaseInNetDeferredTaxLiabilityFromChangesInTaxRatesOrLawsRecognisedInProfitOrLoss" xlink:to="lbl_label8511699" xlink:type="arc"/>
      <link:label id="id_496e97" xlink:label="lbl_label4812439" xlink:role="http://www.xbrl.org/2003/role/verboseLabel" xlink:type="resource" xml:lang="en">Increase (decrease) in net deferred tax liability from amount recognised in income and expenditure</link:label>
      <link:loc xlink:href="https://xbrl.frc.org.uk/fr/2014-09-01/core/frc-core-2014-09-01.xsd#core_IncreaseDecreaseInNetDeferredTaxLiabilityFromAmountRecognisedInProfitOrLoss" xlink:label="lbl_IncreaseDecreaseInNetDeferredTaxLiabilityFromAmountRecognisedInProfitOrLoss" xlink:type="locator"/>
      <link:labelArc order="1.0" xlink:arcrole="http://www.xbrl.org/2003/arcrole/concept-label" xlink:from="lbl_IncreaseDecreaseInNetDeferredTaxLiabilityFromAmountRecognisedInProfitOrLoss" xlink:to="lbl_label4812439" xlink:type="arc"/>
      <link:label id="id_1931a49" xlink:label="lbl_label26417737" xlink:role="http://www.xbrl.org/2003/role/verboseLabel" xlink:type="resource" xml:lang="en">Increase (decrease) in deferred tax assets from changes in tax rates or laws, recognised in income and expenditure</link:label>
      <link:loc xlink:href="https://xbrl.frc.org.uk/fr/2014-09-01/core/frc-core-2014-09-01.xsd#core_IncreaseDecreaseInDeferredTaxAssetsFromChangesInTaxRatesOrLawsRecognisedInProfitOrLoss" xlink:label="lbl_IncreaseDecreaseInDeferredTaxAssetsFromChangesInTaxRatesOrLawsRecognisedInProfitOrLoss" xlink:type="locator"/>
      <link:labelArc order="1.0" xlink:arcrole="http://www.xbrl.org/2003/arcrole/concept-label" xlink:from="lbl_IncreaseDecreaseInDeferredTaxAssetsFromChangesInTaxRatesOrLawsRecognisedInProfitOrLoss" xlink:to="lbl_label26417737" xlink:type="arc"/>
      <link:label id="id_e1b048" xlink:label="lbl_label14790728" xlink:role="http://www.xbrl.org/2003/role/verboseLabel" xlink:type="resource" xml:lang="en">Increase (decrease) in deferred tax assets recognised in income and expenditure</link:label>
      <link:loc xlink:href="https://xbrl.frc.org.uk/fr/2014-09-01/core/frc-core-2014-09-01.xsd#core_IncreaseDecreaseInDeferredTaxAssetsRecognisedInProfitOrLoss" xlink:label="lbl_IncreaseDecreaseInDeferredTaxAssetsRecognisedInProfitOrLoss" xlink:type="locator"/>
      <link:labelArc order="1.0" xlink:arcrole="http://www.xbrl.org/2003/arcrole/concept-label" xlink:from="lbl_IncreaseDecreaseInDeferredTaxAssetsRecognisedInProfitOrLoss" xlink:to="lbl_label14790728" xlink:type="arc"/>
      <link:label id="id_8b58ee" xlink:label="lbl_label9132270" xlink:role="http://www.xbrl.org/2003/role/verboseLabel" xlink:type="resource" xml:lang="en">Increase (decrease) in deferred tax liabilities from changes in tax rates or laws, recognised in income and expenditure</link:label>
      <link:loc xlink:href="https://xbrl.frc.org.uk/fr/2014-09-01/core/frc-core-2014-09-01.xsd#core_IncreaseDecreaseInDeferredTaxLiabilitiesFromChangesInTaxRatesOrLawsRecognisedInProfitOrLoss" xlink:label="lbl_IncreaseDecreaseInDeferredTaxLiabilitiesFromChangesInTaxRatesOrLawsRecognisedInProfitOrLoss" xlink:type="locator"/>
      <link:labelArc order="1.0" xlink:arcrole="http://www.xbrl.org/2003/arcrole/concept-label" xlink:from="lbl_IncreaseDecreaseInDeferredTaxLiabilitiesFromChangesInTaxRatesOrLawsRecognisedInProfitOrLoss" xlink:to="lbl_label9132270" xlink:type="arc"/>
      <link:label id="id_1008ca4" xlink:label="lbl_label16813220" xlink:role="http://www.xbrl.org/2003/role/verboseLabel" xlink:type="resource" xml:lang="en">Increase (decrease) in deferred tax liability from amount recognised in income and expenditure</link:label>
      <link:loc xlink:href="https://xbrl.frc.org.uk/fr/2014-09-01/core/frc-core-2014-09-01.xsd#core_IncreaseDecreaseInDeferredTaxLiabilityFromAmountRecognisedInProfitOrLoss" xlink:label="lbl_IncreaseDecreaseInDeferredTaxLiabilityFromAmountRecognisedInProfitOrLoss" xlink:type="locator"/>
      <link:labelArc order="1.0" xlink:arcrole="http://www.xbrl.org/2003/arcrole/concept-label" xlink:from="lbl_IncreaseDecreaseInDeferredTaxLiabilityFromAmountRecognisedInProfitOrLoss" xlink:to="lbl_label16813220" xlink:type="arc"/>
      <link:label id="id_f5fb26" xlink:label="lbl_label16120614" xlink:role="http://www.xbrl.org/2003/role/verboseLabel" xlink:type="resource" xml:lang="en">Amounts related to defined benefit plan recognised in income and expenditure [heading]</link:label>
      <link:loc xlink:href="https://xbrl.frc.org.uk/fr/2014-09-01/core/frc-core-2014-09-01.xsd#core_AmountsRelatedToDefinedBenefitPlanRecognisedInProfitOrLossHeading" xlink:label="lbl_AmountsRelatedToDefinedBenefitPlanRecognisedInProfitOrLossHeading" xlink:type="locator"/>
      <link:labelArc order="1.0" xlink:arcrole="http://www.xbrl.org/2003/arcrole/concept-label" xlink:from="lbl_AmountsRelatedToDefinedBenefitPlanRecognisedInProfitOrLossHeading" xlink:to="lbl_label16120614" xlink:type="arc"/>
      <link:loc xlink:href="https://xbrl.frc.org.uk/fr/2014-09-01/core/frc-core-2014-09-01.xsd#core_GainOrLossOnFinancialAssetsLiabilitiesFairValueThroughProfitOrLossPolicy" xlink:label="lbl_GainOrLossOnFinancialAssetsLiabilitiesFairValueThroughProfitOrLossPolicy" xlink:type="locator"/>
      <link:labelArc order="1.0" xlink:arcrole="http://www.xbrl.org/2003/arcrole/concept-label" xlink:from="lbl_GainOrLossOnFinancialAssetsLiabilitiesFairValueThroughProfitOrLossPolicy" xlink:to="lbl_label23623990" xlink:type="arc"/>
      <link:loc xlink:href="https://xbrl.frc.org.uk/fr/2014-09-01/core/frc-core-2014-09-01.xsd#core_RealisedUnrealisedGainLossOnFinancialInstrumentsFairValueThroughProfitOrLossHeading" xlink:label="lbl_RealisedUnrealisedGainLossOnFinancialInstrumentsFairValueThroughProfitOrLossHeading" xlink:type="locator"/>
      <link:labelArc order="1.0" xlink:arcrole="http://www.xbrl.org/2003/arcrole/concept-label" xlink:from="lbl_RealisedUnrealisedGainLossOnFinancialInstrumentsFairValueThroughProfitOrLossHeading" xlink:to="lbl_label26405029" xlink:type="arc"/>
      <link:loc xlink:href="https://xbrl.frc.org.uk/fr/2014-09-01/core/frc-core-2014-09-01.xsd#core_RealisedUnrealisedGainLossOnFinancialInstrumentsFairValueThroughProfitOrLossFree-textComment" xlink:label="lbl_RealisedUnrealisedGainLossOnFinancialInstrumentsFairValueThroughProfitOrLossFree-textComment" xlink:type="locator"/>
      <link:labelArc order="1.0" xlink:arcrole="http://www.xbrl.org/2003/arcrole/concept-label" xlink:from="lbl_RealisedUnrealisedGainLossOnFinancialInstrumentsFairValueThroughProfitOrLossFree-textComment" xlink:to="lbl_label32892023" xlink:type="arc"/>
      <link:label id="id_e2b3f2" xlink:label="lbl_label14857202" xlink:role="http://www.xbrl.org/2003/role/verboseLabel" xlink:type="resource" xml:lang="en">Description of line items in income and expenditure in which gain or loss on cessation of consolidation of subsidiaries is recognised</link:label>
      <link:loc xlink:href="https://xbrl.frc.org.uk/fr/2014-09-01/core/frc-core-2014-09-01.xsd#core_DescriptionLineItemsInProfitOrLossInWhichGainOrLossOnCessationConsolidationSubsidiariesRecognised" xlink:label="lbl_DescriptionLineItemsInProfitOrLossInWhichGainOrLossOnCessationConsolidationSubsidiariesRecognised" xlink:type="locator"/>
      <link:labelArc order="1.0" xlink:arcrole="http://www.xbrl.org/2003/arcrole/concept-label" xlink:from="lbl_DescriptionLineItemsInProfitOrLossInWhichGainOrLossOnCessationConsolidationSubsidiariesRecognised" xlink:to="lbl_label14857202" xlink:type="arc"/>
      <link:label id="id_18a148" xlink:label="lbl_label1614152" xlink:role="http://www.xbrl.org/2003/role/verboseLabel" xlink:type="resource" xml:lang="en">Gain (loss) in cash flows from change in financial assets at fair value through income and expenditure</link:label>
      <link:loc xlink:href="https://xbrl.frc.org.uk/fr/2014-09-01/core/frc-core-2014-09-01.xsd#core_GainLossInCashFlowsFromChangeInFinancialAssetsFairValueThroughProfitOrLoss" xlink:label="lbl_GainLossInCashFlowsFromChangeInFinancialAssetsFairValueThroughProfitOrLoss" xlink:type="locator"/>
      <link:labelArc order="1.0" xlink:arcrole="http://www.xbrl.org/2003/arcrole/concept-label" xlink:from="lbl_GainLossInCashFlowsFromChangeInFinancialAssetsFairValueThroughProfitOrLoss" xlink:to="lbl_label1614152" xlink:type="arc"/>
      <link:label id="id_19fbc1d" xlink:label="lbl_label27245597" xlink:role="http://www.xbrl.org/2003/role/verboseLabel" xlink:type="resource" xml:lang="en">Gain (loss) in cash flows from change in financial liabilities at fair value through income and expenditure</link:label>
      <link:loc xlink:href="https://xbrl.frc.org.uk/fr/2014-09-01/core/frc-core-2014-09-01.xsd#core_GainLossInCashFlowsFromChangeInFinancialLiabilitiesFairValueThroughProfitOrLoss" xlink:label="lbl_GainLossInCashFlowsFromChangeInFinancialLiabilitiesFairValueThroughProfitOrLoss" xlink:type="locator"/>
      <link:labelArc order="1.0" xlink:arcrole="http://www.xbrl.org/2003/arcrole/concept-label" xlink:from="lbl_GainLossInCashFlowsFromChangeInFinancialLiabilitiesFairValueThroughProfitOrLoss" xlink:to="lbl_label27245597" xlink:type="arc"/>
      <link:label id="id_1687936" xlink:label="lbl_label23623990" xlink:role="http://www.xbrl.org/2003/role/verboseLabel" xlink:type="resource" xml:lang="en">Gain or loss on financial assets and liabilities at fair value through income and expenditure policy</link:label>
      <link:label id="id_1f5e477" xlink:label="lbl_label32892023" xlink:role="http://www.xbrl.org/2003/role/verboseLabel" xlink:type="resource" xml:lang="en">Realised and unrealised gain (loss) on financial instruments at fair value through income and expenditure free-text comment</link:label>
      <link:label id="id_192e8a5" xlink:label="lbl_label26405029" xlink:role="http://www.xbrl.org/2003/role/verboseLabel" xlink:type="resource" xml:lang="en">Realised and unrealised gain (loss) on financial instruments at fair value through income and expenditure [heading]</link:label>
      <link:label id="id_1042238" xlink:label="lbl_label17048120" xlink:role="http://www.xbrl.org/2003/role/verboseLabel" xlink:type="resource" xml:lang="en">Tax increase (decrease) from effect of non-taxable gains and losses on investments held at fair value through income and expenditure</link:label>
      <link:loc xlink:href="https://xbrl.frc.org.uk/fr/2014-09-01/core/frc-core-2014-09-01.xsd#core_TaxIncreaseDecreaseFromEffectNon-taxableGainsLossesOnInvestmentsHeldFairValueThroughProfitOrLoss" xlink:label="lbl_TaxIncreaseDecreaseFromEffectNon-taxableGainsLossesOnInvestmentsHeldFairValueThroughProfitOrLoss" xlink:type="locator"/>
      <link:labelArc order="1.0" xlink:arcrole="http://www.xbrl.org/2003/arcrole/concept-label" xlink:from="lbl_TaxIncreaseDecreaseFromEffectNon-taxableGainsLossesOnInvestmentsHeldFairValueThroughProfitOrLoss" xlink:to="lbl_label17048120" xlink:type="arc"/>
      <link:label id="id_8e5ad9" xlink:label="lbl_label9329369" xlink:role="http://www.xbrl.org/2003/role/verboseLabel" xlink:type="resource" xml:lang="en">Director/trustee signing financial statements</link:label>
      <link:loc xlink:href="https://xbrl.frc.org.uk/fr/2014-09-01/core/frc-core-2014-09-01.xsd#core_DirectorSigningFinancialStatements" xlink:label="lbl_DirectorSigningFinancialStatements" xlink:type="locator"/>
      <link:labelArc order="1.0" xlink:arcrole="http://www.xbrl.org/2003/arcrole/concept-label" xlink:from="lbl_DirectorSigningFinancialStatements" xlink:to="lbl_label9329369" xlink:type="arc"/>
      <link:label id="id_1c37af3" xlink:label="lbl_label29588211" xlink:role="http://www.xbrl.org/2003/role/verboseLabel" xlink:type="resource" xml:lang="en">Defined benefit pension scheme asset (liability)</link:label>
      <link:loc xlink:href="https://xbrl.frc.org.uk/fr/2014-09-01/core/frc-core-2014-09-01.xsd#core_RetirementBenefitObligationsSurplus" xlink:label="lbl_RetirementBenefitObligationsSurplus" xlink:type="locator"/>
      <link:labelArc order="1.0" xlink:arcrole="http://www.xbrl.org/2003/arcrole/concept-label" xlink:from="lbl_RetirementBenefitObligationsSurplus" xlink:to="lbl_label29588211" xlink:type="arc"/>
      <link:loc xlink:href="https://xbrl.frc.org.uk/fr/2014-09-01/core/frc-core-2014-09-01-label.xml#element(/1/1/13036)" xlink:label="lbl_label15168805" xlink:type="locator"/>
      <link:labelArc order="1.0" priority="1" use="prohibited" xlink:arcrole="http://www.xbrl.org/2003/arcrole/concept-label" xlink:from="lbl_RetirementBenefitObligationsSurplus" xlink:to="lbl_label15168805" xlink:type="arc"/>
      <link:label id="id_ed036e" xlink:label="lbl_label15532910" xlink:role="http://www.xbrl.org/2003/role/verboseLabel" xlink:type="resource" xml:lang="en">Gain (loss) due to foreign exchange differences, recognised in income and expenditure</link:label>
      <link:loc xlink:href="https://xbrl.frc.org.uk/fr/2014-09-01/core/frc-core-2014-09-01.xsd#core_GainLossDueToForeignExchangeDifferencesRecognisedInProfitOrLoss" xlink:label="lbl_GainLossDueToForeignExchangeDifferencesRecognisedInProfitOrLoss" xlink:type="locator"/>
      <link:labelArc order="1.0" xlink:arcrole="http://www.xbrl.org/2003/arcrole/concept-label" xlink:from="lbl_GainLossDueToForeignExchangeDifferencesRecognisedInProfitOrLoss" xlink:to="lbl_label15532910" xlink:type="arc"/>
      <link:label id="id_abea40" xlink:label="lbl_label11266624" xlink:role="http://www.xbrl.org/2003/role/verboseLabel" xlink:type="resource" xml:lang="en">Gain (loss) in cash flows from change in stocks</link:label>
      <link:loc xlink:href="https://xbrl.frc.org.uk/fr/2014-09-01/core/frc-core-2014-09-01.xsd#core_GainLossInCashFlowsFromChangeInInventories" xlink:label="lbl_GainLossInCashFlowsFromChangeInInventories" xlink:type="locator"/>
      <link:labelArc order="1.0" xlink:arcrole="http://www.xbrl.org/2003/arcrole/concept-label" xlink:from="lbl_GainLossInCashFlowsFromChangeInInventories" xlink:to="lbl_label11266624" xlink:type="arc"/>
   </link:labelLink>
</link:linkbase>
