<?xml version='1.0' encoding='UTF-8'?>
<link:linkbase xmlns:link="http://www.xbrl.org/2003/linkbase" xmlns:xlink="http://www.w3.org/1999/xlink" xmlns:xsi="http://www.w3.org/2001/XMLSchema-instance" xsi:schemaLocation="http://www.xbrl.org/2003/linkbase http://www.xbrl.org/2003/xbrl-linkbase-2003-12-31.xsd">
   <link:roleRef roleURI="http://xbrl.frc.org.uk/direp/roles/DirectorsReport" xlink:href="https://xbrl.frc.org.uk/reports/2014-09-01/direp/direp-2014-09-01.xsd#DirectorsReport" xlink:type="simple"/>
   <link:roleRef roleURI="http://xbrl.frc.org.uk/aurep/roles/AuditReport" xlink:href="https://xbrl.frc.org.uk/reports/2014-09-01/aurep/aurep-2014-09-01.xsd#AuditReport" xlink:type="simple"/>
   <link:roleRef roleURI="http://xbrl.frc.org.uk/cd/roles/Taxonomy-Tagging-Information" xlink:href="https://xbrl.frc.org.uk/cd/2014-09-01/business/bus-2014-09-01.xsd#Taxonomy-Tagging-Information" xlink:type="simple"/>
   <link:roleRef roleURI="http://xbrl.frc.org.uk/cd/roles/Entity-Information" xlink:href="https://xbrl.frc.org.uk/cd/2014-09-01/business/bus-2014-09-01.xsd#Entity-Information" xlink:type="simple"/>
   <link:presentationLink xlink:role="http://xbrl.frc.org.uk/cd/roles/Entity-Information" xlink:type="extended">
      <link:loc xlink:href="https://xbrl.frc.org.uk/cd/2014-09-01/business/bus-2014-09-01.xsd#bus_EntityIdentifyingCodesHeading" xlink:label="lbl_EntityIdentifyingCodesHeading" xlink:type="locator"/>
      <link:presentationArc order="2.0" xlink:arcrole="http://www.xbrl.org/2003/arcrole/parent-child" xlink:from="lbl_EntityIdentifyingCodesHeading" xlink:to="lbl_IrishVATRegistrationNumber1" xlink:type="arc"/>
      <link:presentationArc order="1.0" xlink:arcrole="http://www.xbrl.org/2003/arcrole/parent-child" xlink:from="lbl_EntityIdentifyingCodesHeading" xlink:to="lbl_CompaniesRegistrationOfficeNumber1" xlink:type="arc"/>
      <link:loc xlink:href="https://xbrl.frc.org.uk/cd/2014-09-01/business/bus-2014-09-01.xsd#bus_UKCompaniesHouseRegisteredNumber" xlink:label="lbl_UKCompaniesHouseRegisteredNumber" xlink:type="locator"/>
      <link:presentationArc order="1.0" priority="1" use="prohibited" xlink:arcrole="http://www.xbrl.org/2003/arcrole/parent-child" xlink:from="lbl_EntityIdentifyingCodesHeading" xlink:to="lbl_UKCompaniesHouseRegisteredNumber" xlink:type="arc"/>
      <link:loc xlink:href="https://xbrl.frc.org.uk/cd/2014-09-01/business/bus-2014-09-01.xsd#bus_UKVATRegistrationNumber" xlink:label="lbl_UKVATRegistrationNumber" xlink:type="locator"/>
      <link:presentationArc order="2.0" priority="1" use="prohibited" xlink:arcrole="http://www.xbrl.org/2003/arcrole/parent-child" xlink:from="lbl_EntityIdentifyingCodesHeading" xlink:to="lbl_UKVATRegistrationNumber" xlink:type="arc"/>
      <link:loc xlink:href="https://xbrl.frc.org.uk/cd/2014-09-01/business/bus-2014-09-01.xsd#bus_EntityActivitiesHeading" xlink:label="lbl_EntityActivitiesHeading" xlink:type="locator"/>
      <link:loc xlink:href="https://xbrl.frc.org.uk/cd/2014-09-01/business/bus-2014-09-01.xsd#bus_SICCodeRecordedUKCompaniesHouse1" xlink:label="lbl_SICCodeRecordedUKCompaniesHouse1" xlink:type="locator"/>
      <link:presentationArc order="3.0" priority="1" use="prohibited" xlink:arcrole="http://www.xbrl.org/2003/arcrole/parent-child" xlink:from="lbl_EntityActivitiesHeading" xlink:to="lbl_SICCodeRecordedUKCompaniesHouse1" xlink:type="arc"/>
      <link:presentationArc order="3.0" xlink:arcrole="http://www.xbrl.org/2003/arcrole/parent-child" xlink:from="lbl_EntityActivitiesHeading" xlink:to="lbl_SICCodeRecordedROICompaniesHouse1" xlink:type="arc"/>
      <link:loc xlink:href="https://xbrl.frc.org.uk/cd/2014-09-01/business/bus-2014-09-01.xsd#bus_SICCodeRecordedUKCompaniesHouse2" xlink:label="lbl_SICCodeRecordedUKCompaniesHouse2" xlink:type="locator"/>
      <link:presentationArc order="4.0" priority="1" use="prohibited" xlink:arcrole="http://www.xbrl.org/2003/arcrole/parent-child" xlink:from="lbl_EntityActivitiesHeading" xlink:to="lbl_SICCodeRecordedUKCompaniesHouse2" xlink:type="arc"/>
      <link:presentationArc order="4.0" xlink:arcrole="http://www.xbrl.org/2003/arcrole/parent-child" xlink:from="lbl_EntityActivitiesHeading" xlink:to="lbl_SICCodeRecordedROICompaniesHouse2" xlink:type="arc"/>
      <link:presentationArc order="5.0" xlink:arcrole="http://www.xbrl.org/2003/arcrole/parent-child" xlink:from="lbl_EntityActivitiesHeading" xlink:to="lbl_SICCodeRecordedROICompaniesHouse3" xlink:type="arc"/>
      <link:presentationArc order="6.0" xlink:arcrole="http://www.xbrl.org/2003/arcrole/parent-child" xlink:from="lbl_EntityActivitiesHeading" xlink:to="lbl_SICCodeRecordedROICompaniesHouse4" xlink:type="arc"/>
      <link:loc xlink:href="https://xbrl.frc.org.uk/cd/2014-09-01/business/bus-2014-09-01.xsd#bus_SICCodeRecordedUKCompaniesHouse3" xlink:label="lbl_SICCodeRecordedUKCompaniesHouse3" xlink:type="locator"/>
      <link:presentationArc order="5.0" priority="1" use="prohibited" xlink:arcrole="http://www.xbrl.org/2003/arcrole/parent-child" xlink:from="lbl_EntityActivitiesHeading" xlink:to="lbl_SICCodeRecordedUKCompaniesHouse3" xlink:type="arc"/>
      <link:loc xlink:href="https://xbrl.frc.org.uk/cd/2014-09-01/business/bus-2014-09-01.xsd#bus_SICCodeRecordedUKCompaniesHouse4" xlink:label="lbl_SICCodeRecordedUKCompaniesHouse4" xlink:type="locator"/>
      <link:presentationArc order="6.0" priority="1" use="prohibited" xlink:arcrole="http://www.xbrl.org/2003/arcrole/parent-child" xlink:from="lbl_EntityActivitiesHeading" xlink:to="lbl_SICCodeRecordedUKCompaniesHouse4" xlink:type="arc"/>
      <link:loc xlink:href="../../common/2016-12-01/ie-common-2016-12-01.xsd#id_CompaniesRegistrationOfficeNumber" xlink:label="lbl_CompaniesRegistrationOfficeNumber1" xlink:type="locator"/>
      <link:loc xlink:href="../../common/2016-12-01/ie-common-2016-12-01.xsd#id_IrishVATRegistrationNumber" xlink:label="lbl_IrishVATRegistrationNumber1" xlink:type="locator"/>
      <link:loc xlink:href="ie-common-2016-12-01.xsd#ie-common_SICCodeRecordedROICompaniesHouse1" xlink:label="lbl_SICCodeRecordedROICompaniesHouse1" xlink:type="locator"/>
      <link:loc xlink:href="ie-common-2016-12-01.xsd#ie-common_SICCodeRecordedROICompaniesHouse2" xlink:label="lbl_SICCodeRecordedROICompaniesHouse2" xlink:type="locator"/>
      <link:loc xlink:href="ie-common-2016-12-01.xsd#ie-common_SICCodeRecordedROICompaniesHouse3" xlink:label="lbl_SICCodeRecordedROICompaniesHouse3" xlink:type="locator"/>
      <link:loc xlink:href="ie-common-2016-12-01.xsd#ie-common_SICCodeRecordedROICompaniesHouse4" xlink:label="lbl_SICCodeRecordedROICompaniesHouse4" xlink:type="locator"/>
   </link:presentationLink>
   <link:presentationLink xlink:role="http://xbrl.frc.org.uk/cd/roles/Taxonomy-Tagging-Information" xlink:type="extended">
      <link:loc xlink:href="https://xbrl.frc.org.uk/cd/2014-09-01/business/bus-2014-09-01.xsd#bus_TaxonomyInformationHeading" xlink:label="lbl_TaxonomyInformationHeading" xlink:type="locator"/>
      <link:presentationArc order="1.0" xlink:arcrole="http://www.xbrl.org/2003/arcrole/parent-child" xlink:from="lbl_TaxonomyInformationHeading" xlink:to="lbl_ForLegalInformationOnThisTaxonomySeeHttpxbrl.frc.org.uklegalHttpwww.xbrl-ie.netfrlegalGuidance" xlink:type="arc"/>
      <link:loc xlink:href="https://xbrl.frc.org.uk/cd/2014-09-01/business/bus-2014-09-01.xsd#bus_ForLegalInformationOnThisTaxonomySeeHttpxbrl.frc.org.uklegalGuidance" xlink:label="lbl_ForLegalInformationOnThisTaxonomySeeHttpxbrl.frc.org.uklegalGuidance" xlink:type="locator"/>
      <link:presentationArc order="1.0" priority="1" use="prohibited" xlink:arcrole="http://www.xbrl.org/2003/arcrole/parent-child" xlink:from="lbl_TaxonomyInformationHeading" xlink:to="lbl_ForLegalInformationOnThisTaxonomySeeHttpxbrl.frc.org.uklegalGuidance" xlink:type="arc"/>
      <link:presentationArc order="2.0" xlink:arcrole="http://www.xbrl.org/2003/arcrole/parent-child" xlink:from="lbl_TaxonomyInformationHeading" xlink:to="lbl_ForGuidanceOnHowToUseTaxonomySeeGuidanceDocumentsPublishedHttpxbrl.frc.org.ukHttpwww.xbrl-ie.netfrGuidance" xlink:type="arc"/>
      <link:loc xlink:href="https://xbrl.frc.org.uk/cd/2014-09-01/business/bus-2014-09-01.xsd#bus_ForGuidanceOnHowToUseTaxonomySeeGuidanceDocumentsPublishedHttpxbrl.frc.org.ukGuidance" xlink:label="lbl_ForGuidanceOnHowToUseTaxonomySeeGuidanceDocumentsPublishedHttpxbrl.frc.org.ukGuidance" xlink:type="locator"/>
      <link:presentationArc order="2.0" priority="1" use="prohibited" xlink:arcrole="http://www.xbrl.org/2003/arcrole/parent-child" xlink:from="lbl_TaxonomyInformationHeading" xlink:to="lbl_ForGuidanceOnHowToUseTaxonomySeeGuidanceDocumentsPublishedHttpxbrl.frc.org.ukGuidance" xlink:type="arc"/>
      <link:loc xlink:href="ie-common-2016-12-01.xsd#ie-common_ForGuidanceOnHowToUseTaxonomySeeGuidanceDocumentsPublishedHttpxbrl.frc.org.ukHttpwww.xbrl-ie.netfrGuidance" xlink:label="lbl_ForGuidanceOnHowToUseTaxonomySeeGuidanceDocumentsPublishedHttpxbrl.frc.org.ukHttpwww.xbrl-ie.netfrGuidance" xlink:type="locator"/>
      <link:loc xlink:href="ie-common-2016-12-01.xsd#ie-common_ForLegalInformationOnThisTaxonomySeeHttpxbrl.frc.org.uklegalHttpwww.xbrl-ie.netfrlegalGuidance" xlink:label="lbl_ForLegalInformationOnThisTaxonomySeeHttpxbrl.frc.org.uklegalHttpwww.xbrl-ie.netfrlegalGuidance" xlink:type="locator"/>
   </link:presentationLink>
   <link:presentationLink xlink:role="http://xbrl.frc.org.uk/aurep/roles/AuditReport" xlink:type="extended">
      <link:loc xlink:href="https://xbrl.frc.org.uk/reports/2014-09-01/aurep/aurep-2014-09-01.xsd#aurep_AuditorInformationHeading" xlink:label="lbl_AuditorInformationHeading" xlink:type="locator"/>
      <link:presentationArc order="4.0" xlink:arcrole="http://www.xbrl.org/2003/arcrole/parent-child" xlink:from="lbl_AuditorInformationHeading" xlink:to="lbl_NameCharteredAccountantRegisteredAuditor" xlink:type="arc"/>
      <link:loc xlink:href="https://xbrl.frc.org.uk/reports/2014-09-01/aurep/aurep-2014-09-01.xsd#aurep_NameSeniorStatutoryAuditor" xlink:label="lbl_NameSeniorStatutoryAuditor" xlink:type="locator"/>
      <link:presentationArc order="4.0" priority="1" use="prohibited" xlink:arcrole="http://www.xbrl.org/2003/arcrole/parent-child" xlink:from="lbl_AuditorInformationHeading" xlink:to="lbl_NameSeniorStatutoryAuditor" xlink:type="arc"/>
      <link:loc xlink:href="ie-common-2016-12-01.xsd#ie-common_NameCharteredAccountantRegisteredAuditor" xlink:label="lbl_NameCharteredAccountantRegisteredAuditor" xlink:type="locator"/>
   </link:presentationLink>
   <link:presentationLink xlink:role="http://xbrl.frc.org.uk/direp/roles/DirectorsReport" xlink:type="extended">
      <link:loc xlink:href="https://xbrl.frc.org.uk/reports/2014-09-01/direp/direp-2014-09-01.xsd#direp_PurchaseOwnSharesHeading" xlink:label="lbl_PurchaseOwnSharesHeading" xlink:type="locator"/>
      <link:presentationArc order="12.0" xlink:arcrole="http://www.xbrl.org/2003/arcrole/parent-child" xlink:from="lbl_PurchaseOwnSharesHeading" xlink:to="lbl_LoansForPurchaseOwnSharesUnderSection60CompaniesAct1963" xlink:type="arc"/>
      <link:loc xlink:href="https://xbrl.frc.org.uk/reports/2014-09-01/direp/direp-2014-09-01.xsd#direp_EntityDirectorsStatementsHeading" xlink:label="lbl_EntityDirectorsStatementsHeading" xlink:type="locator"/>
      <link:presentationArc order="1.5" xlink:arcrole="http://www.xbrl.org/2003/arcrole/parent-child" xlink:from="lbl_EntityDirectorsStatementsHeading" xlink:to="lbl_DirectorsDeclarationMaterialInterestInTransactions" xlink:type="arc"/>
      <link:loc xlink:href="https://xbrl.frc.org.uk/reports/2014-09-01/direp/direp-2014-09-01.xsd#direp_StatementThatCompanyEntitledToExemptionFromAuditUnderSection477CompaniesAct2006RelatingToSmallCompanies" xlink:label="lbl_StatementThatCompanyEntitledToExemptionFromAuditUnderSection477CompaniesAct2006RelatingToSmallCompanies" xlink:type="locator"/>
      <link:presentationArc order="11.0" priority="1" use="prohibited" xlink:arcrole="http://www.xbrl.org/2003/arcrole/parent-child" xlink:from="lbl_EntityDirectorsStatementsHeading" xlink:to="lbl_StatementThatCompanyEntitledToExemptionFromAuditUnderSection477CompaniesAct2006RelatingToSmallCompanies" xlink:type="arc"/>
      <link:loc xlink:href="https://xbrl.frc.org.uk/reports/2014-09-01/direp/direp-2014-09-01.xsd#direp_StatementThatCompanyEntitledToExemptionFromAuditUnderSection479ACompaniesAct2006RelatingToSubsidiaryCompanies" xlink:label="lbl_StatementThatCompanyEntitledToExemptionFromAuditUnderSection479ACompaniesAct2006RelatingToSubsidiaryCompanies" xlink:type="locator"/>
      <link:presentationArc order="12.0" priority="1" use="prohibited" xlink:arcrole="http://www.xbrl.org/2003/arcrole/parent-child" xlink:from="lbl_EntityDirectorsStatementsHeading" xlink:to="lbl_StatementThatCompanyEntitledToExemptionFromAuditUnderSection479ACompaniesAct2006RelatingToSubsidiaryCompanies" xlink:type="arc"/>
      <link:loc xlink:href="https://xbrl.frc.org.uk/reports/2014-09-01/direp/direp-2014-09-01.xsd#direp_StatementThatCompanyEntitledToExemptionFromAuditUnderSection480CompaniesAct2006RelatingToDormantCompanies" xlink:label="lbl_StatementThatCompanyEntitledToExemptionFromAuditUnderSection480CompaniesAct2006RelatingToDormantCompanies" xlink:type="locator"/>
      <link:presentationArc order="13.0" priority="1" use="prohibited" xlink:arcrole="http://www.xbrl.org/2003/arcrole/parent-child" xlink:from="lbl_EntityDirectorsStatementsHeading" xlink:to="lbl_StatementThatCompanyEntitledToExemptionFromAuditUnderSection480CompaniesAct2006RelatingToDormantCompanies" xlink:type="arc"/>
      <link:loc xlink:href="https://xbrl.frc.org.uk/reports/2014-09-01/direp/direp-2014-09-01.xsd#direp_CompanyHasPublishedCommitmentToUKEffectiveStewardshipCodeTruefalse" xlink:label="lbl_CompanyHasPublishedCommitmentToUKEffectiveStewardshipCodeTruefalse" xlink:type="locator"/>
      <link:presentationArc order="16.0" priority="1" use="prohibited" xlink:arcrole="http://www.xbrl.org/2003/arcrole/parent-child" xlink:from="lbl_EntityDirectorsStatementsHeading" xlink:to="lbl_CompanyHasPublishedCommitmentToUKEffectiveStewardshipCodeTruefalse" xlink:type="arc"/>
      <link:loc xlink:href="https://xbrl.frc.org.uk/reports/2014-09-01/direp/direp-2014-09-01.xsd#direp_StatementThatMembersHaveNotRequiredCompanyToObtainAnAudit" xlink:label="lbl_StatementThatMembersHaveNotRequiredCompanyToObtainAnAudit" xlink:type="locator"/>
      <link:presentationArc order="14.0" priority="1" use="prohibited" xlink:arcrole="http://www.xbrl.org/2003/arcrole/parent-child" xlink:from="lbl_EntityDirectorsStatementsHeading" xlink:to="lbl_StatementThatMembersHaveNotRequiredCompanyToObtainAnAudit" xlink:type="arc"/>
      <link:loc xlink:href="https://xbrl.frc.org.uk/reports/2014-09-01/direp/direp-2014-09-01.xsd#direp_EntityDirectorsStatementsHeading" xlink:label="lbl_EntityDirectorsStatementsHeading1" xlink:type="locator"/>
      <link:presentationArc order="11.0" xlink:arcrole="http://www.xbrl.org/2003/arcrole/parent-child" xlink:from="lbl_EntityDirectorsStatementsHeading1" xlink:to="lbl_StatementThatMembersHaveNotRequiredCompanyToObtainAnAudit" xlink:type="arc"/>
      <link:loc xlink:href="ie-common-2016-12-01.xsd#ie-common_LoansForPurchaseOwnSharesUnderSection60CompaniesAct1963" xlink:label="lbl_LoansForPurchaseOwnSharesUnderSection60CompaniesAct1963" xlink:type="locator"/>
      <link:loc xlink:href="ie-common-2016-12-01.xsd#ie-common_DirectorsDeclarationMaterialInterestInTransactions" xlink:label="lbl_DirectorsDeclarationMaterialInterestInTransactions" xlink:type="locator"/>
   </link:presentationLink>
</link:linkbase>
