<?xml version="1.0" encoding="UTF-8" standalone="yes"?>
<linkbase xmlns="http://www.xbrl.org/2003/linkbase" xmlns:xsi="http://www.w3.org/2001/XMLSchema-instance" xmlns:xlink="http://www.w3.org/1999/xlink" xsi:schemaLocation=" http://www.xbrl.org/2003/linkbase http://www.xbrl.org/2003/xbrl-linkbase-2003-12-31.xsd">
  <presentationLink xlink:type="extended" xlink:role="http://www.xbrl.org/2003/role/link">
    <loc xlink:type="locator" xlink:href="countries-2014-09-01.xsd#countries_CountriesRegionsDimension" xlink:label="countries_CountriesRegionsDimension"/>
    <loc xlink:type="locator" xlink:href="countries-2014-09-01.xsd#countries_CountriesRegionsHeading" xlink:label="countries_CountriesRegionsHeading"/>
    <presentationArc xlink:type="arc" xlink:arcrole="http://www.xbrl.org/2003/arcrole/parent-child" xlink:from="countries_CountriesRegionsDimension" xlink:to="countries_CountriesRegionsHeading" order="1" use="optional"/>
    <loc xlink:type="locator" xlink:href="countries-2014-09-01.xsd#countries_AllCountries" xlink:label="countries_AllCountries"/>
    <presentationArc xlink:type="arc" xlink:arcrole="http://www.xbrl.org/2003/arcrole/parent-child" xlink:from="countries_CountriesRegionsHeading" xlink:to="countries_AllCountries" order="1" use="optional"/>
    <loc xlink:type="locator" xlink:href="countries-2014-09-01.xsd#countries_OtherCountriesRegions" xlink:label="countries_OtherCountriesRegions"/>
    <presentationArc xlink:type="arc" xlink:arcrole="http://www.xbrl.org/2003/arcrole/parent-child" xlink:from="countries_CountriesRegionsHeading" xlink:to="countries_OtherCountriesRegions" order="2" use="optional"/>
    <loc xlink:type="locator" xlink:href="countries-2014-09-01.xsd#countries_HomeCountriesHeading" xlink:label="countries_HomeCountriesHeading"/>
    <presentationArc xlink:type="arc" xlink:arcrole="http://www.xbrl.org/2003/arcrole/parent-child" xlink:from="countries_CountriesRegionsHeading" xlink:to="countries_HomeCountriesHeading" order="3" use="optional"/>
    <loc xlink:type="locator" xlink:href="countries-2014-09-01.xsd#countries_UnitedKingdom" xlink:label="countries_UnitedKingdom"/>
    <presentationArc xlink:type="arc" xlink:arcrole="http://www.xbrl.org/2003/arcrole/parent-child" xlink:from="countries_HomeCountriesHeading" xlink:to="countries_UnitedKingdom" order="1" use="optional"/>
    <loc xlink:type="locator" xlink:href="countries-2014-09-01.xsd#countries_England" xlink:label="countries_England"/>
    <presentationArc xlink:type="arc" xlink:arcrole="http://www.xbrl.org/2003/arcrole/parent-child" xlink:from="countries_HomeCountriesHeading" xlink:to="countries_England" order="2" use="optional"/>
    <loc xlink:type="locator" xlink:href="countries-2014-09-01.xsd#countries_Scotland" xlink:label="countries_Scotland"/>
    <presentationArc xlink:type="arc" xlink:arcrole="http://www.xbrl.org/2003/arcrole/parent-child" xlink:from="countries_HomeCountriesHeading" xlink:to="countries_Scotland" order="3" use="optional"/>
    <loc xlink:type="locator" xlink:href="countries-2014-09-01.xsd#countries_Wales" xlink:label="countries_Wales"/>
    <presentationArc xlink:type="arc" xlink:arcrole="http://www.xbrl.org/2003/arcrole/parent-child" xlink:from="countries_HomeCountriesHeading" xlink:to="countries_Wales" order="4" use="optional"/>
    <loc xlink:type="locator" xlink:href="countries-2014-09-01.xsd#countries_EnglandWales" xlink:label="countries_EnglandWales"/>
    <presentationArc xlink:type="arc" xlink:arcrole="http://www.xbrl.org/2003/arcrole/parent-child" xlink:from="countries_HomeCountriesHeading" xlink:to="countries_EnglandWales" order="5" use="optional"/>
    <loc xlink:type="locator" xlink:href="countries-2014-09-01.xsd#countries_NorthernIreland" xlink:label="countries_NorthernIreland"/>
    <presentationArc xlink:type="arc" xlink:arcrole="http://www.xbrl.org/2003/arcrole/parent-child" xlink:from="countries_HomeCountriesHeading" xlink:to="countries_NorthernIreland" order="6" use="optional"/>
    <loc xlink:type="locator" xlink:href="countries-2014-09-01.xsd#countries_IsleMan" xlink:label="countries_IsleMan"/>
    <presentationArc xlink:type="arc" xlink:arcrole="http://www.xbrl.org/2003/arcrole/parent-child" xlink:from="countries_HomeCountriesHeading" xlink:to="countries_IsleMan" order="7" use="optional"/>
    <loc xlink:type="locator" xlink:href="countries-2014-09-01.xsd#countries_ChannelIslands" xlink:label="countries_ChannelIslands"/>
    <presentationArc xlink:type="arc" xlink:arcrole="http://www.xbrl.org/2003/arcrole/parent-child" xlink:from="countries_HomeCountriesHeading" xlink:to="countries_ChannelIslands" order="8" use="optional"/>
    <loc xlink:type="locator" xlink:href="countries-2014-09-01.xsd#countries_Jersey" xlink:label="countries_Jersey"/>
    <presentationArc xlink:type="arc" xlink:arcrole="http://www.xbrl.org/2003/arcrole/parent-child" xlink:from="countries_ChannelIslands" xlink:to="countries_Jersey" order="1" use="optional"/>
    <loc xlink:type="locator" xlink:href="countries-2014-09-01.xsd#countries_Guernsey" xlink:label="countries_Guernsey"/>
    <presentationArc xlink:type="arc" xlink:arcrole="http://www.xbrl.org/2003/arcrole/parent-child" xlink:from="countries_ChannelIslands" xlink:to="countries_Guernsey" order="2" use="optional"/>
    <loc xlink:type="locator" xlink:href="countries-2014-09-01.xsd#countries_OtherChannelIslands" xlink:label="countries_OtherChannelIslands"/>
    <presentationArc xlink:type="arc" xlink:arcrole="http://www.xbrl.org/2003/arcrole/parent-child" xlink:from="countries_ChannelIslands" xlink:to="countries_OtherChannelIslands" order="3" use="optional"/>
    <loc xlink:type="locator" xlink:href="countries-2014-09-01.xsd#countries_GreatBritain" xlink:label="countries_GreatBritain"/>
    <presentationArc xlink:type="arc" xlink:arcrole="http://www.xbrl.org/2003/arcrole/parent-child" xlink:from="countries_HomeCountriesHeading" xlink:to="countries_GreatBritain" order="9" use="optional"/>
    <loc xlink:type="locator" xlink:href="countries-2014-09-01.xsd#countries_MainRegionsHeading" xlink:label="countries_MainRegionsHeading"/>
    <presentationArc xlink:type="arc" xlink:arcrole="http://www.xbrl.org/2003/arcrole/parent-child" xlink:from="countries_CountriesRegionsHeading" xlink:to="countries_MainRegionsHeading" order="4" use="optional"/>
    <loc xlink:type="locator" xlink:href="countries-2014-09-01.xsd#countries_RestWorldOutsideUK" xlink:label="countries_RestWorldOutsideUK"/>
    <presentationArc xlink:type="arc" xlink:arcrole="http://www.xbrl.org/2003/arcrole/parent-child" xlink:from="countries_MainRegionsHeading" xlink:to="countries_RestWorldOutsideUK" order="1" use="optional"/>
    <loc xlink:type="locator" xlink:href="countries-2014-09-01.xsd#countries_RestEuropeOutsideUK" xlink:label="countries_RestEuropeOutsideUK"/>
    <presentationArc xlink:type="arc" xlink:arcrole="http://www.xbrl.org/2003/arcrole/parent-child" xlink:from="countries_MainRegionsHeading" xlink:to="countries_RestEuropeOutsideUK" order="2" use="optional"/>
    <loc xlink:type="locator" xlink:href="countries-2014-09-01.xsd#countries_EuropeanCommunity" xlink:label="countries_EuropeanCommunity"/>
    <presentationArc xlink:type="arc" xlink:arcrole="http://www.xbrl.org/2003/arcrole/parent-child" xlink:from="countries_MainRegionsHeading" xlink:to="countries_EuropeanCommunity" order="3" use="optional"/>
    <loc xlink:type="locator" xlink:href="countries-2014-09-01.xsd#countries_Europe" xlink:label="countries_Europe"/>
    <presentationArc xlink:type="arc" xlink:arcrole="http://www.xbrl.org/2003/arcrole/parent-child" xlink:from="countries_MainRegionsHeading" xlink:to="countries_Europe" order="4" use="optional"/>
    <loc xlink:type="locator" xlink:href="countries-2014-09-01.xsd#countries_Americas" xlink:label="countries_Americas"/>
    <presentationArc xlink:type="arc" xlink:arcrole="http://www.xbrl.org/2003/arcrole/parent-child" xlink:from="countries_MainRegionsHeading" xlink:to="countries_Americas" order="5" use="optional"/>
    <loc xlink:type="locator" xlink:href="countries-2014-09-01.xsd#countries_NorthAmerica" xlink:label="countries_NorthAmerica"/>
    <presentationArc xlink:type="arc" xlink:arcrole="http://www.xbrl.org/2003/arcrole/parent-child" xlink:from="countries_MainRegionsHeading" xlink:to="countries_NorthAmerica" order="6" use="optional"/>
    <loc xlink:type="locator" xlink:href="countries-2014-09-01.xsd#countries_SouthAmerica" xlink:label="countries_SouthAmerica"/>
    <presentationArc xlink:type="arc" xlink:arcrole="http://www.xbrl.org/2003/arcrole/parent-child" xlink:from="countries_MainRegionsHeading" xlink:to="countries_SouthAmerica" order="7" use="optional"/>
    <loc xlink:type="locator" xlink:href="countries-2014-09-01.xsd#countries_LatinAmericaCaribbean" xlink:label="countries_LatinAmericaCaribbean"/>
    <presentationArc xlink:type="arc" xlink:arcrole="http://www.xbrl.org/2003/arcrole/parent-child" xlink:from="countries_MainRegionsHeading" xlink:to="countries_LatinAmericaCaribbean" order="8" use="optional"/>
    <loc xlink:type="locator" xlink:href="countries-2014-09-01.xsd#countries_LatinAmerica" xlink:label="countries_LatinAmerica"/>
    <presentationArc xlink:type="arc" xlink:arcrole="http://www.xbrl.org/2003/arcrole/parent-child" xlink:from="countries_MainRegionsHeading" xlink:to="countries_LatinAmerica" order="9" use="optional"/>
    <loc xlink:type="locator" xlink:href="countries-2014-09-01.xsd#countries_Caribbean" xlink:label="countries_Caribbean"/>
    <presentationArc xlink:type="arc" xlink:arcrole="http://www.xbrl.org/2003/arcrole/parent-child" xlink:from="countries_MainRegionsHeading" xlink:to="countries_Caribbean" order="10" use="optional"/>
    <loc xlink:type="locator" xlink:href="countries-2014-09-01.xsd#countries_CentralAmerica" xlink:label="countries_CentralAmerica"/>
    <presentationArc xlink:type="arc" xlink:arcrole="http://www.xbrl.org/2003/arcrole/parent-child" xlink:from="countries_MainRegionsHeading" xlink:to="countries_CentralAmerica" order="11" use="optional"/>
    <loc xlink:type="locator" xlink:href="countries-2014-09-01.xsd#countries_MiddleEast" xlink:label="countries_MiddleEast"/>
    <presentationArc xlink:type="arc" xlink:arcrole="http://www.xbrl.org/2003/arcrole/parent-child" xlink:from="countries_MainRegionsHeading" xlink:to="countries_MiddleEast" order="12" use="optional"/>
    <loc xlink:type="locator" xlink:href="countries-2014-09-01.xsd#countries_Africa" xlink:label="countries_Africa"/>
    <presentationArc xlink:type="arc" xlink:arcrole="http://www.xbrl.org/2003/arcrole/parent-child" xlink:from="countries_MainRegionsHeading" xlink:to="countries_Africa" order="13" use="optional"/>
    <loc xlink:type="locator" xlink:href="countries-2014-09-01.xsd#countries_EuropeMiddleEastAfrica" xlink:label="countries_EuropeMiddleEastAfrica"/>
    <presentationArc xlink:type="arc" xlink:arcrole="http://www.xbrl.org/2003/arcrole/parent-child" xlink:from="countries_MainRegionsHeading" xlink:to="countries_EuropeMiddleEastAfrica" order="14" use="optional"/>
    <loc xlink:type="locator" xlink:href="countries-2014-09-01.xsd#countries_Asia" xlink:label="countries_Asia"/>
    <presentationArc xlink:type="arc" xlink:arcrole="http://www.xbrl.org/2003/arcrole/parent-child" xlink:from="countries_MainRegionsHeading" xlink:to="countries_Asia" order="15" use="optional"/>
    <loc xlink:type="locator" xlink:href="countries-2014-09-01.xsd#countries_South-eastAsia" xlink:label="countries_South-eastAsia"/>
    <presentationArc xlink:type="arc" xlink:arcrole="http://www.xbrl.org/2003/arcrole/parent-child" xlink:from="countries_MainRegionsHeading" xlink:to="countries_South-eastAsia" order="16" use="optional"/>
    <loc xlink:type="locator" xlink:href="countries-2014-09-01.xsd#countries_Australasia" xlink:label="countries_Australasia"/>
    <presentationArc xlink:type="arc" xlink:arcrole="http://www.xbrl.org/2003/arcrole/parent-child" xlink:from="countries_MainRegionsHeading" xlink:to="countries_Australasia" order="17" use="optional"/>
    <loc xlink:type="locator" xlink:href="countries-2014-09-01.xsd#countries_FurtherSpecificRegion1ComponentAllCountriesRegions" xlink:label="countries_FurtherSpecificRegion1ComponentAllCountriesRegions"/>
    <presentationArc xlink:type="arc" xlink:arcrole="http://www.xbrl.org/2003/arcrole/parent-child" xlink:from="countries_MainRegionsHeading" xlink:to="countries_FurtherSpecificRegion1ComponentAllCountriesRegions" order="18" use="optional"/>
    <loc xlink:type="locator" xlink:href="countries-2014-09-01.xsd#countries_FurtherSpecificRegion2ComponentAllCountriesRegions" xlink:label="countries_FurtherSpecificRegion2ComponentAllCountriesRegions"/>
    <presentationArc xlink:type="arc" xlink:arcrole="http://www.xbrl.org/2003/arcrole/parent-child" xlink:from="countries_MainRegionsHeading" xlink:to="countries_FurtherSpecificRegion2ComponentAllCountriesRegions" order="19" use="optional"/>
    <loc xlink:type="locator" xlink:href="countries-2014-09-01.xsd#countries_FurtherSpecificRegion3ComponentAllCountriesRegions" xlink:label="countries_FurtherSpecificRegion3ComponentAllCountriesRegions"/>
    <presentationArc xlink:type="arc" xlink:arcrole="http://www.xbrl.org/2003/arcrole/parent-child" xlink:from="countries_MainRegionsHeading" xlink:to="countries_FurtherSpecificRegion3ComponentAllCountriesRegions" order="20" use="optional"/>
    <loc xlink:type="locator" xlink:href="countries-2014-09-01.xsd#countries_FurtherSpecificRegion4ComponentAllCountriesRegions" xlink:label="countries_FurtherSpecificRegion4ComponentAllCountriesRegions"/>
    <presentationArc xlink:type="arc" xlink:arcrole="http://www.xbrl.org/2003/arcrole/parent-child" xlink:from="countries_MainRegionsHeading" xlink:to="countries_FurtherSpecificRegion4ComponentAllCountriesRegions" order="21" use="optional"/>
    <loc xlink:type="locator" xlink:href="countries-2014-09-01.xsd#countries_FurtherSpecificRegion5ComponentAllCountriesRegions" xlink:label="countries_FurtherSpecificRegion5ComponentAllCountriesRegions"/>
    <presentationArc xlink:type="arc" xlink:arcrole="http://www.xbrl.org/2003/arcrole/parent-child" xlink:from="countries_MainRegionsHeading" xlink:to="countries_FurtherSpecificRegion5ComponentAllCountriesRegions" order="22" use="optional"/>
    <loc xlink:type="locator" xlink:href="countries-2014-09-01.xsd#countries_FurtherSpecificRegion6ComponentAllCountriesRegions" xlink:label="countries_FurtherSpecificRegion6ComponentAllCountriesRegions"/>
    <presentationArc xlink:type="arc" xlink:arcrole="http://www.xbrl.org/2003/arcrole/parent-child" xlink:from="countries_MainRegionsHeading" xlink:to="countries_FurtherSpecificRegion6ComponentAllCountriesRegions" order="23" use="optional"/>
    <loc xlink:type="locator" xlink:href="countries-2014-09-01.xsd#countries_FurtherSpecificRegion7ComponentAllCountriesRegions" xlink:label="countries_FurtherSpecificRegion7ComponentAllCountriesRegions"/>
    <presentationArc xlink:type="arc" xlink:arcrole="http://www.xbrl.org/2003/arcrole/parent-child" xlink:from="countries_MainRegionsHeading" xlink:to="countries_FurtherSpecificRegion7ComponentAllCountriesRegions" order="24" use="optional"/>
    <loc xlink:type="locator" xlink:href="countries-2014-09-01.xsd#countries_FurtherSpecificRegion8ComponentAllCountriesRegions" xlink:label="countries_FurtherSpecificRegion8ComponentAllCountriesRegions"/>
    <presentationArc xlink:type="arc" xlink:arcrole="http://www.xbrl.org/2003/arcrole/parent-child" xlink:from="countries_MainRegionsHeading" xlink:to="countries_FurtherSpecificRegion8ComponentAllCountriesRegions" order="25" use="optional"/>
    <loc xlink:type="locator" xlink:href="countries-2014-09-01.xsd#countries_CountryListHeading" xlink:label="countries_CountryListHeading"/>
    <presentationArc xlink:type="arc" xlink:arcrole="http://www.xbrl.org/2003/arcrole/parent-child" xlink:from="countries_CountriesRegionsHeading" xlink:to="countries_CountryListHeading" order="5" use="optional"/>
    <loc xlink:type="locator" xlink:href="countries-2014-09-01.xsd#countries_Afghanistan" xlink:label="countries_Afghanistan"/>
    <presentationArc xlink:type="arc" xlink:arcrole="http://www.xbrl.org/2003/arcrole/parent-child" xlink:from="countries_CountryListHeading" xlink:to="countries_Afghanistan" order="1" use="optional"/>
    <loc xlink:type="locator" xlink:href="countries-2014-09-01.xsd#countries_AlandIslands" xlink:label="countries_AlandIslands"/>
    <presentationArc xlink:type="arc" xlink:arcrole="http://www.xbrl.org/2003/arcrole/parent-child" xlink:from="countries_CountryListHeading" xlink:to="countries_AlandIslands" order="2" use="optional"/>
    <loc xlink:type="locator" xlink:href="countries-2014-09-01.xsd#countries_Albania" xlink:label="countries_Albania"/>
    <presentationArc xlink:type="arc" xlink:arcrole="http://www.xbrl.org/2003/arcrole/parent-child" xlink:from="countries_CountryListHeading" xlink:to="countries_Albania" order="3" use="optional"/>
    <loc xlink:type="locator" xlink:href="countries-2014-09-01.xsd#countries_Algeria" xlink:label="countries_Algeria"/>
    <presentationArc xlink:type="arc" xlink:arcrole="http://www.xbrl.org/2003/arcrole/parent-child" xlink:from="countries_CountryListHeading" xlink:to="countries_Algeria" order="4" use="optional"/>
    <loc xlink:type="locator" xlink:href="countries-2014-09-01.xsd#countries_AmericanSamoa" xlink:label="countries_AmericanSamoa"/>
    <presentationArc xlink:type="arc" xlink:arcrole="http://www.xbrl.org/2003/arcrole/parent-child" xlink:from="countries_CountryListHeading" xlink:to="countries_AmericanSamoa" order="5" use="optional"/>
    <loc xlink:type="locator" xlink:href="countries-2014-09-01.xsd#countries_Andorra" xlink:label="countries_Andorra"/>
    <presentationArc xlink:type="arc" xlink:arcrole="http://www.xbrl.org/2003/arcrole/parent-child" xlink:from="countries_CountryListHeading" xlink:to="countries_Andorra" order="6" use="optional"/>
    <loc xlink:type="locator" xlink:href="countries-2014-09-01.xsd#countries_Angola" xlink:label="countries_Angola"/>
    <presentationArc xlink:type="arc" xlink:arcrole="http://www.xbrl.org/2003/arcrole/parent-child" xlink:from="countries_CountryListHeading" xlink:to="countries_Angola" order="7" use="optional"/>
    <loc xlink:type="locator" xlink:href="countries-2014-09-01.xsd#countries_Anguilla" xlink:label="countries_Anguilla"/>
    <presentationArc xlink:type="arc" xlink:arcrole="http://www.xbrl.org/2003/arcrole/parent-child" xlink:from="countries_CountryListHeading" xlink:to="countries_Anguilla" order="8" use="optional"/>
    <loc xlink:type="locator" xlink:href="countries-2014-09-01.xsd#countries_Antarctica" xlink:label="countries_Antarctica"/>
    <presentationArc xlink:type="arc" xlink:arcrole="http://www.xbrl.org/2003/arcrole/parent-child" xlink:from="countries_CountryListHeading" xlink:to="countries_Antarctica" order="9" use="optional"/>
    <loc xlink:type="locator" xlink:href="countries-2014-09-01.xsd#countries_AntiguaBarbuda" xlink:label="countries_AntiguaBarbuda"/>
    <presentationArc xlink:type="arc" xlink:arcrole="http://www.xbrl.org/2003/arcrole/parent-child" xlink:from="countries_CountryListHeading" xlink:to="countries_AntiguaBarbuda" order="10" use="optional"/>
    <loc xlink:type="locator" xlink:href="countries-2014-09-01.xsd#countries_Argentina" xlink:label="countries_Argentina"/>
    <presentationArc xlink:type="arc" xlink:arcrole="http://www.xbrl.org/2003/arcrole/parent-child" xlink:from="countries_CountryListHeading" xlink:to="countries_Argentina" order="11" use="optional"/>
    <loc xlink:type="locator" xlink:href="countries-2014-09-01.xsd#countries_Armenia" xlink:label="countries_Armenia"/>
    <presentationArc xlink:type="arc" xlink:arcrole="http://www.xbrl.org/2003/arcrole/parent-child" xlink:from="countries_CountryListHeading" xlink:to="countries_Armenia" order="12" use="optional"/>
    <loc xlink:type="locator" xlink:href="countries-2014-09-01.xsd#countries_Aruba" xlink:label="countries_Aruba"/>
    <presentationArc xlink:type="arc" xlink:arcrole="http://www.xbrl.org/2003/arcrole/parent-child" xlink:from="countries_CountryListHeading" xlink:to="countries_Aruba" order="13" use="optional"/>
    <loc xlink:type="locator" xlink:href="countries-2014-09-01.xsd#countries_Australia" xlink:label="countries_Australia"/>
    <presentationArc xlink:type="arc" xlink:arcrole="http://www.xbrl.org/2003/arcrole/parent-child" xlink:from="countries_CountryListHeading" xlink:to="countries_Australia" order="14" use="optional"/>
    <loc xlink:type="locator" xlink:href="countries-2014-09-01.xsd#countries_Austria" xlink:label="countries_Austria"/>
    <presentationArc xlink:type="arc" xlink:arcrole="http://www.xbrl.org/2003/arcrole/parent-child" xlink:from="countries_CountryListHeading" xlink:to="countries_Austria" order="15" use="optional"/>
    <loc xlink:type="locator" xlink:href="countries-2014-09-01.xsd#countries_Azerbaijan" xlink:label="countries_Azerbaijan"/>
    <presentationArc xlink:type="arc" xlink:arcrole="http://www.xbrl.org/2003/arcrole/parent-child" xlink:from="countries_CountryListHeading" xlink:to="countries_Azerbaijan" order="16" use="optional"/>
    <loc xlink:type="locator" xlink:href="countries-2014-09-01.xsd#countries_Bahamas" xlink:label="countries_Bahamas"/>
    <presentationArc xlink:type="arc" xlink:arcrole="http://www.xbrl.org/2003/arcrole/parent-child" xlink:from="countries_CountryListHeading" xlink:to="countries_Bahamas" order="17" use="optional"/>
    <loc xlink:type="locator" xlink:href="countries-2014-09-01.xsd#countries_Bahrain" xlink:label="countries_Bahrain"/>
    <presentationArc xlink:type="arc" xlink:arcrole="http://www.xbrl.org/2003/arcrole/parent-child" xlink:from="countries_CountryListHeading" xlink:to="countries_Bahrain" order="18" use="optional"/>
    <loc xlink:type="locator" xlink:href="countries-2014-09-01.xsd#countries_Bangladesh" xlink:label="countries_Bangladesh"/>
    <presentationArc xlink:type="arc" xlink:arcrole="http://www.xbrl.org/2003/arcrole/parent-child" xlink:from="countries_CountryListHeading" xlink:to="countries_Bangladesh" order="19" use="optional"/>
    <loc xlink:type="locator" xlink:href="countries-2014-09-01.xsd#countries_Barbados" xlink:label="countries_Barbados"/>
    <presentationArc xlink:type="arc" xlink:arcrole="http://www.xbrl.org/2003/arcrole/parent-child" xlink:from="countries_CountryListHeading" xlink:to="countries_Barbados" order="20" use="optional"/>
    <loc xlink:type="locator" xlink:href="countries-2014-09-01.xsd#countries_Belarus" xlink:label="countries_Belarus"/>
    <presentationArc xlink:type="arc" xlink:arcrole="http://www.xbrl.org/2003/arcrole/parent-child" xlink:from="countries_CountryListHeading" xlink:to="countries_Belarus" order="21" use="optional"/>
    <loc xlink:type="locator" xlink:href="countries-2014-09-01.xsd#countries_Belgium" xlink:label="countries_Belgium"/>
    <presentationArc xlink:type="arc" xlink:arcrole="http://www.xbrl.org/2003/arcrole/parent-child" xlink:from="countries_CountryListHeading" xlink:to="countries_Belgium" order="22" use="optional"/>
    <loc xlink:type="locator" xlink:href="countries-2014-09-01.xsd#countries_Belize" xlink:label="countries_Belize"/>
    <presentationArc xlink:type="arc" xlink:arcrole="http://www.xbrl.org/2003/arcrole/parent-child" xlink:from="countries_CountryListHeading" xlink:to="countries_Belize" order="23" use="optional"/>
    <loc xlink:type="locator" xlink:href="countries-2014-09-01.xsd#countries_Benin" xlink:label="countries_Benin"/>
    <presentationArc xlink:type="arc" xlink:arcrole="http://www.xbrl.org/2003/arcrole/parent-child" xlink:from="countries_CountryListHeading" xlink:to="countries_Benin" order="24" use="optional"/>
    <loc xlink:type="locator" xlink:href="countries-2014-09-01.xsd#countries_Bermuda" xlink:label="countries_Bermuda"/>
    <presentationArc xlink:type="arc" xlink:arcrole="http://www.xbrl.org/2003/arcrole/parent-child" xlink:from="countries_CountryListHeading" xlink:to="countries_Bermuda" order="25" use="optional"/>
    <loc xlink:type="locator" xlink:href="countries-2014-09-01.xsd#countries_Bhutan" xlink:label="countries_Bhutan"/>
    <presentationArc xlink:type="arc" xlink:arcrole="http://www.xbrl.org/2003/arcrole/parent-child" xlink:from="countries_CountryListHeading" xlink:to="countries_Bhutan" order="26" use="optional"/>
    <loc xlink:type="locator" xlink:href="countries-2014-09-01.xsd#countries_Bolivia" xlink:label="countries_Bolivia"/>
    <presentationArc xlink:type="arc" xlink:arcrole="http://www.xbrl.org/2003/arcrole/parent-child" xlink:from="countries_CountryListHeading" xlink:to="countries_Bolivia" order="27" use="optional"/>
    <loc xlink:type="locator" xlink:href="countries-2014-09-01.xsd#countries_BonaireSintEustatiusSaba" xlink:label="countries_BonaireSintEustatiusSaba"/>
    <presentationArc xlink:type="arc" xlink:arcrole="http://www.xbrl.org/2003/arcrole/parent-child" xlink:from="countries_CountryListHeading" xlink:to="countries_BonaireSintEustatiusSaba" order="28" use="optional"/>
    <loc xlink:type="locator" xlink:href="countries-2014-09-01.xsd#countries_BosniaHerzegovina" xlink:label="countries_BosniaHerzegovina"/>
    <presentationArc xlink:type="arc" xlink:arcrole="http://www.xbrl.org/2003/arcrole/parent-child" xlink:from="countries_CountryListHeading" xlink:to="countries_BosniaHerzegovina" order="29" use="optional"/>
    <loc xlink:type="locator" xlink:href="countries-2014-09-01.xsd#countries_Botswana" xlink:label="countries_Botswana"/>
    <presentationArc xlink:type="arc" xlink:arcrole="http://www.xbrl.org/2003/arcrole/parent-child" xlink:from="countries_CountryListHeading" xlink:to="countries_Botswana" order="30" use="optional"/>
    <loc xlink:type="locator" xlink:href="countries-2014-09-01.xsd#countries_BouvetIsland" xlink:label="countries_BouvetIsland"/>
    <presentationArc xlink:type="arc" xlink:arcrole="http://www.xbrl.org/2003/arcrole/parent-child" xlink:from="countries_CountryListHeading" xlink:to="countries_BouvetIsland" order="31" use="optional"/>
    <loc xlink:type="locator" xlink:href="countries-2014-09-01.xsd#countries_Brazil" xlink:label="countries_Brazil"/>
    <presentationArc xlink:type="arc" xlink:arcrole="http://www.xbrl.org/2003/arcrole/parent-child" xlink:from="countries_CountryListHeading" xlink:to="countries_Brazil" order="32" use="optional"/>
    <loc xlink:type="locator" xlink:href="countries-2014-09-01.xsd#countries_BritishIndianOceanTerritory" xlink:label="countries_BritishIndianOceanTerritory"/>
    <presentationArc xlink:type="arc" xlink:arcrole="http://www.xbrl.org/2003/arcrole/parent-child" xlink:from="countries_CountryListHeading" xlink:to="countries_BritishIndianOceanTerritory" order="33" use="optional"/>
    <loc xlink:type="locator" xlink:href="countries-2014-09-01.xsd#countries_BruneiDarussalam" xlink:label="countries_BruneiDarussalam"/>
    <presentationArc xlink:type="arc" xlink:arcrole="http://www.xbrl.org/2003/arcrole/parent-child" xlink:from="countries_CountryListHeading" xlink:to="countries_BruneiDarussalam" order="34" use="optional"/>
    <loc xlink:type="locator" xlink:href="countries-2014-09-01.xsd#countries_Bulgaria" xlink:label="countries_Bulgaria"/>
    <presentationArc xlink:type="arc" xlink:arcrole="http://www.xbrl.org/2003/arcrole/parent-child" xlink:from="countries_CountryListHeading" xlink:to="countries_Bulgaria" order="35" use="optional"/>
    <loc xlink:type="locator" xlink:href="countries-2014-09-01.xsd#countries_BurkinaFaso" xlink:label="countries_BurkinaFaso"/>
    <presentationArc xlink:type="arc" xlink:arcrole="http://www.xbrl.org/2003/arcrole/parent-child" xlink:from="countries_CountryListHeading" xlink:to="countries_BurkinaFaso" order="36" use="optional"/>
    <loc xlink:type="locator" xlink:href="countries-2014-09-01.xsd#countries_Burundi" xlink:label="countries_Burundi"/>
    <presentationArc xlink:type="arc" xlink:arcrole="http://www.xbrl.org/2003/arcrole/parent-child" xlink:from="countries_CountryListHeading" xlink:to="countries_Burundi" order="37" use="optional"/>
    <loc xlink:type="locator" xlink:href="countries-2014-09-01.xsd#countries_Cambodia" xlink:label="countries_Cambodia"/>
    <presentationArc xlink:type="arc" xlink:arcrole="http://www.xbrl.org/2003/arcrole/parent-child" xlink:from="countries_CountryListHeading" xlink:to="countries_Cambodia" order="38" use="optional"/>
    <loc xlink:type="locator" xlink:href="countries-2014-09-01.xsd#countries_Cameroon" xlink:label="countries_Cameroon"/>
    <presentationArc xlink:type="arc" xlink:arcrole="http://www.xbrl.org/2003/arcrole/parent-child" xlink:from="countries_CountryListHeading" xlink:to="countries_Cameroon" order="39" use="optional"/>
    <loc xlink:type="locator" xlink:href="countries-2014-09-01.xsd#countries_Canada" xlink:label="countries_Canada"/>
    <presentationArc xlink:type="arc" xlink:arcrole="http://www.xbrl.org/2003/arcrole/parent-child" xlink:from="countries_CountryListHeading" xlink:to="countries_Canada" order="40" use="optional"/>
    <loc xlink:type="locator" xlink:href="countries-2014-09-01.xsd#countries_CapeVerde" xlink:label="countries_CapeVerde"/>
    <presentationArc xlink:type="arc" xlink:arcrole="http://www.xbrl.org/2003/arcrole/parent-child" xlink:from="countries_CountryListHeading" xlink:to="countries_CapeVerde" order="41" use="optional"/>
    <loc xlink:type="locator" xlink:href="countries-2014-09-01.xsd#countries_CaymanIslands" xlink:label="countries_CaymanIslands"/>
    <presentationArc xlink:type="arc" xlink:arcrole="http://www.xbrl.org/2003/arcrole/parent-child" xlink:from="countries_CountryListHeading" xlink:to="countries_CaymanIslands" order="42" use="optional"/>
    <loc xlink:type="locator" xlink:href="countries-2014-09-01.xsd#countries_CentralAfricanRepublic" xlink:label="countries_CentralAfricanRepublic"/>
    <presentationArc xlink:type="arc" xlink:arcrole="http://www.xbrl.org/2003/arcrole/parent-child" xlink:from="countries_CountryListHeading" xlink:to="countries_CentralAfricanRepublic" order="43" use="optional"/>
    <loc xlink:type="locator" xlink:href="countries-2014-09-01.xsd#countries_Chad" xlink:label="countries_Chad"/>
    <presentationArc xlink:type="arc" xlink:arcrole="http://www.xbrl.org/2003/arcrole/parent-child" xlink:from="countries_CountryListHeading" xlink:to="countries_Chad" order="44" use="optional"/>
    <loc xlink:type="locator" xlink:href="countries-2014-09-01.xsd#countries_Chile" xlink:label="countries_Chile"/>
    <presentationArc xlink:type="arc" xlink:arcrole="http://www.xbrl.org/2003/arcrole/parent-child" xlink:from="countries_CountryListHeading" xlink:to="countries_Chile" order="45" use="optional"/>
    <loc xlink:type="locator" xlink:href="countries-2014-09-01.xsd#countries_China" xlink:label="countries_China"/>
    <presentationArc xlink:type="arc" xlink:arcrole="http://www.xbrl.org/2003/arcrole/parent-child" xlink:from="countries_CountryListHeading" xlink:to="countries_China" order="46" use="optional"/>
    <loc xlink:type="locator" xlink:href="countries-2014-09-01.xsd#countries_ChristmasIsland" xlink:label="countries_ChristmasIsland"/>
    <presentationArc xlink:type="arc" xlink:arcrole="http://www.xbrl.org/2003/arcrole/parent-child" xlink:from="countries_CountryListHeading" xlink:to="countries_ChristmasIsland" order="47" use="optional"/>
    <loc xlink:type="locator" xlink:href="countries-2014-09-01.xsd#countries_CocosKeelingIslands" xlink:label="countries_CocosKeelingIslands"/>
    <presentationArc xlink:type="arc" xlink:arcrole="http://www.xbrl.org/2003/arcrole/parent-child" xlink:from="countries_CountryListHeading" xlink:to="countries_CocosKeelingIslands" order="48" use="optional"/>
    <loc xlink:type="locator" xlink:href="countries-2014-09-01.xsd#countries_Colombia" xlink:label="countries_Colombia"/>
    <presentationArc xlink:type="arc" xlink:arcrole="http://www.xbrl.org/2003/arcrole/parent-child" xlink:from="countries_CountryListHeading" xlink:to="countries_Colombia" order="49" use="optional"/>
    <loc xlink:type="locator" xlink:href="countries-2014-09-01.xsd#countries_Comoros" xlink:label="countries_Comoros"/>
    <presentationArc xlink:type="arc" xlink:arcrole="http://www.xbrl.org/2003/arcrole/parent-child" xlink:from="countries_CountryListHeading" xlink:to="countries_Comoros" order="50" use="optional"/>
    <loc xlink:type="locator" xlink:href="countries-2014-09-01.xsd#countries_Congo" xlink:label="countries_Congo"/>
    <presentationArc xlink:type="arc" xlink:arcrole="http://www.xbrl.org/2003/arcrole/parent-child" xlink:from="countries_CountryListHeading" xlink:to="countries_Congo" order="51" use="optional"/>
    <loc xlink:type="locator" xlink:href="countries-2014-09-01.xsd#countries_CongoDemocraticRepublic" xlink:label="countries_CongoDemocraticRepublic"/>
    <presentationArc xlink:type="arc" xlink:arcrole="http://www.xbrl.org/2003/arcrole/parent-child" xlink:from="countries_CountryListHeading" xlink:to="countries_CongoDemocraticRepublic" order="52" use="optional"/>
    <loc xlink:type="locator" xlink:href="countries-2014-09-01.xsd#countries_CookIslands" xlink:label="countries_CookIslands"/>
    <presentationArc xlink:type="arc" xlink:arcrole="http://www.xbrl.org/2003/arcrole/parent-child" xlink:from="countries_CountryListHeading" xlink:to="countries_CookIslands" order="53" use="optional"/>
    <loc xlink:type="locator" xlink:href="countries-2014-09-01.xsd#countries_CostaRica" xlink:label="countries_CostaRica"/>
    <presentationArc xlink:type="arc" xlink:arcrole="http://www.xbrl.org/2003/arcrole/parent-child" xlink:from="countries_CountryListHeading" xlink:to="countries_CostaRica" order="54" use="optional"/>
    <loc xlink:type="locator" xlink:href="countries-2014-09-01.xsd#countries_CoteDIvoire" xlink:label="countries_CoteDIvoire"/>
    <presentationArc xlink:type="arc" xlink:arcrole="http://www.xbrl.org/2003/arcrole/parent-child" xlink:from="countries_CountryListHeading" xlink:to="countries_CoteDIvoire" order="55" use="optional"/>
    <loc xlink:type="locator" xlink:href="countries-2014-09-01.xsd#countries_Croatia" xlink:label="countries_Croatia"/>
    <presentationArc xlink:type="arc" xlink:arcrole="http://www.xbrl.org/2003/arcrole/parent-child" xlink:from="countries_CountryListHeading" xlink:to="countries_Croatia" order="56" use="optional"/>
    <loc xlink:type="locator" xlink:href="countries-2014-09-01.xsd#countries_Cuba" xlink:label="countries_Cuba"/>
    <presentationArc xlink:type="arc" xlink:arcrole="http://www.xbrl.org/2003/arcrole/parent-child" xlink:from="countries_CountryListHeading" xlink:to="countries_Cuba" order="57" use="optional"/>
    <loc xlink:type="locator" xlink:href="countries-2014-09-01.xsd#countries_Cura%C3%A7ao" xlink:label="countries_Curaçao"/>
    <presentationArc xlink:type="arc" xlink:arcrole="http://www.xbrl.org/2003/arcrole/parent-child" xlink:from="countries_CountryListHeading" xlink:to="countries_Curaçao" order="58" use="optional"/>
    <loc xlink:type="locator" xlink:href="countries-2014-09-01.xsd#countries_Cyprus" xlink:label="countries_Cyprus"/>
    <presentationArc xlink:type="arc" xlink:arcrole="http://www.xbrl.org/2003/arcrole/parent-child" xlink:from="countries_CountryListHeading" xlink:to="countries_Cyprus" order="59" use="optional"/>
    <loc xlink:type="locator" xlink:href="countries-2014-09-01.xsd#countries_CzechRepublic" xlink:label="countries_CzechRepublic"/>
    <presentationArc xlink:type="arc" xlink:arcrole="http://www.xbrl.org/2003/arcrole/parent-child" xlink:from="countries_CountryListHeading" xlink:to="countries_CzechRepublic" order="60" use="optional"/>
    <loc xlink:type="locator" xlink:href="countries-2014-09-01.xsd#countries_Denmark" xlink:label="countries_Denmark"/>
    <presentationArc xlink:type="arc" xlink:arcrole="http://www.xbrl.org/2003/arcrole/parent-child" xlink:from="countries_CountryListHeading" xlink:to="countries_Denmark" order="61" use="optional"/>
    <loc xlink:type="locator" xlink:href="countries-2014-09-01.xsd#countries_Djibouti" xlink:label="countries_Djibouti"/>
    <presentationArc xlink:type="arc" xlink:arcrole="http://www.xbrl.org/2003/arcrole/parent-child" xlink:from="countries_CountryListHeading" xlink:to="countries_Djibouti" order="62" use="optional"/>
    <loc xlink:type="locator" xlink:href="countries-2014-09-01.xsd#countries_Dominica" xlink:label="countries_Dominica"/>
    <presentationArc xlink:type="arc" xlink:arcrole="http://www.xbrl.org/2003/arcrole/parent-child" xlink:from="countries_CountryListHeading" xlink:to="countries_Dominica" order="63" use="optional"/>
    <loc xlink:type="locator" xlink:href="countries-2014-09-01.xsd#countries_DominicanRepublic" xlink:label="countries_DominicanRepublic"/>
    <presentationArc xlink:type="arc" xlink:arcrole="http://www.xbrl.org/2003/arcrole/parent-child" xlink:from="countries_CountryListHeading" xlink:to="countries_DominicanRepublic" order="64" use="optional"/>
    <loc xlink:type="locator" xlink:href="countries-2014-09-01.xsd#countries_Ecuador" xlink:label="countries_Ecuador"/>
    <presentationArc xlink:type="arc" xlink:arcrole="http://www.xbrl.org/2003/arcrole/parent-child" xlink:from="countries_CountryListHeading" xlink:to="countries_Ecuador" order="65" use="optional"/>
    <loc xlink:type="locator" xlink:href="countries-2014-09-01.xsd#countries_Egypt" xlink:label="countries_Egypt"/>
    <presentationArc xlink:type="arc" xlink:arcrole="http://www.xbrl.org/2003/arcrole/parent-child" xlink:from="countries_CountryListHeading" xlink:to="countries_Egypt" order="66" use="optional"/>
    <loc xlink:type="locator" xlink:href="countries-2014-09-01.xsd#countries_ElSalvador" xlink:label="countries_ElSalvador"/>
    <presentationArc xlink:type="arc" xlink:arcrole="http://www.xbrl.org/2003/arcrole/parent-child" xlink:from="countries_CountryListHeading" xlink:to="countries_ElSalvador" order="67" use="optional"/>
    <loc xlink:type="locator" xlink:href="countries-2014-09-01.xsd#countries_EquatorialGuinea" xlink:label="countries_EquatorialGuinea"/>
    <presentationArc xlink:type="arc" xlink:arcrole="http://www.xbrl.org/2003/arcrole/parent-child" xlink:from="countries_CountryListHeading" xlink:to="countries_EquatorialGuinea" order="68" use="optional"/>
    <loc xlink:type="locator" xlink:href="countries-2014-09-01.xsd#countries_Eritrea" xlink:label="countries_Eritrea"/>
    <presentationArc xlink:type="arc" xlink:arcrole="http://www.xbrl.org/2003/arcrole/parent-child" xlink:from="countries_CountryListHeading" xlink:to="countries_Eritrea" order="69" use="optional"/>
    <loc xlink:type="locator" xlink:href="countries-2014-09-01.xsd#countries_Estonia" xlink:label="countries_Estonia"/>
    <presentationArc xlink:type="arc" xlink:arcrole="http://www.xbrl.org/2003/arcrole/parent-child" xlink:from="countries_CountryListHeading" xlink:to="countries_Estonia" order="70" use="optional"/>
    <loc xlink:type="locator" xlink:href="countries-2014-09-01.xsd#countries_Ethiopia" xlink:label="countries_Ethiopia"/>
    <presentationArc xlink:type="arc" xlink:arcrole="http://www.xbrl.org/2003/arcrole/parent-child" xlink:from="countries_CountryListHeading" xlink:to="countries_Ethiopia" order="71" use="optional"/>
    <loc xlink:type="locator" xlink:href="countries-2014-09-01.xsd#countries_FalklandIslandsMalvinas" xlink:label="countries_FalklandIslandsMalvinas"/>
    <presentationArc xlink:type="arc" xlink:arcrole="http://www.xbrl.org/2003/arcrole/parent-child" xlink:from="countries_CountryListHeading" xlink:to="countries_FalklandIslandsMalvinas" order="72" use="optional"/>
    <loc xlink:type="locator" xlink:href="countries-2014-09-01.xsd#countries_FaroeIslands" xlink:label="countries_FaroeIslands"/>
    <presentationArc xlink:type="arc" xlink:arcrole="http://www.xbrl.org/2003/arcrole/parent-child" xlink:from="countries_CountryListHeading" xlink:to="countries_FaroeIslands" order="73" use="optional"/>
    <loc xlink:type="locator" xlink:href="countries-2014-09-01.xsd#countries_Fiji" xlink:label="countries_Fiji"/>
    <presentationArc xlink:type="arc" xlink:arcrole="http://www.xbrl.org/2003/arcrole/parent-child" xlink:from="countries_CountryListHeading" xlink:to="countries_Fiji" order="74" use="optional"/>
    <loc xlink:type="locator" xlink:href="countries-2014-09-01.xsd#countries_Finland" xlink:label="countries_Finland"/>
    <presentationArc xlink:type="arc" xlink:arcrole="http://www.xbrl.org/2003/arcrole/parent-child" xlink:from="countries_CountryListHeading" xlink:to="countries_Finland" order="75" use="optional"/>
    <loc xlink:type="locator" xlink:href="countries-2014-09-01.xsd#countries_France" xlink:label="countries_France"/>
    <presentationArc xlink:type="arc" xlink:arcrole="http://www.xbrl.org/2003/arcrole/parent-child" xlink:from="countries_CountryListHeading" xlink:to="countries_France" order="76" use="optional"/>
    <loc xlink:type="locator" xlink:href="countries-2014-09-01.xsd#countries_FrenchGuiana" xlink:label="countries_FrenchGuiana"/>
    <presentationArc xlink:type="arc" xlink:arcrole="http://www.xbrl.org/2003/arcrole/parent-child" xlink:from="countries_CountryListHeading" xlink:to="countries_FrenchGuiana" order="77" use="optional"/>
    <loc xlink:type="locator" xlink:href="countries-2014-09-01.xsd#countries_FrenchPolynesia" xlink:label="countries_FrenchPolynesia"/>
    <presentationArc xlink:type="arc" xlink:arcrole="http://www.xbrl.org/2003/arcrole/parent-child" xlink:from="countries_CountryListHeading" xlink:to="countries_FrenchPolynesia" order="78" use="optional"/>
    <loc xlink:type="locator" xlink:href="countries-2014-09-01.xsd#countries_FrenchSouthernTerritories" xlink:label="countries_FrenchSouthernTerritories"/>
    <presentationArc xlink:type="arc" xlink:arcrole="http://www.xbrl.org/2003/arcrole/parent-child" xlink:from="countries_CountryListHeading" xlink:to="countries_FrenchSouthernTerritories" order="79" use="optional"/>
    <loc xlink:type="locator" xlink:href="countries-2014-09-01.xsd#countries_Gabon" xlink:label="countries_Gabon"/>
    <presentationArc xlink:type="arc" xlink:arcrole="http://www.xbrl.org/2003/arcrole/parent-child" xlink:from="countries_CountryListHeading" xlink:to="countries_Gabon" order="80" use="optional"/>
    <loc xlink:type="locator" xlink:href="countries-2014-09-01.xsd#countries_Gambia" xlink:label="countries_Gambia"/>
    <presentationArc xlink:type="arc" xlink:arcrole="http://www.xbrl.org/2003/arcrole/parent-child" xlink:from="countries_CountryListHeading" xlink:to="countries_Gambia" order="81" use="optional"/>
    <loc xlink:type="locator" xlink:href="countries-2014-09-01.xsd#countries_Georgia" xlink:label="countries_Georgia"/>
    <presentationArc xlink:type="arc" xlink:arcrole="http://www.xbrl.org/2003/arcrole/parent-child" xlink:from="countries_CountryListHeading" xlink:to="countries_Georgia" order="82" use="optional"/>
    <loc xlink:type="locator" xlink:href="countries-2014-09-01.xsd#countries_Germany" xlink:label="countries_Germany"/>
    <presentationArc xlink:type="arc" xlink:arcrole="http://www.xbrl.org/2003/arcrole/parent-child" xlink:from="countries_CountryListHeading" xlink:to="countries_Germany" order="83" use="optional"/>
    <loc xlink:type="locator" xlink:href="countries-2014-09-01.xsd#countries_Ghana" xlink:label="countries_Ghana"/>
    <presentationArc xlink:type="arc" xlink:arcrole="http://www.xbrl.org/2003/arcrole/parent-child" xlink:from="countries_CountryListHeading" xlink:to="countries_Ghana" order="84" use="optional"/>
    <loc xlink:type="locator" xlink:href="countries-2014-09-01.xsd#countries_Gibraltar" xlink:label="countries_Gibraltar"/>
    <presentationArc xlink:type="arc" xlink:arcrole="http://www.xbrl.org/2003/arcrole/parent-child" xlink:from="countries_CountryListHeading" xlink:to="countries_Gibraltar" order="85" use="optional"/>
    <loc xlink:type="locator" xlink:href="countries-2014-09-01.xsd#countries_Greece" xlink:label="countries_Greece"/>
    <presentationArc xlink:type="arc" xlink:arcrole="http://www.xbrl.org/2003/arcrole/parent-child" xlink:from="countries_CountryListHeading" xlink:to="countries_Greece" order="86" use="optional"/>
    <loc xlink:type="locator" xlink:href="countries-2014-09-01.xsd#countries_Greenland" xlink:label="countries_Greenland"/>
    <presentationArc xlink:type="arc" xlink:arcrole="http://www.xbrl.org/2003/arcrole/parent-child" xlink:from="countries_CountryListHeading" xlink:to="countries_Greenland" order="87" use="optional"/>
    <loc xlink:type="locator" xlink:href="countries-2014-09-01.xsd#countries_Grenada" xlink:label="countries_Grenada"/>
    <presentationArc xlink:type="arc" xlink:arcrole="http://www.xbrl.org/2003/arcrole/parent-child" xlink:from="countries_CountryListHeading" xlink:to="countries_Grenada" order="88" use="optional"/>
    <loc xlink:type="locator" xlink:href="countries-2014-09-01.xsd#countries_Guadeloupe" xlink:label="countries_Guadeloupe"/>
    <presentationArc xlink:type="arc" xlink:arcrole="http://www.xbrl.org/2003/arcrole/parent-child" xlink:from="countries_CountryListHeading" xlink:to="countries_Guadeloupe" order="89" use="optional"/>
    <loc xlink:type="locator" xlink:href="countries-2014-09-01.xsd#countries_Guam" xlink:label="countries_Guam"/>
    <presentationArc xlink:type="arc" xlink:arcrole="http://www.xbrl.org/2003/arcrole/parent-child" xlink:from="countries_CountryListHeading" xlink:to="countries_Guam" order="90" use="optional"/>
    <loc xlink:type="locator" xlink:href="countries-2014-09-01.xsd#countries_Guatemala" xlink:label="countries_Guatemala"/>
    <presentationArc xlink:type="arc" xlink:arcrole="http://www.xbrl.org/2003/arcrole/parent-child" xlink:from="countries_CountryListHeading" xlink:to="countries_Guatemala" order="91" use="optional"/>
    <presentationArc xlink:type="arc" xlink:arcrole="http://www.xbrl.org/2003/arcrole/parent-child" xlink:from="countries_CountryListHeading" xlink:to="countries_Guernsey" order="92" use="optional"/>
    <loc xlink:type="locator" xlink:href="countries-2014-09-01.xsd#countries_Guinea" xlink:label="countries_Guinea"/>
    <presentationArc xlink:type="arc" xlink:arcrole="http://www.xbrl.org/2003/arcrole/parent-child" xlink:from="countries_CountryListHeading" xlink:to="countries_Guinea" order="93" use="optional"/>
    <loc xlink:type="locator" xlink:href="countries-2014-09-01.xsd#countries_Guinea-Bissau" xlink:label="countries_Guinea-Bissau"/>
    <presentationArc xlink:type="arc" xlink:arcrole="http://www.xbrl.org/2003/arcrole/parent-child" xlink:from="countries_CountryListHeading" xlink:to="countries_Guinea-Bissau" order="94" use="optional"/>
    <loc xlink:type="locator" xlink:href="countries-2014-09-01.xsd#countries_Guyana" xlink:label="countries_Guyana"/>
    <presentationArc xlink:type="arc" xlink:arcrole="http://www.xbrl.org/2003/arcrole/parent-child" xlink:from="countries_CountryListHeading" xlink:to="countries_Guyana" order="95" use="optional"/>
    <loc xlink:type="locator" xlink:href="countries-2014-09-01.xsd#countries_Haiti" xlink:label="countries_Haiti"/>
    <presentationArc xlink:type="arc" xlink:arcrole="http://www.xbrl.org/2003/arcrole/parent-child" xlink:from="countries_CountryListHeading" xlink:to="countries_Haiti" order="96" use="optional"/>
    <loc xlink:type="locator" xlink:href="countries-2014-09-01.xsd#countries_HeardIslandMcDonaldIslands" xlink:label="countries_HeardIslandMcDonaldIslands"/>
    <presentationArc xlink:type="arc" xlink:arcrole="http://www.xbrl.org/2003/arcrole/parent-child" xlink:from="countries_CountryListHeading" xlink:to="countries_HeardIslandMcDonaldIslands" order="97" use="optional"/>
    <loc xlink:type="locator" xlink:href="countries-2014-09-01.xsd#countries_HolySeeVaticanCityState" xlink:label="countries_HolySeeVaticanCityState"/>
    <presentationArc xlink:type="arc" xlink:arcrole="http://www.xbrl.org/2003/arcrole/parent-child" xlink:from="countries_CountryListHeading" xlink:to="countries_HolySeeVaticanCityState" order="98" use="optional"/>
    <loc xlink:type="locator" xlink:href="countries-2014-09-01.xsd#countries_Honduras" xlink:label="countries_Honduras"/>
    <presentationArc xlink:type="arc" xlink:arcrole="http://www.xbrl.org/2003/arcrole/parent-child" xlink:from="countries_CountryListHeading" xlink:to="countries_Honduras" order="99" use="optional"/>
    <loc xlink:type="locator" xlink:href="countries-2014-09-01.xsd#countries_HongKong" xlink:label="countries_HongKong"/>
    <presentationArc xlink:type="arc" xlink:arcrole="http://www.xbrl.org/2003/arcrole/parent-child" xlink:from="countries_CountryListHeading" xlink:to="countries_HongKong" order="100" use="optional"/>
    <loc xlink:type="locator" xlink:href="countries-2014-09-01.xsd#countries_Hungary" xlink:label="countries_Hungary"/>
    <presentationArc xlink:type="arc" xlink:arcrole="http://www.xbrl.org/2003/arcrole/parent-child" xlink:from="countries_CountryListHeading" xlink:to="countries_Hungary" order="101" use="optional"/>
    <loc xlink:type="locator" xlink:href="countries-2014-09-01.xsd#countries_Iceland" xlink:label="countries_Iceland"/>
    <presentationArc xlink:type="arc" xlink:arcrole="http://www.xbrl.org/2003/arcrole/parent-child" xlink:from="countries_CountryListHeading" xlink:to="countries_Iceland" order="102" use="optional"/>
    <loc xlink:type="locator" xlink:href="countries-2014-09-01.xsd#countries_India" xlink:label="countries_India"/>
    <presentationArc xlink:type="arc" xlink:arcrole="http://www.xbrl.org/2003/arcrole/parent-child" xlink:from="countries_CountryListHeading" xlink:to="countries_India" order="103" use="optional"/>
    <loc xlink:type="locator" xlink:href="countries-2014-09-01.xsd#countries_Indonesia" xlink:label="countries_Indonesia"/>
    <presentationArc xlink:type="arc" xlink:arcrole="http://www.xbrl.org/2003/arcrole/parent-child" xlink:from="countries_CountryListHeading" xlink:to="countries_Indonesia" order="104" use="optional"/>
    <loc xlink:type="locator" xlink:href="countries-2014-09-01.xsd#countries_IranIslamicRepublic" xlink:label="countries_IranIslamicRepublic"/>
    <presentationArc xlink:type="arc" xlink:arcrole="http://www.xbrl.org/2003/arcrole/parent-child" xlink:from="countries_CountryListHeading" xlink:to="countries_IranIslamicRepublic" order="105" use="optional"/>
    <loc xlink:type="locator" xlink:href="countries-2014-09-01.xsd#countries_Iraq" xlink:label="countries_Iraq"/>
    <presentationArc xlink:type="arc" xlink:arcrole="http://www.xbrl.org/2003/arcrole/parent-child" xlink:from="countries_CountryListHeading" xlink:to="countries_Iraq" order="106" use="optional"/>
    <loc xlink:type="locator" xlink:href="countries-2014-09-01.xsd#countries_Ireland" xlink:label="countries_Ireland"/>
    <presentationArc xlink:type="arc" xlink:arcrole="http://www.xbrl.org/2003/arcrole/parent-child" xlink:from="countries_CountryListHeading" xlink:to="countries_Ireland" order="107" use="optional"/>
    <presentationArc xlink:type="arc" xlink:arcrole="http://www.xbrl.org/2003/arcrole/parent-child" xlink:from="countries_CountryListHeading" xlink:to="countries_IsleMan" order="108" use="optional"/>
    <loc xlink:type="locator" xlink:href="countries-2014-09-01.xsd#countries_Israel" xlink:label="countries_Israel"/>
    <presentationArc xlink:type="arc" xlink:arcrole="http://www.xbrl.org/2003/arcrole/parent-child" xlink:from="countries_CountryListHeading" xlink:to="countries_Israel" order="109" use="optional"/>
    <loc xlink:type="locator" xlink:href="countries-2014-09-01.xsd#countries_Italy" xlink:label="countries_Italy"/>
    <presentationArc xlink:type="arc" xlink:arcrole="http://www.xbrl.org/2003/arcrole/parent-child" xlink:from="countries_CountryListHeading" xlink:to="countries_Italy" order="110" use="optional"/>
    <loc xlink:type="locator" xlink:href="countries-2014-09-01.xsd#countries_Jamaica" xlink:label="countries_Jamaica"/>
    <presentationArc xlink:type="arc" xlink:arcrole="http://www.xbrl.org/2003/arcrole/parent-child" xlink:from="countries_CountryListHeading" xlink:to="countries_Jamaica" order="111" use="optional"/>
    <loc xlink:type="locator" xlink:href="countries-2014-09-01.xsd#countries_Japan" xlink:label="countries_Japan"/>
    <presentationArc xlink:type="arc" xlink:arcrole="http://www.xbrl.org/2003/arcrole/parent-child" xlink:from="countries_CountryListHeading" xlink:to="countries_Japan" order="112" use="optional"/>
    <presentationArc xlink:type="arc" xlink:arcrole="http://www.xbrl.org/2003/arcrole/parent-child" xlink:from="countries_CountryListHeading" xlink:to="countries_Jersey" order="113" use="optional"/>
    <loc xlink:type="locator" xlink:href="countries-2014-09-01.xsd#countries_Jordan" xlink:label="countries_Jordan"/>
    <presentationArc xlink:type="arc" xlink:arcrole="http://www.xbrl.org/2003/arcrole/parent-child" xlink:from="countries_CountryListHeading" xlink:to="countries_Jordan" order="114" use="optional"/>
    <loc xlink:type="locator" xlink:href="countries-2014-09-01.xsd#countries_Kazakhstan" xlink:label="countries_Kazakhstan"/>
    <presentationArc xlink:type="arc" xlink:arcrole="http://www.xbrl.org/2003/arcrole/parent-child" xlink:from="countries_CountryListHeading" xlink:to="countries_Kazakhstan" order="115" use="optional"/>
    <loc xlink:type="locator" xlink:href="countries-2014-09-01.xsd#countries_Kenya" xlink:label="countries_Kenya"/>
    <presentationArc xlink:type="arc" xlink:arcrole="http://www.xbrl.org/2003/arcrole/parent-child" xlink:from="countries_CountryListHeading" xlink:to="countries_Kenya" order="116" use="optional"/>
    <loc xlink:type="locator" xlink:href="countries-2014-09-01.xsd#countries_Kiribati" xlink:label="countries_Kiribati"/>
    <presentationArc xlink:type="arc" xlink:arcrole="http://www.xbrl.org/2003/arcrole/parent-child" xlink:from="countries_CountryListHeading" xlink:to="countries_Kiribati" order="117" use="optional"/>
    <loc xlink:type="locator" xlink:href="countries-2014-09-01.xsd#countries_KoreaDemocraticPeoplesRepublic" xlink:label="countries_KoreaDemocraticPeoplesRepublic"/>
    <presentationArc xlink:type="arc" xlink:arcrole="http://www.xbrl.org/2003/arcrole/parent-child" xlink:from="countries_CountryListHeading" xlink:to="countries_KoreaDemocraticPeoplesRepublic" order="118" use="optional"/>
    <loc xlink:type="locator" xlink:href="countries-2014-09-01.xsd#countries_KoreaRepublic" xlink:label="countries_KoreaRepublic"/>
    <presentationArc xlink:type="arc" xlink:arcrole="http://www.xbrl.org/2003/arcrole/parent-child" xlink:from="countries_CountryListHeading" xlink:to="countries_KoreaRepublic" order="119" use="optional"/>
    <loc xlink:type="locator" xlink:href="countries-2014-09-01.xsd#countries_Kuwait" xlink:label="countries_Kuwait"/>
    <presentationArc xlink:type="arc" xlink:arcrole="http://www.xbrl.org/2003/arcrole/parent-child" xlink:from="countries_CountryListHeading" xlink:to="countries_Kuwait" order="120" use="optional"/>
    <loc xlink:type="locator" xlink:href="countries-2014-09-01.xsd#countries_Kyrgyzstan" xlink:label="countries_Kyrgyzstan"/>
    <presentationArc xlink:type="arc" xlink:arcrole="http://www.xbrl.org/2003/arcrole/parent-child" xlink:from="countries_CountryListHeading" xlink:to="countries_Kyrgyzstan" order="121" use="optional"/>
    <loc xlink:type="locator" xlink:href="countries-2014-09-01.xsd#countries_LaoPeoplesDemocraticRepublic" xlink:label="countries_LaoPeoplesDemocraticRepublic"/>
    <presentationArc xlink:type="arc" xlink:arcrole="http://www.xbrl.org/2003/arcrole/parent-child" xlink:from="countries_CountryListHeading" xlink:to="countries_LaoPeoplesDemocraticRepublic" order="122" use="optional"/>
    <loc xlink:type="locator" xlink:href="countries-2014-09-01.xsd#countries_Latvia" xlink:label="countries_Latvia"/>
    <presentationArc xlink:type="arc" xlink:arcrole="http://www.xbrl.org/2003/arcrole/parent-child" xlink:from="countries_CountryListHeading" xlink:to="countries_Latvia" order="123" use="optional"/>
    <loc xlink:type="locator" xlink:href="countries-2014-09-01.xsd#countries_Lebanon" xlink:label="countries_Lebanon"/>
    <presentationArc xlink:type="arc" xlink:arcrole="http://www.xbrl.org/2003/arcrole/parent-child" xlink:from="countries_CountryListHeading" xlink:to="countries_Lebanon" order="124" use="optional"/>
    <loc xlink:type="locator" xlink:href="countries-2014-09-01.xsd#countries_Lesotho" xlink:label="countries_Lesotho"/>
    <presentationArc xlink:type="arc" xlink:arcrole="http://www.xbrl.org/2003/arcrole/parent-child" xlink:from="countries_CountryListHeading" xlink:to="countries_Lesotho" order="125" use="optional"/>
    <loc xlink:type="locator" xlink:href="countries-2014-09-01.xsd#countries_Liberia" xlink:label="countries_Liberia"/>
    <presentationArc xlink:type="arc" xlink:arcrole="http://www.xbrl.org/2003/arcrole/parent-child" xlink:from="countries_CountryListHeading" xlink:to="countries_Liberia" order="126" use="optional"/>
    <loc xlink:type="locator" xlink:href="countries-2014-09-01.xsd#countries_Libya" xlink:label="countries_Libya"/>
    <presentationArc xlink:type="arc" xlink:arcrole="http://www.xbrl.org/2003/arcrole/parent-child" xlink:from="countries_CountryListHeading" xlink:to="countries_Libya" order="127" use="optional"/>
    <loc xlink:type="locator" xlink:href="countries-2014-09-01.xsd#countries_Liechtenstein" xlink:label="countries_Liechtenstein"/>
    <presentationArc xlink:type="arc" xlink:arcrole="http://www.xbrl.org/2003/arcrole/parent-child" xlink:from="countries_CountryListHeading" xlink:to="countries_Liechtenstein" order="128" use="optional"/>
    <loc xlink:type="locator" xlink:href="countries-2014-09-01.xsd#countries_Lithuania" xlink:label="countries_Lithuania"/>
    <presentationArc xlink:type="arc" xlink:arcrole="http://www.xbrl.org/2003/arcrole/parent-child" xlink:from="countries_CountryListHeading" xlink:to="countries_Lithuania" order="129" use="optional"/>
    <loc xlink:type="locator" xlink:href="countries-2014-09-01.xsd#countries_Luxembourg" xlink:label="countries_Luxembourg"/>
    <presentationArc xlink:type="arc" xlink:arcrole="http://www.xbrl.org/2003/arcrole/parent-child" xlink:from="countries_CountryListHeading" xlink:to="countries_Luxembourg" order="130" use="optional"/>
    <loc xlink:type="locator" xlink:href="countries-2014-09-01.xsd#countries_Macao" xlink:label="countries_Macao"/>
    <presentationArc xlink:type="arc" xlink:arcrole="http://www.xbrl.org/2003/arcrole/parent-child" xlink:from="countries_CountryListHeading" xlink:to="countries_Macao" order="131" use="optional"/>
    <loc xlink:type="locator" xlink:href="countries-2014-09-01.xsd#countries_MacedoniaFormerYugoslavRepublic" xlink:label="countries_MacedoniaFormerYugoslavRepublic"/>
    <presentationArc xlink:type="arc" xlink:arcrole="http://www.xbrl.org/2003/arcrole/parent-child" xlink:from="countries_CountryListHeading" xlink:to="countries_MacedoniaFormerYugoslavRepublic" order="132" use="optional"/>
    <loc xlink:type="locator" xlink:href="countries-2014-09-01.xsd#countries_Madagascar" xlink:label="countries_Madagascar"/>
    <presentationArc xlink:type="arc" xlink:arcrole="http://www.xbrl.org/2003/arcrole/parent-child" xlink:from="countries_CountryListHeading" xlink:to="countries_Madagascar" order="133" use="optional"/>
    <loc xlink:type="locator" xlink:href="countries-2014-09-01.xsd#countries_Malawi" xlink:label="countries_Malawi"/>
    <presentationArc xlink:type="arc" xlink:arcrole="http://www.xbrl.org/2003/arcrole/parent-child" xlink:from="countries_CountryListHeading" xlink:to="countries_Malawi" order="134" use="optional"/>
    <loc xlink:type="locator" xlink:href="countries-2014-09-01.xsd#countries_Malaysia" xlink:label="countries_Malaysia"/>
    <presentationArc xlink:type="arc" xlink:arcrole="http://www.xbrl.org/2003/arcrole/parent-child" xlink:from="countries_CountryListHeading" xlink:to="countries_Malaysia" order="135" use="optional"/>
    <loc xlink:type="locator" xlink:href="countries-2014-09-01.xsd#countries_Maldives" xlink:label="countries_Maldives"/>
    <presentationArc xlink:type="arc" xlink:arcrole="http://www.xbrl.org/2003/arcrole/parent-child" xlink:from="countries_CountryListHeading" xlink:to="countries_Maldives" order="136" use="optional"/>
    <loc xlink:type="locator" xlink:href="countries-2014-09-01.xsd#countries_Mali" xlink:label="countries_Mali"/>
    <presentationArc xlink:type="arc" xlink:arcrole="http://www.xbrl.org/2003/arcrole/parent-child" xlink:from="countries_CountryListHeading" xlink:to="countries_Mali" order="137" use="optional"/>
    <loc xlink:type="locator" xlink:href="countries-2014-09-01.xsd#countries_Malta" xlink:label="countries_Malta"/>
    <presentationArc xlink:type="arc" xlink:arcrole="http://www.xbrl.org/2003/arcrole/parent-child" xlink:from="countries_CountryListHeading" xlink:to="countries_Malta" order="138" use="optional"/>
    <loc xlink:type="locator" xlink:href="countries-2014-09-01.xsd#countries_MarshallIslands" xlink:label="countries_MarshallIslands"/>
    <presentationArc xlink:type="arc" xlink:arcrole="http://www.xbrl.org/2003/arcrole/parent-child" xlink:from="countries_CountryListHeading" xlink:to="countries_MarshallIslands" order="139" use="optional"/>
    <loc xlink:type="locator" xlink:href="countries-2014-09-01.xsd#countries_Martinique" xlink:label="countries_Martinique"/>
    <presentationArc xlink:type="arc" xlink:arcrole="http://www.xbrl.org/2003/arcrole/parent-child" xlink:from="countries_CountryListHeading" xlink:to="countries_Martinique" order="140" use="optional"/>
    <loc xlink:type="locator" xlink:href="countries-2014-09-01.xsd#countries_Mauritania" xlink:label="countries_Mauritania"/>
    <presentationArc xlink:type="arc" xlink:arcrole="http://www.xbrl.org/2003/arcrole/parent-child" xlink:from="countries_CountryListHeading" xlink:to="countries_Mauritania" order="141" use="optional"/>
    <loc xlink:type="locator" xlink:href="countries-2014-09-01.xsd#countries_Mauritius" xlink:label="countries_Mauritius"/>
    <presentationArc xlink:type="arc" xlink:arcrole="http://www.xbrl.org/2003/arcrole/parent-child" xlink:from="countries_CountryListHeading" xlink:to="countries_Mauritius" order="142" use="optional"/>
    <loc xlink:type="locator" xlink:href="countries-2014-09-01.xsd#countries_Mayotte" xlink:label="countries_Mayotte"/>
    <presentationArc xlink:type="arc" xlink:arcrole="http://www.xbrl.org/2003/arcrole/parent-child" xlink:from="countries_CountryListHeading" xlink:to="countries_Mayotte" order="143" use="optional"/>
    <loc xlink:type="locator" xlink:href="countries-2014-09-01.xsd#countries_Mexico" xlink:label="countries_Mexico"/>
    <presentationArc xlink:type="arc" xlink:arcrole="http://www.xbrl.org/2003/arcrole/parent-child" xlink:from="countries_CountryListHeading" xlink:to="countries_Mexico" order="144" use="optional"/>
    <loc xlink:type="locator" xlink:href="countries-2014-09-01.xsd#countries_MicronesiaFederatedStates" xlink:label="countries_MicronesiaFederatedStates"/>
    <presentationArc xlink:type="arc" xlink:arcrole="http://www.xbrl.org/2003/arcrole/parent-child" xlink:from="countries_CountryListHeading" xlink:to="countries_MicronesiaFederatedStates" order="145" use="optional"/>
    <loc xlink:type="locator" xlink:href="countries-2014-09-01.xsd#countries_MoldovaRepublic" xlink:label="countries_MoldovaRepublic"/>
    <presentationArc xlink:type="arc" xlink:arcrole="http://www.xbrl.org/2003/arcrole/parent-child" xlink:from="countries_CountryListHeading" xlink:to="countries_MoldovaRepublic" order="146" use="optional"/>
    <loc xlink:type="locator" xlink:href="countries-2014-09-01.xsd#countries_Monaco" xlink:label="countries_Monaco"/>
    <presentationArc xlink:type="arc" xlink:arcrole="http://www.xbrl.org/2003/arcrole/parent-child" xlink:from="countries_CountryListHeading" xlink:to="countries_Monaco" order="147" use="optional"/>
    <loc xlink:type="locator" xlink:href="countries-2014-09-01.xsd#countries_Mongolia" xlink:label="countries_Mongolia"/>
    <presentationArc xlink:type="arc" xlink:arcrole="http://www.xbrl.org/2003/arcrole/parent-child" xlink:from="countries_CountryListHeading" xlink:to="countries_Mongolia" order="148" use="optional"/>
    <loc xlink:type="locator" xlink:href="countries-2014-09-01.xsd#countries_Montenegro" xlink:label="countries_Montenegro"/>
    <presentationArc xlink:type="arc" xlink:arcrole="http://www.xbrl.org/2003/arcrole/parent-child" xlink:from="countries_CountryListHeading" xlink:to="countries_Montenegro" order="149" use="optional"/>
    <loc xlink:type="locator" xlink:href="countries-2014-09-01.xsd#countries_Montserrat" xlink:label="countries_Montserrat"/>
    <presentationArc xlink:type="arc" xlink:arcrole="http://www.xbrl.org/2003/arcrole/parent-child" xlink:from="countries_CountryListHeading" xlink:to="countries_Montserrat" order="150" use="optional"/>
    <loc xlink:type="locator" xlink:href="countries-2014-09-01.xsd#countries_Morocco" xlink:label="countries_Morocco"/>
    <presentationArc xlink:type="arc" xlink:arcrole="http://www.xbrl.org/2003/arcrole/parent-child" xlink:from="countries_CountryListHeading" xlink:to="countries_Morocco" order="151" use="optional"/>
    <loc xlink:type="locator" xlink:href="countries-2014-09-01.xsd#countries_Mozambique" xlink:label="countries_Mozambique"/>
    <presentationArc xlink:type="arc" xlink:arcrole="http://www.xbrl.org/2003/arcrole/parent-child" xlink:from="countries_CountryListHeading" xlink:to="countries_Mozambique" order="152" use="optional"/>
    <loc xlink:type="locator" xlink:href="countries-2014-09-01.xsd#countries_Myanmar" xlink:label="countries_Myanmar"/>
    <presentationArc xlink:type="arc" xlink:arcrole="http://www.xbrl.org/2003/arcrole/parent-child" xlink:from="countries_CountryListHeading" xlink:to="countries_Myanmar" order="153" use="optional"/>
    <loc xlink:type="locator" xlink:href="countries-2014-09-01.xsd#countries_Namibia" xlink:label="countries_Namibia"/>
    <presentationArc xlink:type="arc" xlink:arcrole="http://www.xbrl.org/2003/arcrole/parent-child" xlink:from="countries_CountryListHeading" xlink:to="countries_Namibia" order="154" use="optional"/>
    <loc xlink:type="locator" xlink:href="countries-2014-09-01.xsd#countries_Nauru" xlink:label="countries_Nauru"/>
    <presentationArc xlink:type="arc" xlink:arcrole="http://www.xbrl.org/2003/arcrole/parent-child" xlink:from="countries_CountryListHeading" xlink:to="countries_Nauru" order="155" use="optional"/>
    <loc xlink:type="locator" xlink:href="countries-2014-09-01.xsd#countries_Nepal" xlink:label="countries_Nepal"/>
    <presentationArc xlink:type="arc" xlink:arcrole="http://www.xbrl.org/2003/arcrole/parent-child" xlink:from="countries_CountryListHeading" xlink:to="countries_Nepal" order="156" use="optional"/>
    <loc xlink:type="locator" xlink:href="countries-2014-09-01.xsd#countries_Netherlands" xlink:label="countries_Netherlands"/>
    <presentationArc xlink:type="arc" xlink:arcrole="http://www.xbrl.org/2003/arcrole/parent-child" xlink:from="countries_CountryListHeading" xlink:to="countries_Netherlands" order="157" use="optional"/>
    <loc xlink:type="locator" xlink:href="countries-2014-09-01.xsd#countries_NewCaledonia" xlink:label="countries_NewCaledonia"/>
    <presentationArc xlink:type="arc" xlink:arcrole="http://www.xbrl.org/2003/arcrole/parent-child" xlink:from="countries_CountryListHeading" xlink:to="countries_NewCaledonia" order="158" use="optional"/>
    <loc xlink:type="locator" xlink:href="countries-2014-09-01.xsd#countries_NewZealand" xlink:label="countries_NewZealand"/>
    <presentationArc xlink:type="arc" xlink:arcrole="http://www.xbrl.org/2003/arcrole/parent-child" xlink:from="countries_CountryListHeading" xlink:to="countries_NewZealand" order="159" use="optional"/>
    <loc xlink:type="locator" xlink:href="countries-2014-09-01.xsd#countries_Nicaragua" xlink:label="countries_Nicaragua"/>
    <presentationArc xlink:type="arc" xlink:arcrole="http://www.xbrl.org/2003/arcrole/parent-child" xlink:from="countries_CountryListHeading" xlink:to="countries_Nicaragua" order="160" use="optional"/>
    <loc xlink:type="locator" xlink:href="countries-2014-09-01.xsd#countries_Niger" xlink:label="countries_Niger"/>
    <presentationArc xlink:type="arc" xlink:arcrole="http://www.xbrl.org/2003/arcrole/parent-child" xlink:from="countries_CountryListHeading" xlink:to="countries_Niger" order="161" use="optional"/>
    <loc xlink:type="locator" xlink:href="countries-2014-09-01.xsd#countries_Nigeria" xlink:label="countries_Nigeria"/>
    <presentationArc xlink:type="arc" xlink:arcrole="http://www.xbrl.org/2003/arcrole/parent-child" xlink:from="countries_CountryListHeading" xlink:to="countries_Nigeria" order="162" use="optional"/>
    <loc xlink:type="locator" xlink:href="countries-2014-09-01.xsd#countries_Niue" xlink:label="countries_Niue"/>
    <presentationArc xlink:type="arc" xlink:arcrole="http://www.xbrl.org/2003/arcrole/parent-child" xlink:from="countries_CountryListHeading" xlink:to="countries_Niue" order="163" use="optional"/>
    <loc xlink:type="locator" xlink:href="countries-2014-09-01.xsd#countries_NorfolkIsland" xlink:label="countries_NorfolkIsland"/>
    <presentationArc xlink:type="arc" xlink:arcrole="http://www.xbrl.org/2003/arcrole/parent-child" xlink:from="countries_CountryListHeading" xlink:to="countries_NorfolkIsland" order="164" use="optional"/>
    <loc xlink:type="locator" xlink:href="countries-2014-09-01.xsd#countries_NorthernMarianaIslands" xlink:label="countries_NorthernMarianaIslands"/>
    <presentationArc xlink:type="arc" xlink:arcrole="http://www.xbrl.org/2003/arcrole/parent-child" xlink:from="countries_CountryListHeading" xlink:to="countries_NorthernMarianaIslands" order="165" use="optional"/>
    <loc xlink:type="locator" xlink:href="countries-2014-09-01.xsd#countries_Norway" xlink:label="countries_Norway"/>
    <presentationArc xlink:type="arc" xlink:arcrole="http://www.xbrl.org/2003/arcrole/parent-child" xlink:from="countries_CountryListHeading" xlink:to="countries_Norway" order="166" use="optional"/>
    <loc xlink:type="locator" xlink:href="countries-2014-09-01.xsd#countries_Oman" xlink:label="countries_Oman"/>
    <presentationArc xlink:type="arc" xlink:arcrole="http://www.xbrl.org/2003/arcrole/parent-child" xlink:from="countries_CountryListHeading" xlink:to="countries_Oman" order="167" use="optional"/>
    <loc xlink:type="locator" xlink:href="countries-2014-09-01.xsd#countries_Pakistan" xlink:label="countries_Pakistan"/>
    <presentationArc xlink:type="arc" xlink:arcrole="http://www.xbrl.org/2003/arcrole/parent-child" xlink:from="countries_CountryListHeading" xlink:to="countries_Pakistan" order="168" use="optional"/>
    <loc xlink:type="locator" xlink:href="countries-2014-09-01.xsd#countries_Palau" xlink:label="countries_Palau"/>
    <presentationArc xlink:type="arc" xlink:arcrole="http://www.xbrl.org/2003/arcrole/parent-child" xlink:from="countries_CountryListHeading" xlink:to="countries_Palau" order="169" use="optional"/>
    <loc xlink:type="locator" xlink:href="countries-2014-09-01.xsd#countries_PalestinianState" xlink:label="countries_PalestinianState"/>
    <presentationArc xlink:type="arc" xlink:arcrole="http://www.xbrl.org/2003/arcrole/parent-child" xlink:from="countries_CountryListHeading" xlink:to="countries_PalestinianState" order="170" use="optional"/>
    <loc xlink:type="locator" xlink:href="countries-2014-09-01.xsd#countries_Panama" xlink:label="countries_Panama"/>
    <presentationArc xlink:type="arc" xlink:arcrole="http://www.xbrl.org/2003/arcrole/parent-child" xlink:from="countries_CountryListHeading" xlink:to="countries_Panama" order="171" use="optional"/>
    <loc xlink:type="locator" xlink:href="countries-2014-09-01.xsd#countries_PapuaNewGuinea" xlink:label="countries_PapuaNewGuinea"/>
    <presentationArc xlink:type="arc" xlink:arcrole="http://www.xbrl.org/2003/arcrole/parent-child" xlink:from="countries_CountryListHeading" xlink:to="countries_PapuaNewGuinea" order="172" use="optional"/>
    <loc xlink:type="locator" xlink:href="countries-2014-09-01.xsd#countries_Paraguay" xlink:label="countries_Paraguay"/>
    <presentationArc xlink:type="arc" xlink:arcrole="http://www.xbrl.org/2003/arcrole/parent-child" xlink:from="countries_CountryListHeading" xlink:to="countries_Paraguay" order="173" use="optional"/>
    <loc xlink:type="locator" xlink:href="countries-2014-09-01.xsd#countries_Peru" xlink:label="countries_Peru"/>
    <presentationArc xlink:type="arc" xlink:arcrole="http://www.xbrl.org/2003/arcrole/parent-child" xlink:from="countries_CountryListHeading" xlink:to="countries_Peru" order="174" use="optional"/>
    <loc xlink:type="locator" xlink:href="countries-2014-09-01.xsd#countries_Philippines" xlink:label="countries_Philippines"/>
    <presentationArc xlink:type="arc" xlink:arcrole="http://www.xbrl.org/2003/arcrole/parent-child" xlink:from="countries_CountryListHeading" xlink:to="countries_Philippines" order="175" use="optional"/>
    <loc xlink:type="locator" xlink:href="countries-2014-09-01.xsd#countries_Pitcairn" xlink:label="countries_Pitcairn"/>
    <presentationArc xlink:type="arc" xlink:arcrole="http://www.xbrl.org/2003/arcrole/parent-child" xlink:from="countries_CountryListHeading" xlink:to="countries_Pitcairn" order="176" use="optional"/>
    <loc xlink:type="locator" xlink:href="countries-2014-09-01.xsd#countries_Poland" xlink:label="countries_Poland"/>
    <presentationArc xlink:type="arc" xlink:arcrole="http://www.xbrl.org/2003/arcrole/parent-child" xlink:from="countries_CountryListHeading" xlink:to="countries_Poland" order="177" use="optional"/>
    <loc xlink:type="locator" xlink:href="countries-2014-09-01.xsd#countries_Portugal" xlink:label="countries_Portugal"/>
    <presentationArc xlink:type="arc" xlink:arcrole="http://www.xbrl.org/2003/arcrole/parent-child" xlink:from="countries_CountryListHeading" xlink:to="countries_Portugal" order="178" use="optional"/>
    <loc xlink:type="locator" xlink:href="countries-2014-09-01.xsd#countries_PuertoRico" xlink:label="countries_PuertoRico"/>
    <presentationArc xlink:type="arc" xlink:arcrole="http://www.xbrl.org/2003/arcrole/parent-child" xlink:from="countries_CountryListHeading" xlink:to="countries_PuertoRico" order="179" use="optional"/>
    <loc xlink:type="locator" xlink:href="countries-2014-09-01.xsd#countries_Qatar" xlink:label="countries_Qatar"/>
    <presentationArc xlink:type="arc" xlink:arcrole="http://www.xbrl.org/2003/arcrole/parent-child" xlink:from="countries_CountryListHeading" xlink:to="countries_Qatar" order="180" use="optional"/>
    <loc xlink:type="locator" xlink:href="countries-2014-09-01.xsd#countries_R%C3%A9union" xlink:label="countries_Réunion"/>
    <presentationArc xlink:type="arc" xlink:arcrole="http://www.xbrl.org/2003/arcrole/parent-child" xlink:from="countries_CountryListHeading" xlink:to="countries_Réunion" order="181" use="optional"/>
    <loc xlink:type="locator" xlink:href="countries-2014-09-01.xsd#countries_Romania" xlink:label="countries_Romania"/>
    <presentationArc xlink:type="arc" xlink:arcrole="http://www.xbrl.org/2003/arcrole/parent-child" xlink:from="countries_CountryListHeading" xlink:to="countries_Romania" order="182" use="optional"/>
    <loc xlink:type="locator" xlink:href="countries-2014-09-01.xsd#countries_RussianFederation" xlink:label="countries_RussianFederation"/>
    <presentationArc xlink:type="arc" xlink:arcrole="http://www.xbrl.org/2003/arcrole/parent-child" xlink:from="countries_CountryListHeading" xlink:to="countries_RussianFederation" order="183" use="optional"/>
    <loc xlink:type="locator" xlink:href="countries-2014-09-01.xsd#countries_Rwanda" xlink:label="countries_Rwanda"/>
    <presentationArc xlink:type="arc" xlink:arcrole="http://www.xbrl.org/2003/arcrole/parent-child" xlink:from="countries_CountryListHeading" xlink:to="countries_Rwanda" order="184" use="optional"/>
    <loc xlink:type="locator" xlink:href="countries-2014-09-01.xsd#countries_SaintBarth%C3%A9lemy" xlink:label="countries_SaintBarthélemy"/>
    <presentationArc xlink:type="arc" xlink:arcrole="http://www.xbrl.org/2003/arcrole/parent-child" xlink:from="countries_CountryListHeading" xlink:to="countries_SaintBarthélemy" order="185" use="optional"/>
    <loc xlink:type="locator" xlink:href="countries-2014-09-01.xsd#countries_SaintHelenaAscensionTristanDaCunha" xlink:label="countries_SaintHelenaAscensionTristanDaCunha"/>
    <presentationArc xlink:type="arc" xlink:arcrole="http://www.xbrl.org/2003/arcrole/parent-child" xlink:from="countries_CountryListHeading" xlink:to="countries_SaintHelenaAscensionTristanDaCunha" order="186" use="optional"/>
    <loc xlink:type="locator" xlink:href="countries-2014-09-01.xsd#countries_SaintKittsNevis" xlink:label="countries_SaintKittsNevis"/>
    <presentationArc xlink:type="arc" xlink:arcrole="http://www.xbrl.org/2003/arcrole/parent-child" xlink:from="countries_CountryListHeading" xlink:to="countries_SaintKittsNevis" order="187" use="optional"/>
    <loc xlink:type="locator" xlink:href="countries-2014-09-01.xsd#countries_SaintLucia" xlink:label="countries_SaintLucia"/>
    <presentationArc xlink:type="arc" xlink:arcrole="http://www.xbrl.org/2003/arcrole/parent-child" xlink:from="countries_CountryListHeading" xlink:to="countries_SaintLucia" order="188" use="optional"/>
    <loc xlink:type="locator" xlink:href="countries-2014-09-01.xsd#countries_SaintMartinFrenchPart" xlink:label="countries_SaintMartinFrenchPart"/>
    <presentationArc xlink:type="arc" xlink:arcrole="http://www.xbrl.org/2003/arcrole/parent-child" xlink:from="countries_CountryListHeading" xlink:to="countries_SaintMartinFrenchPart" order="189" use="optional"/>
    <loc xlink:type="locator" xlink:href="countries-2014-09-01.xsd#countries_SaintPierreMiquelon" xlink:label="countries_SaintPierreMiquelon"/>
    <presentationArc xlink:type="arc" xlink:arcrole="http://www.xbrl.org/2003/arcrole/parent-child" xlink:from="countries_CountryListHeading" xlink:to="countries_SaintPierreMiquelon" order="190" use="optional"/>
    <loc xlink:type="locator" xlink:href="countries-2014-09-01.xsd#countries_SaintVincentGrenadines" xlink:label="countries_SaintVincentGrenadines"/>
    <presentationArc xlink:type="arc" xlink:arcrole="http://www.xbrl.org/2003/arcrole/parent-child" xlink:from="countries_CountryListHeading" xlink:to="countries_SaintVincentGrenadines" order="191" use="optional"/>
    <loc xlink:type="locator" xlink:href="countries-2014-09-01.xsd#countries_Samoa" xlink:label="countries_Samoa"/>
    <presentationArc xlink:type="arc" xlink:arcrole="http://www.xbrl.org/2003/arcrole/parent-child" xlink:from="countries_CountryListHeading" xlink:to="countries_Samoa" order="192" use="optional"/>
    <loc xlink:type="locator" xlink:href="countries-2014-09-01.xsd#countries_SanMarino" xlink:label="countries_SanMarino"/>
    <presentationArc xlink:type="arc" xlink:arcrole="http://www.xbrl.org/2003/arcrole/parent-child" xlink:from="countries_CountryListHeading" xlink:to="countries_SanMarino" order="193" use="optional"/>
    <loc xlink:type="locator" xlink:href="countries-2014-09-01.xsd#countries_SaoTomePrincipe" xlink:label="countries_SaoTomePrincipe"/>
    <presentationArc xlink:type="arc" xlink:arcrole="http://www.xbrl.org/2003/arcrole/parent-child" xlink:from="countries_CountryListHeading" xlink:to="countries_SaoTomePrincipe" order="194" use="optional"/>
    <loc xlink:type="locator" xlink:href="countries-2014-09-01.xsd#countries_SaudiArabia" xlink:label="countries_SaudiArabia"/>
    <presentationArc xlink:type="arc" xlink:arcrole="http://www.xbrl.org/2003/arcrole/parent-child" xlink:from="countries_CountryListHeading" xlink:to="countries_SaudiArabia" order="195" use="optional"/>
    <loc xlink:type="locator" xlink:href="countries-2014-09-01.xsd#countries_Senegal" xlink:label="countries_Senegal"/>
    <presentationArc xlink:type="arc" xlink:arcrole="http://www.xbrl.org/2003/arcrole/parent-child" xlink:from="countries_CountryListHeading" xlink:to="countries_Senegal" order="196" use="optional"/>
    <loc xlink:type="locator" xlink:href="countries-2014-09-01.xsd#countries_Serbia" xlink:label="countries_Serbia"/>
    <presentationArc xlink:type="arc" xlink:arcrole="http://www.xbrl.org/2003/arcrole/parent-child" xlink:from="countries_CountryListHeading" xlink:to="countries_Serbia" order="197" use="optional"/>
    <loc xlink:type="locator" xlink:href="countries-2014-09-01.xsd#countries_Seychelles" xlink:label="countries_Seychelles"/>
    <presentationArc xlink:type="arc" xlink:arcrole="http://www.xbrl.org/2003/arcrole/parent-child" xlink:from="countries_CountryListHeading" xlink:to="countries_Seychelles" order="198" use="optional"/>
    <loc xlink:type="locator" xlink:href="countries-2014-09-01.xsd#countries_SierraLeone" xlink:label="countries_SierraLeone"/>
    <presentationArc xlink:type="arc" xlink:arcrole="http://www.xbrl.org/2003/arcrole/parent-child" xlink:from="countries_CountryListHeading" xlink:to="countries_SierraLeone" order="199" use="optional"/>
    <loc xlink:type="locator" xlink:href="countries-2014-09-01.xsd#countries_Singapore" xlink:label="countries_Singapore"/>
    <presentationArc xlink:type="arc" xlink:arcrole="http://www.xbrl.org/2003/arcrole/parent-child" xlink:from="countries_CountryListHeading" xlink:to="countries_Singapore" order="200" use="optional"/>
    <loc xlink:type="locator" xlink:href="countries-2014-09-01.xsd#countries_SintMaartenDutchPart" xlink:label="countries_SintMaartenDutchPart"/>
    <presentationArc xlink:type="arc" xlink:arcrole="http://www.xbrl.org/2003/arcrole/parent-child" xlink:from="countries_CountryListHeading" xlink:to="countries_SintMaartenDutchPart" order="201" use="optional"/>
    <loc xlink:type="locator" xlink:href="countries-2014-09-01.xsd#countries_Slovakia" xlink:label="countries_Slovakia"/>
    <presentationArc xlink:type="arc" xlink:arcrole="http://www.xbrl.org/2003/arcrole/parent-child" xlink:from="countries_CountryListHeading" xlink:to="countries_Slovakia" order="202" use="optional"/>
    <loc xlink:type="locator" xlink:href="countries-2014-09-01.xsd#countries_Slovenia" xlink:label="countries_Slovenia"/>
    <presentationArc xlink:type="arc" xlink:arcrole="http://www.xbrl.org/2003/arcrole/parent-child" xlink:from="countries_CountryListHeading" xlink:to="countries_Slovenia" order="203" use="optional"/>
    <loc xlink:type="locator" xlink:href="countries-2014-09-01.xsd#countries_SolomonIslands" xlink:label="countries_SolomonIslands"/>
    <presentationArc xlink:type="arc" xlink:arcrole="http://www.xbrl.org/2003/arcrole/parent-child" xlink:from="countries_CountryListHeading" xlink:to="countries_SolomonIslands" order="204" use="optional"/>
    <loc xlink:type="locator" xlink:href="countries-2014-09-01.xsd#countries_Somalia" xlink:label="countries_Somalia"/>
    <presentationArc xlink:type="arc" xlink:arcrole="http://www.xbrl.org/2003/arcrole/parent-child" xlink:from="countries_CountryListHeading" xlink:to="countries_Somalia" order="205" use="optional"/>
    <loc xlink:type="locator" xlink:href="countries-2014-09-01.xsd#countries_SouthAfrica" xlink:label="countries_SouthAfrica"/>
    <presentationArc xlink:type="arc" xlink:arcrole="http://www.xbrl.org/2003/arcrole/parent-child" xlink:from="countries_CountryListHeading" xlink:to="countries_SouthAfrica" order="206" use="optional"/>
    <loc xlink:type="locator" xlink:href="countries-2014-09-01.xsd#countries_SouthGeorgiaSouthSandwichIslands" xlink:label="countries_SouthGeorgiaSouthSandwichIslands"/>
    <presentationArc xlink:type="arc" xlink:arcrole="http://www.xbrl.org/2003/arcrole/parent-child" xlink:from="countries_CountryListHeading" xlink:to="countries_SouthGeorgiaSouthSandwichIslands" order="207" use="optional"/>
    <loc xlink:type="locator" xlink:href="countries-2014-09-01.xsd#countries_SouthSudan" xlink:label="countries_SouthSudan"/>
    <presentationArc xlink:type="arc" xlink:arcrole="http://www.xbrl.org/2003/arcrole/parent-child" xlink:from="countries_CountryListHeading" xlink:to="countries_SouthSudan" order="208" use="optional"/>
    <loc xlink:type="locator" xlink:href="countries-2014-09-01.xsd#countries_Spain" xlink:label="countries_Spain"/>
    <presentationArc xlink:type="arc" xlink:arcrole="http://www.xbrl.org/2003/arcrole/parent-child" xlink:from="countries_CountryListHeading" xlink:to="countries_Spain" order="209" use="optional"/>
    <loc xlink:type="locator" xlink:href="countries-2014-09-01.xsd#countries_SriLanka" xlink:label="countries_SriLanka"/>
    <presentationArc xlink:type="arc" xlink:arcrole="http://www.xbrl.org/2003/arcrole/parent-child" xlink:from="countries_CountryListHeading" xlink:to="countries_SriLanka" order="210" use="optional"/>
    <loc xlink:type="locator" xlink:href="countries-2014-09-01.xsd#countries_Sudan" xlink:label="countries_Sudan"/>
    <presentationArc xlink:type="arc" xlink:arcrole="http://www.xbrl.org/2003/arcrole/parent-child" xlink:from="countries_CountryListHeading" xlink:to="countries_Sudan" order="211" use="optional"/>
    <loc xlink:type="locator" xlink:href="countries-2014-09-01.xsd#countries_Suriname" xlink:label="countries_Suriname"/>
    <presentationArc xlink:type="arc" xlink:arcrole="http://www.xbrl.org/2003/arcrole/parent-child" xlink:from="countries_CountryListHeading" xlink:to="countries_Suriname" order="212" use="optional"/>
    <loc xlink:type="locator" xlink:href="countries-2014-09-01.xsd#countries_SvalbardJanMayen" xlink:label="countries_SvalbardJanMayen"/>
    <presentationArc xlink:type="arc" xlink:arcrole="http://www.xbrl.org/2003/arcrole/parent-child" xlink:from="countries_CountryListHeading" xlink:to="countries_SvalbardJanMayen" order="213" use="optional"/>
    <loc xlink:type="locator" xlink:href="countries-2014-09-01.xsd#countries_Swaziland" xlink:label="countries_Swaziland"/>
    <presentationArc xlink:type="arc" xlink:arcrole="http://www.xbrl.org/2003/arcrole/parent-child" xlink:from="countries_CountryListHeading" xlink:to="countries_Swaziland" order="214" use="optional"/>
    <loc xlink:type="locator" xlink:href="countries-2014-09-01.xsd#countries_Sweden" xlink:label="countries_Sweden"/>
    <presentationArc xlink:type="arc" xlink:arcrole="http://www.xbrl.org/2003/arcrole/parent-child" xlink:from="countries_CountryListHeading" xlink:to="countries_Sweden" order="215" use="optional"/>
    <loc xlink:type="locator" xlink:href="countries-2014-09-01.xsd#countries_Switzerland" xlink:label="countries_Switzerland"/>
    <presentationArc xlink:type="arc" xlink:arcrole="http://www.xbrl.org/2003/arcrole/parent-child" xlink:from="countries_CountryListHeading" xlink:to="countries_Switzerland" order="216" use="optional"/>
    <loc xlink:type="locator" xlink:href="countries-2014-09-01.xsd#countries_SyrianArabRepublic" xlink:label="countries_SyrianArabRepublic"/>
    <presentationArc xlink:type="arc" xlink:arcrole="http://www.xbrl.org/2003/arcrole/parent-child" xlink:from="countries_CountryListHeading" xlink:to="countries_SyrianArabRepublic" order="217" use="optional"/>
    <loc xlink:type="locator" xlink:href="countries-2014-09-01.xsd#countries_TaiwanProvinceChina" xlink:label="countries_TaiwanProvinceChina"/>
    <presentationArc xlink:type="arc" xlink:arcrole="http://www.xbrl.org/2003/arcrole/parent-child" xlink:from="countries_CountryListHeading" xlink:to="countries_TaiwanProvinceChina" order="218" use="optional"/>
    <loc xlink:type="locator" xlink:href="countries-2014-09-01.xsd#countries_Tajikistan" xlink:label="countries_Tajikistan"/>
    <presentationArc xlink:type="arc" xlink:arcrole="http://www.xbrl.org/2003/arcrole/parent-child" xlink:from="countries_CountryListHeading" xlink:to="countries_Tajikistan" order="219" use="optional"/>
    <loc xlink:type="locator" xlink:href="countries-2014-09-01.xsd#countries_TanzaniaUnitedRepublic" xlink:label="countries_TanzaniaUnitedRepublic"/>
    <presentationArc xlink:type="arc" xlink:arcrole="http://www.xbrl.org/2003/arcrole/parent-child" xlink:from="countries_CountryListHeading" xlink:to="countries_TanzaniaUnitedRepublic" order="220" use="optional"/>
    <loc xlink:type="locator" xlink:href="countries-2014-09-01.xsd#countries_Thailand" xlink:label="countries_Thailand"/>
    <presentationArc xlink:type="arc" xlink:arcrole="http://www.xbrl.org/2003/arcrole/parent-child" xlink:from="countries_CountryListHeading" xlink:to="countries_Thailand" order="221" use="optional"/>
    <loc xlink:type="locator" xlink:href="countries-2014-09-01.xsd#countries_Timor-Leste" xlink:label="countries_Timor-Leste"/>
    <presentationArc xlink:type="arc" xlink:arcrole="http://www.xbrl.org/2003/arcrole/parent-child" xlink:from="countries_CountryListHeading" xlink:to="countries_Timor-Leste" order="222" use="optional"/>
    <loc xlink:type="locator" xlink:href="countries-2014-09-01.xsd#countries_Togo" xlink:label="countries_Togo"/>
    <presentationArc xlink:type="arc" xlink:arcrole="http://www.xbrl.org/2003/arcrole/parent-child" xlink:from="countries_CountryListHeading" xlink:to="countries_Togo" order="223" use="optional"/>
    <loc xlink:type="locator" xlink:href="countries-2014-09-01.xsd#countries_Tokelau" xlink:label="countries_Tokelau"/>
    <presentationArc xlink:type="arc" xlink:arcrole="http://www.xbrl.org/2003/arcrole/parent-child" xlink:from="countries_CountryListHeading" xlink:to="countries_Tokelau" order="224" use="optional"/>
    <loc xlink:type="locator" xlink:href="countries-2014-09-01.xsd#countries_Tonga" xlink:label="countries_Tonga"/>
    <presentationArc xlink:type="arc" xlink:arcrole="http://www.xbrl.org/2003/arcrole/parent-child" xlink:from="countries_CountryListHeading" xlink:to="countries_Tonga" order="225" use="optional"/>
    <loc xlink:type="locator" xlink:href="countries-2014-09-01.xsd#countries_TrinidadTobago" xlink:label="countries_TrinidadTobago"/>
    <presentationArc xlink:type="arc" xlink:arcrole="http://www.xbrl.org/2003/arcrole/parent-child" xlink:from="countries_CountryListHeading" xlink:to="countries_TrinidadTobago" order="226" use="optional"/>
    <loc xlink:type="locator" xlink:href="countries-2014-09-01.xsd#countries_Tunisia" xlink:label="countries_Tunisia"/>
    <presentationArc xlink:type="arc" xlink:arcrole="http://www.xbrl.org/2003/arcrole/parent-child" xlink:from="countries_CountryListHeading" xlink:to="countries_Tunisia" order="227" use="optional"/>
    <loc xlink:type="locator" xlink:href="countries-2014-09-01.xsd#countries_Turkey" xlink:label="countries_Turkey"/>
    <presentationArc xlink:type="arc" xlink:arcrole="http://www.xbrl.org/2003/arcrole/parent-child" xlink:from="countries_CountryListHeading" xlink:to="countries_Turkey" order="228" use="optional"/>
    <loc xlink:type="locator" xlink:href="countries-2014-09-01.xsd#countries_Turkmenistan" xlink:label="countries_Turkmenistan"/>
    <presentationArc xlink:type="arc" xlink:arcrole="http://www.xbrl.org/2003/arcrole/parent-child" xlink:from="countries_CountryListHeading" xlink:to="countries_Turkmenistan" order="229" use="optional"/>
    <loc xlink:type="locator" xlink:href="countries-2014-09-01.xsd#countries_TurksCaicosIslands" xlink:label="countries_TurksCaicosIslands"/>
    <presentationArc xlink:type="arc" xlink:arcrole="http://www.xbrl.org/2003/arcrole/parent-child" xlink:from="countries_CountryListHeading" xlink:to="countries_TurksCaicosIslands" order="230" use="optional"/>
    <loc xlink:type="locator" xlink:href="countries-2014-09-01.xsd#countries_Tuvalu" xlink:label="countries_Tuvalu"/>
    <presentationArc xlink:type="arc" xlink:arcrole="http://www.xbrl.org/2003/arcrole/parent-child" xlink:from="countries_CountryListHeading" xlink:to="countries_Tuvalu" order="231" use="optional"/>
    <loc xlink:type="locator" xlink:href="countries-2014-09-01.xsd#countries_Uganda" xlink:label="countries_Uganda"/>
    <presentationArc xlink:type="arc" xlink:arcrole="http://www.xbrl.org/2003/arcrole/parent-child" xlink:from="countries_CountryListHeading" xlink:to="countries_Uganda" order="232" use="optional"/>
    <loc xlink:type="locator" xlink:href="countries-2014-09-01.xsd#countries_Ukraine" xlink:label="countries_Ukraine"/>
    <presentationArc xlink:type="arc" xlink:arcrole="http://www.xbrl.org/2003/arcrole/parent-child" xlink:from="countries_CountryListHeading" xlink:to="countries_Ukraine" order="233" use="optional"/>
    <loc xlink:type="locator" xlink:href="countries-2014-09-01.xsd#countries_UnitedArabEmirates" xlink:label="countries_UnitedArabEmirates"/>
    <presentationArc xlink:type="arc" xlink:arcrole="http://www.xbrl.org/2003/arcrole/parent-child" xlink:from="countries_CountryListHeading" xlink:to="countries_UnitedArabEmirates" order="234" use="optional"/>
    <presentationArc xlink:type="arc" xlink:arcrole="http://www.xbrl.org/2003/arcrole/parent-child" xlink:from="countries_CountryListHeading" xlink:to="countries_UnitedKingdom" order="235" use="optional"/>
    <loc xlink:type="locator" xlink:href="countries-2014-09-01.xsd#countries_UnitedStates" xlink:label="countries_UnitedStates"/>
    <presentationArc xlink:type="arc" xlink:arcrole="http://www.xbrl.org/2003/arcrole/parent-child" xlink:from="countries_CountryListHeading" xlink:to="countries_UnitedStates" order="236" use="optional"/>
    <loc xlink:type="locator" xlink:href="countries-2014-09-01.xsd#countries_UnitedStatesMinorOutlyingIslands" xlink:label="countries_UnitedStatesMinorOutlyingIslands"/>
    <presentationArc xlink:type="arc" xlink:arcrole="http://www.xbrl.org/2003/arcrole/parent-child" xlink:from="countries_CountryListHeading" xlink:to="countries_UnitedStatesMinorOutlyingIslands" order="237" use="optional"/>
    <loc xlink:type="locator" xlink:href="countries-2014-09-01.xsd#countries_Uruguay" xlink:label="countries_Uruguay"/>
    <presentationArc xlink:type="arc" xlink:arcrole="http://www.xbrl.org/2003/arcrole/parent-child" xlink:from="countries_CountryListHeading" xlink:to="countries_Uruguay" order="238" use="optional"/>
    <loc xlink:type="locator" xlink:href="countries-2014-09-01.xsd#countries_Uzbekistan" xlink:label="countries_Uzbekistan"/>
    <presentationArc xlink:type="arc" xlink:arcrole="http://www.xbrl.org/2003/arcrole/parent-child" xlink:from="countries_CountryListHeading" xlink:to="countries_Uzbekistan" order="239" use="optional"/>
    <loc xlink:type="locator" xlink:href="countries-2014-09-01.xsd#countries_Vanuatu" xlink:label="countries_Vanuatu"/>
    <presentationArc xlink:type="arc" xlink:arcrole="http://www.xbrl.org/2003/arcrole/parent-child" xlink:from="countries_CountryListHeading" xlink:to="countries_Vanuatu" order="240" use="optional"/>
    <loc xlink:type="locator" xlink:href="countries-2014-09-01.xsd#countries_Venezuela" xlink:label="countries_Venezuela"/>
    <presentationArc xlink:type="arc" xlink:arcrole="http://www.xbrl.org/2003/arcrole/parent-child" xlink:from="countries_CountryListHeading" xlink:to="countries_Venezuela" order="241" use="optional"/>
    <loc xlink:type="locator" xlink:href="countries-2014-09-01.xsd#countries_VietNam" xlink:label="countries_VietNam"/>
    <presentationArc xlink:type="arc" xlink:arcrole="http://www.xbrl.org/2003/arcrole/parent-child" xlink:from="countries_CountryListHeading" xlink:to="countries_VietNam" order="242" use="optional"/>
    <loc xlink:type="locator" xlink:href="countries-2014-09-01.xsd#countries_VirginIslandsBritish" xlink:label="countries_VirginIslandsBritish"/>
    <presentationArc xlink:type="arc" xlink:arcrole="http://www.xbrl.org/2003/arcrole/parent-child" xlink:from="countries_CountryListHeading" xlink:to="countries_VirginIslandsBritish" order="243" use="optional"/>
    <loc xlink:type="locator" xlink:href="countries-2014-09-01.xsd#countries_VirginIslandsUS" xlink:label="countries_VirginIslandsUS"/>
    <presentationArc xlink:type="arc" xlink:arcrole="http://www.xbrl.org/2003/arcrole/parent-child" xlink:from="countries_CountryListHeading" xlink:to="countries_VirginIslandsUS" order="244" use="optional"/>
    <loc xlink:type="locator" xlink:href="countries-2014-09-01.xsd#countries_WallisFutuna" xlink:label="countries_WallisFutuna"/>
    <presentationArc xlink:type="arc" xlink:arcrole="http://www.xbrl.org/2003/arcrole/parent-child" xlink:from="countries_CountryListHeading" xlink:to="countries_WallisFutuna" order="245" use="optional"/>
    <loc xlink:type="locator" xlink:href="countries-2014-09-01.xsd#countries_WesternSahara" xlink:label="countries_WesternSahara"/>
    <presentationArc xlink:type="arc" xlink:arcrole="http://www.xbrl.org/2003/arcrole/parent-child" xlink:from="countries_CountryListHeading" xlink:to="countries_WesternSahara" order="246" use="optional"/>
    <loc xlink:type="locator" xlink:href="countries-2014-09-01.xsd#countries_Yemen" xlink:label="countries_Yemen"/>
    <presentationArc xlink:type="arc" xlink:arcrole="http://www.xbrl.org/2003/arcrole/parent-child" xlink:from="countries_CountryListHeading" xlink:to="countries_Yemen" order="247" use="optional"/>
    <loc xlink:type="locator" xlink:href="countries-2014-09-01.xsd#countries_Zambia" xlink:label="countries_Zambia"/>
    <presentationArc xlink:type="arc" xlink:arcrole="http://www.xbrl.org/2003/arcrole/parent-child" xlink:from="countries_CountryListHeading" xlink:to="countries_Zambia" order="248" use="optional"/>
    <loc xlink:type="locator" xlink:href="countries-2014-09-01.xsd#countries_Zimbabwe" xlink:label="countries_Zimbabwe"/>
    <presentationArc xlink:type="arc" xlink:arcrole="http://www.xbrl.org/2003/arcrole/parent-child" xlink:from="countries_CountryListHeading" xlink:to="countries_Zimbabwe" order="249" use="optional"/>
    <loc xlink:type="locator" xlink:href="../../../general/2014-09-01/common/common-2014-09-01.xsd#common_NotApplicableDefault" xlink:label="common_NotApplicableDefault"/>
    <presentationArc xlink:type="arc" xlink:arcrole="http://www.xbrl.org/2003/arcrole/parent-child" xlink:from="countries_CountriesRegionsHeading" xlink:to="common_NotApplicableDefault" order="6" use="optional"/>
  </presentationLink>
</linkbase>
