<?xml version="1.0" encoding="UTF-8" standalone="yes"?>
<link:linkbase xmlns:link="http://www.xbrl.org/2003/linkbase" xmlns:xlink="http://www.w3.org/1999/xlink" xmlns:xsi="http://www.w3.org/2001/XMLSchema-instance" xsi:schemaLocation="http://www.xbrl.org/2003/linkbase http://www.xbrl.org/2003/xbrl-linkbase-2003-12-31.xsd">
   <link:labelLink xlink:role="http://www.xbrl.org/2003/role/link" xlink:type="extended">
      <link:loc xlink:href="common-2014-09-01.xsd#common_NotApplicableDefault" xlink:label="common_NotApplicableDefault" xlink:type="locator"/>
      <link:labelArc order="1.0" xlink:arcrole="http://www.xbrl.org/2003/arcrole/concept-label" xlink:from="common_NotApplicableDefault" xlink:to="lbl_label23523087" xlink:type="arc"/>
      <link:label xlink:label="lbl_label23523087" xlink:role="http://www.xbrl.org/2003/role/label" xlink:type="resource" xml:lang="en">Not applicable [default]</link:label>
      <link:loc xlink:href="common-2014-09-01.xsd#common_X-AnalysisDimension" xlink:label="lbl_X-AnalysisDimension" xlink:type="locator"/>
      <link:label id="id_641714" xlink:label="lbl_label6559508" xlink:role="http://www.xbrl.org/2003/role/label" xlink:type="resource" xml:lang="en">x-Analysis [Dimension]</link:label>
      <link:labelArc order="1.0" xlink:arcrole="http://www.xbrl.org/2003/arcrole/concept-label" xlink:from="lbl_X-AnalysisDimension" xlink:to="lbl_label6559508" xlink:type="arc"/>
   </link:labelLink>
</link:linkbase>
