<?xml version="1.0" encoding="UTF-8"?>
<!-- Generated by Fujitsu Interstage XWand B0196 -->
<link:linkbase xmlns:xsi="http://www.w3.org/2001/XMLSchema-instance" xsi:schemaLocation="http://www.xbrl.org/2003/linkbase http://www.xbrl.org/2003/xbrl-linkbase-2003-12-31.xsd" xmlns:link="http://www.xbrl.org/2003/linkbase" xmlns:xlink="http://www.w3.org/1999/xlink">
  <link:roleRef roleURI="http://xbrl.frc.org.uk/fr/core/roles/AdditionalIndustrySectorDataFullIFRS" xlink:type="simple" xlink:href="https://xbrl.frc.org.uk/fr/2014-09-01/core/frc-core-2014-09-01.xsd#additionalIndustrySectorDataFullIFRS"/>
  <link:roleRef roleURI="http://xbrl.frc.org.uk/fr/core/roles/NotesAndDetailedDisclosuresFullIFRS" xlink:type="simple" xlink:href="https://xbrl.frc.org.uk/fr/2014-09-01/core/frc-core-2014-09-01.xsd#notesAndDetailedDisclosuresFullIFRS"/>
  <link:presentationLink xlink:type="extended" xlink:role="http://xbrl.frc.org.uk/fr/core/roles/NotesAndDetailedDisclosuresFullIFRS">
    <link:loc xlink:type="locator" xlink:href="https://xbrl.frc.org.uk/fr/2014-09-01/core/frc-core-2014-09-01.xsd#core_FinancialAssetsLiabilitiesPoliciesHeading" xlink:label="lbl_FinancialAssetsLiabilitiesPoliciesHeading"/>
    <link:loc xlink:type="locator" xlink:href="../../fr/2016-12-01/ie-fr-2016-12-01.xsd#id_DebtorsPolicy" xlink:label="lbl_DebtorsPolicy"/>
    <link:presentationArc xlink:type="arc" xlink:arcrole="http://www.xbrl.org/2003/arcrole/parent-child" xlink:from="lbl_FinancialAssetsLiabilitiesPoliciesHeading" xlink:to="lbl_DebtorsPolicy" order="7.5"/>
    <link:loc xlink:type="locator" xlink:href="https://xbrl.frc.org.uk/reports/2014-09-01/aurep/aurep-2014-09-01.xsd#aurep_AuditFeesExpenses" xlink:label="lbl_AuditFeesExpenses"/>
    <link:loc xlink:type="locator" xlink:href="../../common/2016-12-01/ie-common-2016-12-01.xsd#id_OtherAuditServicesFees" xlink:label="lbl_OtherAuditServicesFees"/>
    <link:presentationArc xlink:type="arc" xlink:arcrole="http://www.xbrl.org/2003/arcrole/parent-child" xlink:from="lbl_AuditFeesExpenses" xlink:to="lbl_OtherAuditServicesFees" order="3.0"/>
    <link:loc xlink:type="locator" xlink:href="../../common/2016-12-01/ie-common-2016-12-01.xsd#id_OtherAuditServicesPensionSchemesFees" xlink:label="lbl_OtherAuditServicesPensionSchemesFees"/>
    <link:presentationArc xlink:type="arc" xlink:arcrole="http://www.xbrl.org/2003/arcrole/parent-child" xlink:from="lbl_OtherAuditServicesFees" xlink:to="lbl_OtherAuditServicesPensionSchemesFees" order="1.0"/>
    <link:loc xlink:type="locator" xlink:href="../../common/2016-12-01/ie-common-2016-12-01.xsd#ie-common_OtherAuditServicesEntitySubsidiariesFees" xlink:label="lbl_OtherAuditServicesEntitySubsidiariesFees"/>
    <link:presentationArc xlink:type="arc" xlink:arcrole="http://www.xbrl.org/2003/arcrole/parent-child" xlink:from="lbl_OtherAuditServicesFees" xlink:to="lbl_OtherAuditServicesEntitySubsidiariesFees" order="2.0"/>
    <link:loc xlink:type="locator" xlink:href="https://xbrl.frc.org.uk/fr/2014-09-01/core/frc-core-2014-09-01.xsd#core_IncomeTaxHeading" xlink:label="lbl_IncomeTaxHeading"/>
    <link:loc xlink:type="locator" xlink:href="https://xbrl.frc.org.uk/fr/2014-09-01/core/frc-core-2014-09-01.xsd#core_UseTaxJurisdictionDimensionToIdentifyUKForeignTaxIfRequiredGuidance" xlink:label="lbl_UseTaxJurisdictionDimensionToIdentifyUKForeignTaxIfRequiredGuidance"/>
    <link:presentationArc xlink:type="arc" xlink:arcrole="http://www.xbrl.org/2003/arcrole/parent-child" xlink:from="lbl_IncomeTaxHeading" xlink:to="lbl_UseTaxJurisdictionDimensionToIdentifyUKForeignTaxIfRequiredGuidance" use="prohibited" priority="1" order="1.0"/>
    <link:loc xlink:type="locator" xlink:href="https://xbrl.frc.org.uk/fr/2014-09-01/core/frc-core-2014-09-01.xsd#core_ReconciliationBetweenTaxExpenseAccountingProfitMultipliedByApplicableTaxRateHeading" xlink:label="lbl_ReconciliationBetweenTaxExpenseAccountingProfitMultipliedByApplicableTaxRateHeading"/>
    <link:loc xlink:type="locator" xlink:href="https://xbrl.frc.org.uk/fr/2014-09-01/core/frc-core-2014-09-01.xsd#core_TaxIncreaseDecreaseFromEffectDifferentUKTaxRatesOnSomeEarnings" xlink:label="lbl_TaxIncreaseDecreaseFromEffectDifferentUKTaxRatesOnSomeEarnings"/>
    <link:presentationArc xlink:type="arc" xlink:arcrole="http://www.xbrl.org/2003/arcrole/parent-child" xlink:from="lbl_ReconciliationBetweenTaxExpenseAccountingProfitMultipliedByApplicableTaxRateHeading" xlink:to="lbl_TaxIncreaseDecreaseFromEffectDifferentUKTaxRatesOnSomeEarnings" use="prohibited" priority="1" order="5.0"/>
    <link:loc xlink:type="locator" xlink:href="https://xbrl.frc.org.uk/fr/2014-09-01/core/frc-core-2014-09-01.xsd#core_TaxIncreaseDecreaseFromEffectDividendsFromUKCompanies" xlink:label="lbl_TaxIncreaseDecreaseFromEffectDividendsFromUKCompanies"/>
    <link:presentationArc xlink:type="arc" xlink:arcrole="http://www.xbrl.org/2003/arcrole/parent-child" xlink:from="lbl_ReconciliationBetweenTaxExpenseAccountingProfitMultipliedByApplicableTaxRateHeading" xlink:to="lbl_TaxIncreaseDecreaseFromEffectDividendsFromUKCompanies" use="prohibited" priority="1" order="24.0"/>
    <link:loc xlink:type="locator" xlink:href="../../fr/2016-12-01/ie-fr-2016-12-01.xsd#ie-fr_TaxIncreaseDecreaseFromEffectDifferentROITaxRatesOnSomeEarnings" xlink:label="lbl_TaxIncreaseDecreaseFromEffectDifferentROITaxRatesOnSomeEarnings"/>
    <link:presentationArc xlink:type="arc" xlink:arcrole="http://www.xbrl.org/2003/arcrole/parent-child" xlink:from="lbl_ReconciliationBetweenTaxExpenseAccountingProfitMultipliedByApplicableTaxRateHeading" xlink:to="lbl_TaxIncreaseDecreaseFromEffectDifferentROITaxRatesOnSomeEarnings" order="5.0"/>
    <link:loc xlink:type="locator" xlink:href="../../fr/2016-12-01/ie-fr-2016-12-01.xsd#ie-fr_TaxIncreaseDecreaseFromEffectDividendsFromROICompanies" xlink:label="lbl_TaxIncreaseDecreaseFromEffectDividendsFromROICompanies"/>
    <link:presentationArc xlink:type="arc" xlink:arcrole="http://www.xbrl.org/2003/arcrole/parent-child" xlink:from="lbl_ReconciliationBetweenTaxExpenseAccountingProfitMultipliedByApplicableTaxRateHeading" xlink:to="lbl_TaxIncreaseDecreaseFromEffectDividendsFromROICompanies" order="24.0"/>
    <link:loc xlink:type="locator" xlink:href="../../fr/2016-12-01/ie-fr-2016-12-01.xsd#ie-fr_UseTaxJurisdictionDimensionToIdentifyROIForeignTaxIfRequiredGuidance" xlink:label="lbl_UseTaxJurisdictionDimensionToIdentifyROIForeignTaxIfRequiredGuidance"/>
    <link:presentationArc xlink:type="arc" xlink:arcrole="http://www.xbrl.org/2003/arcrole/parent-child" xlink:from="lbl_IncomeTaxHeading" xlink:to="lbl_UseTaxJurisdictionDimensionToIdentifyROIForeignTaxIfRequiredGuidance" order="1.0"/>
    <link:loc xlink:type="locator" xlink:href="https://xbrl.frc.org.uk/fr/2014-09-01/core/frc-core-2014-09-01.xsd#core_IncreaseDecreaseInPropertyPlantEquipment" xlink:label="lbl_IncreaseDecreaseInPropertyPlantEquipment"/>
    <link:loc xlink:type="locator" xlink:href="../../fr/2016-12-01/ie-fr-2016-12-01.xsd#ie-fr_IncreaseDecreaseDueToIntercompanyTransfersIntoOrOutPropertyPlantEquipment" xlink:label="lbl_IncreaseDecreaseDueToIntercompanyTransfersIntoOrOutPropertyPlantEquipment"/>
    <link:presentationArc xlink:type="arc" xlink:arcrole="http://www.xbrl.org/2003/arcrole/parent-child" xlink:from="lbl_IncreaseDecreaseInPropertyPlantEquipment" xlink:to="lbl_IncreaseDecreaseDueToIntercompanyTransfersIntoOrOutPropertyPlantEquipment" order="6.5"/>
    <link:loc xlink:type="locator" xlink:href="https://xbrl.frc.org.uk/fr/2014-09-01/core/frc-core-2014-09-01.xsd#core_IncreaseDecreaseInDepreciationImpairmentPropertyPlantEquipment" xlink:label="lbl_IncreaseDecreaseInDepreciationImpairmentPropertyPlantEquipment"/>
    <link:loc xlink:type="locator" xlink:href="../../fr/2016-12-01/ie-fr-2016-12-01.xsd#ie-fr_IntercompanyTransfersBetweenPPEClassesIncreaseDecreaseInDepreciationImpairment" xlink:label="lbl_IntercompanyTransfersBetweenPPEClassesIncreaseDecreaseInDepreciationImpairment"/>
    <link:presentationArc xlink:type="arc" xlink:arcrole="http://www.xbrl.org/2003/arcrole/parent-child" xlink:from="lbl_IncreaseDecreaseInDepreciationImpairmentPropertyPlantEquipment" xlink:to="lbl_IntercompanyTransfersBetweenPPEClassesIncreaseDecreaseInDepreciationImpairment" order="8.5"/>
    <link:loc xlink:type="locator" xlink:href="https://xbrl.frc.org.uk/fr/2014-09-01/core/frc-core-2014-09-01.xsd#core_IncreaseDecreaseInIntangibleAssets" xlink:label="lbl_IncreaseDecreaseInIntangibleAssets"/>
    <link:loc xlink:type="locator" xlink:href="../../fr/2016-12-01/ie-fr-2016-12-01.xsd#id_IncreaseDecreaseFromIntercompanyTransfersBetweenGroupCompanies" xlink:label="lbl_IncreaseDecreaseFromIntercompanyTransfersBetweenGroupCompanies"/>
    <link:presentationArc xlink:type="arc" xlink:arcrole="http://www.xbrl.org/2003/arcrole/parent-child" xlink:from="lbl_IncreaseDecreaseInIntangibleAssets" xlink:to="lbl_IncreaseDecreaseFromIntercompanyTransfersBetweenGroupCompanies" order="7.5"/>
    <link:loc xlink:type="locator" xlink:href="https://xbrl.frc.org.uk/fr/2014-09-01/core/frc-core-2014-09-01.xsd#core_IncreaseDecreaseInAmortisationImpairmentIntangibleAssets" xlink:label="lbl_IncreaseDecreaseInAmortisationImpairmentIntangibleAssets"/>
    <link:loc xlink:type="locator" xlink:href="../../fr/2016-12-01/ie-fr-2016-12-01.xsd#ie-fr_IntercompanyTransfersBetweenIntangibleClassesIncreaseDecreaseInAmortisationImpairment" xlink:label="lbl_IntercompanyTransfersBetweenIntangibleClassesIncreaseDecreaseInAmortisationImpairment"/>
    <link:presentationArc xlink:type="arc" xlink:arcrole="http://www.xbrl.org/2003/arcrole/parent-child" xlink:from="lbl_IncreaseDecreaseInAmortisationImpairmentIntangibleAssets" xlink:to="lbl_IntercompanyTransfersBetweenIntangibleClassesIncreaseDecreaseInAmortisationImpairment" order="9.5"/>
    <link:loc xlink:type="locator" xlink:href="https://xbrl.frc.org.uk/fr/2014-09-01/core/frc-core-2014-09-01.xsd#core_InformationOnIndividualSubsidiaryHeading" xlink:label="lbl_InformationOnIndividualSubsidiaryHeading"/>
    <link:loc xlink:type="locator" xlink:href="https://xbrl.frc.org.uk/fr/2014-09-01/core/frc-core-2014-09-01.xsd#core_SubsidiaryExemptFromProvidingAuditedAccountsUnderSection479ACompaniesActTruefalse" xlink:label="lbl_SubsidiaryExemptFromProvidingAuditedAccountsUnderSection479ACompaniesActTruefalse"/>
    <link:presentationArc xlink:type="arc" xlink:arcrole="http://www.xbrl.org/2003/arcrole/parent-child" xlink:from="lbl_InformationOnIndividualSubsidiaryHeading" xlink:to="lbl_SubsidiaryExemptFromProvidingAuditedAccountsUnderSection479ACompaniesActTruefalse" use="prohibited" priority="1" order="12.0"/>
    <link:loc xlink:type="locator" xlink:href="../../fr/2016-12-01/ie-fr-2016-12-01.xsd#ie-fr_SubsidiaryExemptFromProvidingAuditedAccountsUnderCompaniesAuditingAccountingAct2003Truefalse" xlink:label="lbl_SubsidiaryExemptFromProvidingAuditedAccountsUnderCompaniesAuditingAccountingAct2003Truefalse"/>
    <link:presentationArc xlink:type="arc" xlink:arcrole="http://www.xbrl.org/2003/arcrole/parent-child" xlink:from="lbl_InformationOnIndividualSubsidiaryHeading" xlink:to="lbl_SubsidiaryExemptFromProvidingAuditedAccountsUnderCompaniesAuditingAccountingAct2003Truefalse" order="12.0"/>
    <link:loc xlink:type="locator" xlink:href="https://xbrl.frc.org.uk/fr/2014-09-01/core/frc-core-2014-09-01.xsd#core_RelatedPartiesHeading" xlink:label="lbl_RelatedPartiesHeading"/>
    <link:loc xlink:type="locator" xlink:href="../../common/2016-12-01/ie-common-2016-12-01.xsd#ie-common_DirectorsLoansQuasiLoansHeading" xlink:label="lbl_DirectorsLoansQuasiLoansHeading"/>
    <link:presentationArc xlink:type="arc" xlink:arcrole="http://www.xbrl.org/2003/arcrole/parent-child" xlink:from="lbl_RelatedPartiesHeading" xlink:to="lbl_DirectorsLoansQuasiLoansHeading" order="8.5"/>
    <link:loc xlink:type="locator" xlink:href="../../common/2016-12-01/ie-common-2016-12-01.xsd#ie-common_DirectorsLoansQuasiLoansFree-textComment" xlink:label="lbl_DirectorsLoansQuasiLoansFree-textComment"/>
    <link:presentationArc xlink:type="arc" xlink:arcrole="http://www.xbrl.org/2003/arcrole/parent-child" xlink:from="lbl_DirectorsLoansQuasiLoansHeading" xlink:to="lbl_DirectorsLoansQuasiLoansFree-textComment" order="7.0"/>
    <link:loc xlink:type="locator" xlink:href="../../common/2016-12-01/ie-common-2016-12-01.xsd#ie-common_LoansQuasiLoansRepaidInPeriodDirectors" xlink:label="lbl_LoansQuasiLoansRepaidInPeriodDirectors"/>
    <link:presentationArc xlink:type="arc" xlink:arcrole="http://www.xbrl.org/2003/arcrole/parent-child" xlink:from="lbl_DirectorsLoansQuasiLoansHeading" xlink:to="lbl_LoansQuasiLoansRepaidInPeriodDirectors" order="4.0"/>
    <link:loc xlink:type="locator" xlink:href="../../common/2016-12-01/ie-common-2016-12-01.xsd#ie-common_LoansQuasiLoansMadeInPeriodDirectors" xlink:label="lbl_LoansQuasiLoansMadeInPeriodDirectors"/>
    <link:presentationArc xlink:type="arc" xlink:arcrole="http://www.xbrl.org/2003/arcrole/parent-child" xlink:from="lbl_DirectorsLoansQuasiLoansHeading" xlink:to="lbl_LoansQuasiLoansMadeInPeriodDirectors" order="3.0"/>
    <link:loc xlink:type="locator" xlink:href="../../common/2016-12-01/ie-common-2016-12-01.xsd#ie-common_LoansQuasiLoansDirectors" xlink:label="lbl_LoansQuasiLoansDirectors"/>
    <link:presentationArc xlink:type="arc" xlink:arcrole="http://www.xbrl.org/2003/arcrole/parent-child" xlink:from="lbl_DirectorsLoansQuasiLoansHeading" xlink:to="lbl_LoansQuasiLoansDirectors" order="2.0"/>
    <link:loc xlink:type="locator" xlink:href="https://xbrl.frc.org.uk/reports/2014-09-01/direp/direp-2014-09-01.xsd#direp_UseEntityOfficersDimensionMembersToIdentifyTotalsForDirectorsIndividualDirectorsGuidance" xlink:label="lbl_UseEntityOfficersDimensionMembersToIdentifyTotalsForDirectorsIndividualDirectorsGuidance"/>
    <link:presentationArc xlink:type="arc" xlink:arcrole="http://www.xbrl.org/2003/arcrole/parent-child" xlink:from="lbl_DirectorsLoansQuasiLoansHeading" xlink:to="lbl_UseEntityOfficersDimensionMembersToIdentifyTotalsForDirectorsIndividualDirectorsGuidance" order="1.0"/>
    <link:loc xlink:type="locator" xlink:href="../../common/2016-12-01/ie-common-2016-12-01.xsd#ie-common_SpecificLoanOrQuasiLoanDirectorsGrouping" xlink:label="lbl_SpecificLoanOrQuasiLoanDirectorsGrouping"/>
    <link:presentationArc xlink:type="arc" xlink:arcrole="http://www.xbrl.org/2003/arcrole/parent-child" xlink:from="lbl_DirectorsLoansQuasiLoansHeading" xlink:to="lbl_SpecificLoanOrQuasiLoanDirectorsGrouping" order="6.0"/>
    <link:loc xlink:type="locator" xlink:href="../../common/2016-12-01/ie-common-2016-12-01.xsd#ie-common_DescriptionSpecificLoanOrQuasiLoanItsConditionsDirectors" xlink:label="lbl_DescriptionSpecificLoanOrQuasiLoanItsConditionsDirectors"/>
    <link:presentationArc xlink:type="arc" xlink:arcrole="http://www.xbrl.org/2003/arcrole/parent-child" xlink:from="lbl_SpecificLoanOrQuasiLoanDirectorsGrouping" xlink:to="lbl_DescriptionSpecificLoanOrQuasiLoanItsConditionsDirectors" order="1.0"/>
    <link:loc xlink:type="locator" xlink:href="../../common/2016-12-01/ie-common-2016-12-01.xsd#ie-common_AmountSpecificLoanOrQuasiLoanMadeInPeriodDirectors" xlink:label="lbl_AmountSpecificLoanOrQuasiLoanMadeInPeriodDirectors"/>
    <link:presentationArc xlink:type="arc" xlink:arcrole="http://www.xbrl.org/2003/arcrole/parent-child" xlink:from="lbl_SpecificLoanOrQuasiLoanDirectorsGrouping" xlink:to="lbl_AmountSpecificLoanOrQuasiLoanMadeInPeriodDirectors" order="3.0"/>
    <link:loc xlink:type="locator" xlink:href="../../common/2016-12-01/ie-common-2016-12-01.xsd#ie-common_AmountSpecificLoanOrQuasiLoanRepaidInPeriodDirectors" xlink:label="lbl_AmountSpecificLoanOrQuasiLoanRepaidInPeriodDirectors"/>
    <link:presentationArc xlink:type="arc" xlink:arcrole="http://www.xbrl.org/2003/arcrole/parent-child" xlink:from="lbl_SpecificLoanOrQuasiLoanDirectorsGrouping" xlink:to="lbl_AmountSpecificLoanOrQuasiLoanRepaidInPeriodDirectors" order="4.0"/>
    <link:loc xlink:type="locator" xlink:href="../../common/2016-12-01/ie-common-2016-12-01.xsd#ie-common_AmountSpecificLoanOrQuasiLoanDirectors" xlink:label="lbl_AmountSpecificLoanOrQuasiLoanDirectors"/>
    <link:presentationArc xlink:type="arc" xlink:arcrole="http://www.xbrl.org/2003/arcrole/parent-child" xlink:from="lbl_SpecificLoanOrQuasiLoanDirectorsGrouping" xlink:to="lbl_AmountSpecificLoanOrQuasiLoanDirectors" order="2.0"/>
  </link:presentationLink>
  <link:presentationLink xlink:type="extended" xlink:role="http://xbrl.frc.org.uk/fr/core/roles/AdditionalIndustrySectorDataFullIFRS">
    <link:loc xlink:type="locator" xlink:href="https://xbrl.frc.org.uk/fr/2014-09-01/core/frc-core-2014-09-01.xsd#core_CashBalancesCentralBanksHeading" xlink:label="lbl_CashBalancesCentralBanksHeading"/>
    <link:loc xlink:type="locator" xlink:href="https://xbrl.frc.org.uk/fr/2014-09-01/core/frc-core-2014-09-01.xsd#core_CurrentAccountWithUKCentralBank" xlink:label="lbl_CurrentAccountWithUKCentralBank"/>
    <link:presentationArc xlink:type="arc" xlink:arcrole="http://www.xbrl.org/2003/arcrole/parent-child" xlink:from="lbl_CashBalancesCentralBanksHeading" xlink:to="lbl_CurrentAccountWithUKCentralBank" use="prohibited" priority="1" order="1.0"/>
    <link:loc xlink:type="locator" xlink:href="https://xbrl.frc.org.uk/fr/2014-09-01/core/frc-core-2014-09-01.xsd#core_DepositsWithCentralBanks" xlink:label="lbl_DepositsWithCentralBanks"/>
    <link:loc xlink:type="locator" xlink:href="https://xbrl.frc.org.uk/fr/2014-09-01/core/frc-core-2014-09-01.xsd#core_DepositsWithUKCentralBank" xlink:label="lbl_DepositsWithUKCentralBank"/>
    <link:presentationArc xlink:type="arc" xlink:arcrole="http://www.xbrl.org/2003/arcrole/parent-child" xlink:from="lbl_DepositsWithCentralBanks" xlink:to="lbl_DepositsWithUKCentralBank" use="prohibited" priority="1" order="1.0"/>
    <link:loc xlink:type="locator" xlink:href="https://xbrl.frc.org.uk/fr/2014-09-01/core/frc-core-2014-09-01.xsd#core_MandatoryReserveDepositsWithUKCentralBank" xlink:label="lbl_MandatoryReserveDepositsWithUKCentralBank"/>
    <link:presentationArc xlink:type="arc" xlink:arcrole="http://www.xbrl.org/2003/arcrole/parent-child" xlink:from="lbl_DepositsWithUKCentralBank" xlink:to="lbl_MandatoryReserveDepositsWithUKCentralBank" use="prohibited" priority="1" order="1.0"/>
    <link:loc xlink:type="locator" xlink:href="https://xbrl.frc.org.uk/fr/2014-09-01/core/frc-core-2014-09-01.xsd#core_BalancesWithUKCentralBankOtherThanMandatoryReserveDeposits" xlink:label="lbl_BalancesWithUKCentralBankOtherThanMandatoryReserveDeposits"/>
    <link:presentationArc xlink:type="arc" xlink:arcrole="http://www.xbrl.org/2003/arcrole/parent-child" xlink:from="lbl_DepositsWithUKCentralBank" xlink:to="lbl_BalancesWithUKCentralBankOtherThanMandatoryReserveDeposits" use="prohibited" priority="1" order="2.0"/>
    <link:loc xlink:type="locator" xlink:href="../../fr/2016-12-01/ie-fr-2016-12-01.xsd#ie-fr_DepositsWithROICentralBank" xlink:label="lbl_DepositsWithROICentralBank"/>
    <link:presentationArc xlink:type="arc" xlink:arcrole="http://www.xbrl.org/2003/arcrole/parent-child" xlink:from="lbl_DepositsWithCentralBanks" xlink:to="lbl_DepositsWithROICentralBank" order="1.0"/>
    <link:loc xlink:type="locator" xlink:href="../../fr/2016-12-01/ie-fr-2016-12-01.xsd#id_MandatoryReserveDepositsWithROICentralBank" xlink:label="lbl_MandatoryReserveDepositsWithROICentralBank"/>
    <link:presentationArc xlink:type="arc" xlink:arcrole="http://www.xbrl.org/2003/arcrole/parent-child" xlink:from="lbl_DepositsWithROICentralBank" xlink:to="lbl_MandatoryReserveDepositsWithROICentralBank" order="1.0"/>
    <link:loc xlink:type="locator" xlink:href="../../fr/2016-12-01/ie-fr-2016-12-01.xsd#ie-fr_BalancesWithROICentralBankOtherThanMandatoryReserveDeposits" xlink:label="lbl_BalancesWithROICentralBankOtherThanMandatoryReserveDeposits"/>
    <link:presentationArc xlink:type="arc" xlink:arcrole="http://www.xbrl.org/2003/arcrole/parent-child" xlink:from="lbl_DepositsWithROICentralBank" xlink:to="lbl_BalancesWithROICentralBankOtherThanMandatoryReserveDeposits" order="2.0"/>
    <link:loc xlink:type="locator" xlink:href="../../fr/2016-12-01/ie-fr-2016-12-01.xsd#ie-fr_CurrentAccountWithROICentralBank" xlink:label="lbl_CurrentAccountWithROICentralBank"/>
    <link:presentationArc xlink:type="arc" xlink:arcrole="http://www.xbrl.org/2003/arcrole/parent-child" xlink:from="lbl_CashBalancesCentralBanksHeading" xlink:to="lbl_CurrentAccountWithROICentralBank" order="1.0"/>
  </link:presentationLink>
</link:linkbase>
