<?xml version='1.0' encoding='UTF-8'?>
<catalog xmlns="urn:oasis:names:tc:entity:xmlns:xml:catalog" prefer="public">
  <rewriteURI rewritePrefix="../xbrl.iasb.org/taxonomy/2009-04-01/" uriStartString="http://xbrl.iasb.org/taxonomy/2009-04-01/"/>
  <rewriteURI rewritePrefix="../www.hmrc.gov.uk/schemas/ct/dpl/2013-10-01/" uriStartString="http://www.hmrc.gov.uk/schemas/ct/dpl/2013-10-01/"/>
  <rewriteURI rewritePrefix="../www.hmrc.gov.uk/schemas/ct/comp/2015-02-01/" uriStartString="http://www.hmrc.gov.uk/schemas/ct/comp/2015-02-01/"/>
  <rewriteURI rewritePrefix="../www.hmrc.gov.uk/schemas/ct/combined/2015-02-01/ct-comp-dpl-ifrs-main-2015-02-01.xsd" uriStartString="http://www.hmrc.gov.uk/schemas/ct/combined/2015-02-01/ct-comp-dpl-ifrs-main-2015-02-01.xsd"/>
  <rewriteURI rewritePrefix="../www.hmrc.gov.uk/schemas/ct/combined/2015-02-01/ct-comp-full-gaap-dpl-2015-02-01.xsd" uriStartString="http://www.hmrc.gov.uk/schemas/ct/combined/2015-02-01/ct-comp-full-gaap-dpl-2015-02-01.xsd"/>
  <rewriteURI rewritePrefix="../www.hmrc.gov.uk/schemas/ct/combined/2015-02-01/ct-comp-dpl-gaap-main-2015-02-01.xsd" uriStartString="http://www.hmrc.gov.uk/schemas/ct/combined/2015-02-01/ct-comp-dpl-gaap-main-2015-02-01.xsd"/>
  <rewriteURI rewritePrefix="../www.hmrc.gov.uk/schemas/ct/combined/2015-02-01/ct-comp-char-dpl-2015-02-01.xsd" uriStartString="http://www.hmrc.gov.uk/schemas/ct/combined/2015-02-01/ct-comp-char-dpl-2015-02-01.xsd"/>
  <rewriteURI rewritePrefix="../www.hmrc.gov.uk/schemas/ct/combined/2015-02-01/ct-comp-min-gaap-dpl-2015-02-01.xsd" uriStartString="http://www.hmrc.gov.uk/schemas/ct/combined/2015-02-01/ct-comp-min-gaap-dpl-2015-02-01.xsd"/>
  <rewriteURI rewritePrefix="../www.hmrc.gov.uk/schemas/ct/combined/2015-02-01/ct-comp-full-ifrs-dpl-2015-02-01.xsd" uriStartString="http://www.hmrc.gov.uk/schemas/ct/combined/2015-02-01/ct-comp-full-ifrs-dpl-2015-02-01.xsd"/>
  <rewriteURI rewritePrefix="../www.hmrc.gov.uk/schemas/ct/combined/2013-10-01/" uriStartString="http://www.hmrc.gov.uk/schemas/ct/combined/2013-10-01/"/>
  <rewriteURI rewritePrefix="../www.xbrl.org/dtr/type/" uriStartString="http://www.xbrl.org/dtr/type/"/>
  <rewriteURI rewritePrefix="../www.xbrl.org/uk/cd/exchanges/2009-09-01/" uriStartString="http://www.xbrl.org/uk/cd/exchanges/2009-09-01/"/>
  <rewriteURI rewritePrefix="../www.xbrl.org/uk/cd/languages/2009-09-01/" uriStartString="http://www.xbrl.org/uk/cd/languages/2009-09-01/"/>
  <rewriteURI rewritePrefix="../www.xbrl.org/uk/cd/countries-regions/2009-09-01/" uriStartString="http://www.xbrl.org/uk/cd/countries-regions/2009-09-01/"/>
  <rewriteURI rewritePrefix="../www.xbrl.org/uk/cd/business/2009-09-01/" uriStartString="http://www.xbrl.org/uk/cd/business/2009-09-01/"/>
  <rewriteURI rewritePrefix="../www.xbrl.org/uk/cd/currencies/2009-09-01/" uriStartString="http://www.xbrl.org/uk/cd/currencies/2009-09-01/"/>
  <rewriteURI rewritePrefix="../www.xbrl.org/uk/ifrs/core/2009-09-01/" uriStartString="http://www.xbrl.org/uk/ifrs/core/2009-09-01/"/>
  <rewriteURI rewritePrefix="../www.xbrl.org/uk/ifrs/banking/2009-09-01/" uriStartString="http://www.xbrl.org/uk/ifrs/banking/2009-09-01/"/>
  <rewriteURI rewritePrefix="../www.xbrl.org/uk/gaap/core/2009-09-01/" uriStartString="http://www.xbrl.org/uk/gaap/core/2009-09-01/"/>
  <rewriteURI rewritePrefix="../www.xbrl.org/uk/all/gaap-ref/2009-09-01/" uriStartString="http://www.xbrl.org/uk/all/gaap-ref/2009-09-01/"/>
  <rewriteURI rewritePrefix="../www.xbrl.org/uk/all/types/2009-09-01/" uriStartString="http://www.xbrl.org/uk/all/types/2009-09-01/"/>
  <rewriteURI rewritePrefix="../www.xbrl.org/uk/all/ref/2009-09-01/" uriStartString="http://www.xbrl.org/uk/all/ref/2009-09-01/"/>
  <rewriteURI rewritePrefix="../www.xbrl.org/uk/all/common/2009-09-01/" uriStartString="http://www.xbrl.org/uk/all/common/2009-09-01/"/>
  <rewriteURI rewritePrefix="../www.xbrl.org/uk/reports/direp/2009-09-01/" uriStartString="http://www.xbrl.org/uk/reports/direp/2009-09-01/"/>
  <rewriteURI rewritePrefix="../www.xbrl.org/uk/reports/aurep/2009-09-01/" uriStartString="http://www.xbrl.org/uk/reports/aurep/2009-09-01/"/>
  <rewriteURI rewritePrefix="../www.xbrl.org/uk/char/core/2009-09-01/" uriStartString="http://www.xbrl.org/uk/char/core/2009-09-01/"/>
  <rewriteURI rewritePrefix="../www.xbrl.org/uk/all/common/2009-09-01/" uriStartString="http://www.xbrl.org/uk/all/common/2009-09-01/"/>
  <rewriteURI rewritePrefix="../www.xbrl.org/uk/all/gaap-ref/2009-09-01/" uriStartString="http://www.xbrl.org/uk/all/gaap-ref/2009-09-01/"/>
  <rewriteURI rewritePrefix="../www.xbrl.org/uk/all/ref/2009-09-01/" uriStartString="http://www.xbrl.org/uk/all/ref/2009-09-01/"/>
  <rewriteURI rewritePrefix="../www.xbrl.org/uk/all/types/2009-09-01/" uriStartString="http://www.xbrl.org/uk/all/types/2009-09-01/"/>
  <rewriteURI rewritePrefix="../www.xbrl.org/uk/cd/business/2009-09-01/" uriStartString="http://www.xbrl.org/uk/cd/business/2009-09-01/"/>
  <rewriteURI rewritePrefix="../www.xbrl.org/uk/cd/countries-regions/2009-09-01/" uriStartString="http://www.xbrl.org/uk/cd/countries-regions/2009-09-01/"/>
  <rewriteURI rewritePrefix="../www.xbrl.org/uk/cd/currencies/2009-09-01/" uriStartString="http://www.xbrl.org/uk/cd/currencies/2009-09-01/"/>
  <rewriteURI rewritePrefix="../www.xbrl.org/uk/cd/exchanges/2009-09-01/" uriStartString="http://www.xbrl.org/uk/cd/exchanges/2009-09-01/"/>
  <rewriteURI rewritePrefix="../www.xbrl.org/uk/cd/languages/2009-09-01/" uriStartString="http://www.xbrl.org/uk/cd/languages/2009-09-01/"/>
  <rewriteURI rewritePrefix="../www.xbrl.org/uk/char/core/2009-09-01/" uriStartString="http://www.xbrl.org/uk/char/core/2009-09-01/"/>
  <rewriteURI rewritePrefix="../www.xbrl.org/uk/gaap/core/2009-09-01/" uriStartString="http://www.xbrl.org/uk/gaap/core/2009-09-01/"/>
  <rewriteURI rewritePrefix="../www.xbrl.org/uk/ifrs/banking/2009-09-01/" uriStartString="http://www.xbrl.org/uk/ifrs/banking/2009-09-01/"/>
  <rewriteURI rewritePrefix="../www.xbrl.org/uk/ifrs/core/2009-09-01/" uriStartString="http://www.xbrl.org/uk/ifrs/core/2009-09-01/"/>
  <rewriteURI rewritePrefix="../www.xbrl.org/uk/reports/aurep/2009-09-01/" uriStartString="http://www.xbrl.org/uk/reports/aurep/2009-09-01/"/>
  <rewriteURI rewritePrefix="../www.xbrl.org/uk/reports/direp/2009-09-01/" uriStartString="http://www.xbrl.org/uk/reports/direp/2009-09-01/"/>
</catalog>
