<?xml version='1.0' encoding='UTF-8'?>
<link:linkbase xmlns:link="http://www.xbrl.org/2003/linkbase" xmlns:xlink="http://www.w3.org/1999/xlink" xmlns:xsi="http://www.w3.org/2001/XMLSchema-instance" xsi:schemaLocation="http://www.xbrl.org/2003/linkbase http://www.xbrl.org/2003/xbrl-linkbase-2003-12-31.xsd">
   <link:labelLink xlink:role="http://www.xbrl.org/2003/role/link" xlink:type="extended">
      <link:label id="id_1e6f4c5" xlink:label="lbl_label11688787" xlink:role="http://www.xbrl.org/2003/role/label" xlink:type="resource" xml:lang="en">Debtors policy</link:label>
      <link:loc xlink:href="ie-fr-2016-12-01.xsd#id_DebtorsPolicy" xlink:label="lbl_DebtorsPolicy" xlink:type="locator"/>
      <link:labelArc order="1.0" xlink:arcrole="http://www.xbrl.org/2003/arcrole/concept-label" xlink:from="lbl_DebtorsPolicy" xlink:to="lbl_label11688787" xlink:type="arc"/>
      <link:label id="id_1d6b8e0" xlink:label="lbl_label13140175" xlink:role="http://www.xbrl.org/2003/role/label" xlink:type="resource" xml:lang="en">Use tax jurisdiction dimension to identify ROI and foreign tax if required [guidance]</link:label>
      <link:label id="id_de593" xlink:label="lbl_label19808036" xlink:role="http://www.xbrl.org/2003/role/label" xlink:type="resource" xml:lang="en">Tax increase (decrease) from effect of different ROI tax rates on some earnings</link:label>
      <link:label id="id_154c3f4" xlink:label="lbl_label7028159" xlink:role="http://www.xbrl.org/2003/role/label" xlink:type="resource" xml:lang="en">Tax increase (decrease) from effect of dividends from ROI companies</link:label>
      <link:label id="id_1e5789e" xlink:label="lbl_label29008696" xlink:role="http://www.xbrl.org/2003/role/label" xlink:type="resource" xml:lang="en">Tax rate increase (decrease) from effect of different ROI tax rates on some earnings</link:label>
      <link:label id="id_11d52e8" xlink:label="lbl_label11355030" xlink:role="http://www.xbrl.org/2003/role/label" xlink:type="resource" xml:lang="en">Tax rate increase (decrease) from effect of dividends from ROI companies</link:label>
      <link:label id="id_815182" xlink:label="lbl_label1018875" xlink:role="http://www.xbrl.org/2003/role/label" xlink:type="resource" xml:lang="en">Increase (decrease) due to intercompany transfers into or out of property, plant and equipment</link:label>
      <link:label id="id_1801b18" xlink:label="lbl_label4665963" xlink:role="http://www.xbrl.org/2003/role/label" xlink:type="resource" xml:lang="en">Intercompany transfers between PPE classes, increase (decrease) in depreciation and impairment</link:label>
      <link:label id="id_ff4724" xlink:label="lbl_label29772686" xlink:role="http://www.xbrl.org/2003/role/label" xlink:type="resource" xml:lang="en">Increase (decrease) from intercompany transfers between group companies</link:label>
      <link:loc xlink:href="ie-fr-2016-12-01.xsd#id_IncreaseDecreaseFromIntercompanyTransfersBetweenGroupCompanies" xlink:label="lbl_IncreaseDecreaseFromIntercompanyTransfersBetweenGroupCompanies" xlink:type="locator"/>
      <link:labelArc order="1.0" xlink:arcrole="http://www.xbrl.org/2003/arcrole/concept-label" xlink:from="lbl_IncreaseDecreaseFromIntercompanyTransfersBetweenGroupCompanies" xlink:to="lbl_label29772686" xlink:type="arc"/>
      <link:label id="id_ea67cb" xlink:label="lbl_label2752369" xlink:role="http://www.xbrl.org/2003/role/label" xlink:type="resource" xml:lang="en">Intercompany transfers between intangible classes, increase (decrease) in amortisation and impairment</link:label>
      <link:label id="id_501c2b" xlink:label="lbl_label12986327" xlink:role="http://www.xbrl.org/2003/role/label" xlink:type="resource" xml:lang="en">Subsidiary is exempt from providing audited accounts under the Companies (Auditing and Accounting) Act 2003 [true/false]</link:label>
      <link:label id="id_5203e6" xlink:label="lbl_label3291453" xlink:role="http://www.xbrl.org/2003/role/label" xlink:type="resource" xml:lang="en">ROI tax</link:label>
      <link:loc xlink:href="ie-fr-2016-12-01.xsd#id_ROITax" xlink:label="lbl_ROITax" xlink:type="locator"/>
      <link:labelArc order="1.0" xlink:arcrole="http://www.xbrl.org/2003/arcrole/concept-label" xlink:from="lbl_ROITax" xlink:to="lbl_label3291453" xlink:type="arc"/>
      <link:label id="id_dffa17" xlink:label="lbl_label24192775" xlink:role="http://www.xbrl.org/2003/role/label" xlink:type="resource" xml:lang="en">Current account with the ROI central bank</link:label>
      <link:loc xlink:href="ie-fr-2016-12-01.xsd#ie-fr_CurrentAccountWithROICentralBank" xlink:label="lbl_CurrentAccountWithROICentralBank" xlink:type="locator"/>
      <link:labelArc order="1.0" xlink:arcrole="http://www.xbrl.org/2003/arcrole/concept-label" xlink:from="lbl_CurrentAccountWithROICentralBank" xlink:to="lbl_label24192775" xlink:type="arc"/>
      <link:label id="id_864dc4" xlink:label="lbl_label22589757" xlink:role="http://www.xbrl.org/2003/role/label" xlink:type="resource" xml:lang="en">Deposits with the ROI central bank</link:label>
      <link:label id="id_669522" xlink:label="lbl_label17656578" xlink:role="http://www.xbrl.org/2003/role/label" xlink:type="resource" xml:lang="en">Mandatory reserve deposits with ROI central bank</link:label>
      <link:loc xlink:href="ie-fr-2016-12-01.xsd#id_MandatoryReserveDepositsWithROICentralBank" xlink:label="lbl_MandatoryReserveDepositsWithROICentralBank" xlink:type="locator"/>
      <link:labelArc order="1.0" xlink:arcrole="http://www.xbrl.org/2003/arcrole/concept-label" xlink:from="lbl_MandatoryReserveDepositsWithROICentralBank" xlink:to="lbl_label17656578" xlink:type="arc"/>
      <link:label id="id_18d2fb7" xlink:label="lbl_label2448076" xlink:role="http://www.xbrl.org/2003/role/label" xlink:type="resource" xml:lang="en">Balances with the ROI central bank other than mandatory reserve deposits</link:label>
      <link:loc xlink:href="ie-fr-2016-12-01.xsd#ie-fr_UseTaxJurisdictionDimensionToIdentifyROIForeignTaxIfRequiredGuidance" xlink:label="lbl_UseTaxJurisdictionDimensionToIdentifyROIForeignTaxIfRequiredGuidance" xlink:type="locator"/>
      <link:labelArc order="1.0" xlink:arcrole="http://www.xbrl.org/2003/arcrole/concept-label" xlink:from="lbl_UseTaxJurisdictionDimensionToIdentifyROIForeignTaxIfRequiredGuidance" xlink:to="lbl_label13140175" xlink:type="arc"/>
      <link:loc xlink:href="ie-fr-2016-12-01.xsd#ie-fr_IntercompanyTransfersBetweenPPEClassesIncreaseDecreaseInDepreciationImpairment" xlink:label="lbl_IntercompanyTransfersBetweenPPEClassesIncreaseDecreaseInDepreciationImpairment" xlink:type="locator"/>
      <link:labelArc order="1.0" xlink:arcrole="http://www.xbrl.org/2003/arcrole/concept-label" xlink:from="lbl_IntercompanyTransfersBetweenPPEClassesIncreaseDecreaseInDepreciationImpairment" xlink:to="lbl_label4665963" xlink:type="arc"/>
      <link:loc xlink:href="ie-fr-2016-12-01.xsd#ie-fr_IntercompanyTransfersBetweenIntangibleClassesIncreaseDecreaseInAmortisationImpairment" xlink:label="lbl_IntercompanyTransfersBetweenIntangibleClassesIncreaseDecreaseInAmortisationImpairment" xlink:type="locator"/>
      <link:labelArc order="1.0" xlink:arcrole="http://www.xbrl.org/2003/arcrole/concept-label" xlink:from="lbl_IntercompanyTransfersBetweenIntangibleClassesIncreaseDecreaseInAmortisationImpairment" xlink:to="lbl_label2752369" xlink:type="arc"/>
      <link:loc xlink:href="ie-fr-2016-12-01.xsd#ie-fr_TaxIncreaseDecreaseFromEffectDifferentROITaxRatesOnSomeEarnings" xlink:label="lbl_TaxIncreaseDecreaseFromEffectDifferentROITaxRatesOnSomeEarnings" xlink:type="locator"/>
      <link:labelArc order="1.0" xlink:arcrole="http://www.xbrl.org/2003/arcrole/concept-label" xlink:from="lbl_TaxIncreaseDecreaseFromEffectDifferentROITaxRatesOnSomeEarnings" xlink:to="lbl_label19808036" xlink:type="arc"/>
      <link:loc xlink:href="ie-fr-2016-12-01.xsd#ie-fr_TaxIncreaseDecreaseFromEffectDividendsFromROICompanies" xlink:label="lbl_TaxIncreaseDecreaseFromEffectDividendsFromROICompanies" xlink:type="locator"/>
      <link:labelArc order="1.0" xlink:arcrole="http://www.xbrl.org/2003/arcrole/concept-label" xlink:from="lbl_TaxIncreaseDecreaseFromEffectDividendsFromROICompanies" xlink:to="lbl_label7028159" xlink:type="arc"/>
      <link:loc xlink:href="ie-fr-2016-12-01.xsd#ie-fr_TaxRateIncreaseDecreaseFromEffectDifferentROITaxRatesOnSomeEarnings" xlink:label="lbl_TaxRateIncreaseDecreaseFromEffectDifferentROITaxRatesOnSomeEarnings" xlink:type="locator"/>
      <link:labelArc order="1.0" xlink:arcrole="http://www.xbrl.org/2003/arcrole/concept-label" xlink:from="lbl_TaxRateIncreaseDecreaseFromEffectDifferentROITaxRatesOnSomeEarnings" xlink:to="lbl_label29008696" xlink:type="arc"/>
      <link:loc xlink:href="ie-fr-2016-12-01.xsd#ie-fr_DepositsWithROICentralBank" xlink:label="lbl_DepositsWithROICentralBank" xlink:type="locator"/>
      <link:labelArc order="1.0" xlink:arcrole="http://www.xbrl.org/2003/arcrole/concept-label" xlink:from="lbl_DepositsWithROICentralBank" xlink:to="lbl_label22589757" xlink:type="arc"/>
      <link:loc xlink:href="ie-fr-2016-12-01.xsd#ie-fr_BalancesWithROICentralBankOtherThanMandatoryReserveDeposits" xlink:label="lbl_BalancesWithROICentralBankOtherThanMandatoryReserveDeposits" xlink:type="locator"/>
      <link:labelArc order="1.0" xlink:arcrole="http://www.xbrl.org/2003/arcrole/concept-label" xlink:from="lbl_BalancesWithROICentralBankOtherThanMandatoryReserveDeposits" xlink:to="lbl_label2448076" xlink:type="arc"/>
      <link:loc xlink:href="ie-fr-2016-12-01.xsd#ie-fr_TaxRateIncreaseDecreaseFromEffectDividendsFromROICompanies" xlink:label="lbl_TaxRateIncreaseDecreaseFromEffectDividendsFromROICompanies" xlink:type="locator"/>
      <link:labelArc order="1.0" xlink:arcrole="http://www.xbrl.org/2003/arcrole/concept-label" xlink:from="lbl_TaxRateIncreaseDecreaseFromEffectDividendsFromROICompanies" xlink:to="lbl_label11355030" xlink:type="arc"/>
      <link:loc xlink:href="ie-fr-2016-12-01.xsd#ie-fr_SubsidiaryExemptFromProvidingAuditedAccountsUnderCompaniesAuditingAccountingAct2003Truefalse" xlink:label="lbl_SubsidiaryExemptFromProvidingAuditedAccountsUnderCompaniesAuditingAccountingAct2003Truefalse" xlink:type="locator"/>
      <link:labelArc order="1.0" xlink:arcrole="http://www.xbrl.org/2003/arcrole/concept-label" xlink:from="lbl_SubsidiaryExemptFromProvidingAuditedAccountsUnderCompaniesAuditingAccountingAct2003Truefalse" xlink:to="lbl_label12986327" xlink:type="arc"/>
      <link:loc xlink:href="ie-fr-2016-12-01.xsd#ie-fr_IncreaseDecreaseDueToIntercompanyTransfersIntoOrOutPropertyPlantEquipment" xlink:label="lbl_IncreaseDecreaseDueToIntercompanyTransfersIntoOrOutPropertyPlantEquipment" xlink:type="locator"/>
      <link:labelArc order="1.0" xlink:arcrole="http://www.xbrl.org/2003/arcrole/concept-label" xlink:from="lbl_IncreaseDecreaseDueToIntercompanyTransfersIntoOrOutPropertyPlantEquipment" xlink:to="lbl_label1018875" xlink:type="arc"/>
   </link:labelLink>
</link:linkbase>
