<?xml version='1.0' encoding='UTF-8'?>
<link:linkbase xmlns:link="http://www.xbrl.org/2003/linkbase" xmlns:xbrldt="http://xbrl.org/2005/xbrldt" xmlns:xlink="http://www.w3.org/1999/xlink" xmlns:xsi="http://www.w3.org/2001/XMLSchema-instance" xsi:schemaLocation="http://www.xbrl.org/2003/linkbase http://www.xbrl.org/2003/xbrl-linkbase-2003-12-31.xsd">
   <link:roleRef roleURI="http://xbrl.frc.org.uk/fr/core/roles/Dimension-RestatementsAndFirstTimeAdoption" xlink:href="https://xbrl.frc.org.uk/fr/2014-09-01/core/frc-core-2014-09-01.xsd#Dimension-RestatementsAndFirstTimeAdoption" xlink:type="simple"/>
   <link:roleRef roleURI="http://xbrl.frc.org.uk/cd/roles/Dimension-GroupCompanyData" xlink:href="https://xbrl.frc.org.uk/cd/2014-09-01/business/bus-2014-09-01.xsd#Dimension-GroupCompanyData" xlink:type="simple"/>
   <link:roleRef roleURI="http://xbrl.frc.org.uk/cd/roles/Dimension-EntityOfficerStatus" xlink:href="https://xbrl.frc.org.uk/cd/2014-09-01/business/bus-2014-09-01.xsd#Dimension-EntityOfficerStatus" xlink:type="simple"/>
   <link:roleRef roleURI="http://xbrl.frc.org.uk/cd/roles/Dimension-EntityOfficers" xlink:href="https://xbrl.frc.org.uk/cd/2014-09-01/business/bus-2014-09-01.xsd#Dimension-EntityOfficers" xlink:type="simple"/>
   <link:arcroleRef arcroleURI="http://xbrl.org/int/dim/arcrole/hypercube-dimension" xlink:href="http://www.xbrl.org/2005/xbrldt-2005.xsd#hypercube-dimension" xlink:type="simple"/>
   <link:arcroleRef arcroleURI="http://xbrl.org/int/dim/arcrole/all" xlink:href="http://www.xbrl.org/2005/xbrldt-2005.xsd#all" xlink:type="simple"/>
   <link:roleRef roleURI="http://www.xbrl-ie.net/fr/roles/Hypercube-EntityOfficersGrouping3" xlink:href="../../common/2016-12-01/ie-common-2016-12-01.xsd#hypercubeEntityOfficersGrouping3_39394823" xlink:type="simple"/>
   <link:roleRef roleURI="http://xbrl.frc.org.uk/fr/core/roles/Hypercube-Continuing-Discontinued" xlink:href="https://xbrl.frc.org.uk/fr/2014-09-01/core/frc-core-2014-09-01.xsd#Hypercube-Continuing-Discontinued" xlink:type="simple"/>
   <link:roleRef roleURI="http://xbrl.frc.org.uk/fr/core/roles/Dimension-TaxJurisdiction" xlink:href="https://xbrl.frc.org.uk/fr/2014-09-01/core/frc-core-2014-09-01.xsd#Dimension-TaxJurisdiction" xlink:type="simple"/>
   <link:roleRef roleURI="http://xbrl.frc.org.uk/fr/core/roles/Dimension-RegionAndCountryOfIssuer-Risk" xlink:href="https://xbrl.frc.org.uk/fr/2014-09-01/core/frc-core-2014-09-01.xsd#Dimension-RegionAndCountryOfIssuer-Risk" xlink:type="simple"/>
   <link:roleRef roleURI="http://xbrl.frc.org.uk/fr/core/roles/Dimension-GeographicSegments" xlink:href="https://xbrl.frc.org.uk/fr/2014-09-01/core/frc-core-2014-09-01.xsd#Dimension-GeographicSegments" xlink:type="simple"/>
   <link:roleRef roleURI="http://xbrl.frc.org.uk/fr/core/roles/Hypercube-Subsidiaries" xlink:href="https://xbrl.frc.org.uk/fr/2014-09-01/core/frc-core-2014-09-01.xsd#Hypercube-Subsidiaries" xlink:type="simple"/>
   <link:roleRef roleURI="http://xbrl.frc.org.uk/fr/core/roles/Hypercube-Intangibles" xlink:href="https://xbrl.frc.org.uk/fr/2014-09-01/core/frc-core-2014-09-01.xsd#Hypercube-Intangibles" xlink:type="simple"/>
   <link:roleRef roleURI="http://xbrl.frc.org.uk/fr/core/roles/Hypercube-PPE" xlink:href="https://xbrl.frc.org.uk/fr/2014-09-01/core/frc-core-2014-09-01.xsd#Hypercube-PPE" xlink:type="simple"/>
   <link:roleRef roleURI="http://xbrl.frc.org.uk/fr/core/roles/Hypercube-IncomeTax" xlink:href="https://xbrl.frc.org.uk/fr/2014-09-01/core/frc-core-2014-09-01.xsd#Hypercube-IncomeTax" xlink:type="simple"/>
   <link:roleRef roleURI="http://xbrl.frc.org.uk/fr/core/roles/Hypercube-AuditFees" xlink:href="https://xbrl.frc.org.uk/fr/2014-09-01/core/frc-core-2014-09-01.xsd#Hypercube-AuditFees" xlink:type="simple"/>
   <link:arcroleRef arcroleURI="http://xbrl.org/int/dim/arcrole/domain-member" xlink:href="http://www.xbrl.org/2005/xbrldt-2005.xsd#domain-member" xlink:type="simple"/>
   <link:roleRef roleURI="http://xbrl.frc.org.uk/cd/roles/Hypercube-Basic" xlink:href="https://xbrl.frc.org.uk/cd/2014-09-01/business/bus-2014-09-01.xsd#Hypercube-Basic" xlink:type="simple"/>
   <link:definitionLink xlink:role="http://xbrl.frc.org.uk/cd/roles/Hypercube-Basic" xlink:type="extended">
      <link:loc xlink:href="https://xbrl.frc.org.uk/fr/2014-09-01/core/frc-core-2014-09-01.xsd#core_FinancialAssetsLiabilitiesPoliciesHeading" xlink:label="lbl_FinancialAssetsLiabilitiesPoliciesHeading" xlink:type="locator"/>
      <link:definitionArc order="7.5" xlink:arcrole="http://xbrl.org/int/dim/arcrole/domain-member" xlink:from="lbl_FinancialAssetsLiabilitiesPoliciesHeading" xlink:to="lbl_DebtorsPolicy1" xlink:type="arc"/>
      <link:loc xlink:href="https://xbrl.frc.org.uk/cd/2014-09-01/business/bus-2014-09-01.xsd#bus_EntityInformationHeading" xlink:label="lbl_EntityInformationHeading" xlink:type="locator"/>
      <link:definitionArc order="4.0" xlink:arcrole="http://xbrl.org/int/dim/arcrole/domain-member" xlink:from="lbl_EntityInformationHeading" xlink:to="lbl_SICCodeRecordedROICompaniesHouse1" xlink:type="arc"/>
      <link:definitionArc order="5.0" xlink:arcrole="http://xbrl.org/int/dim/arcrole/domain-member" xlink:from="lbl_EntityInformationHeading" xlink:to="lbl_SICCodeRecordedROICompaniesHouse2" xlink:type="arc"/>
      <link:definitionArc order="6.0" xlink:arcrole="http://xbrl.org/int/dim/arcrole/domain-member" xlink:from="lbl_EntityInformationHeading" xlink:to="lbl_SICCodeRecordedROICompaniesHouse3" xlink:type="arc"/>
      <link:loc xlink:href="https://xbrl.frc.org.uk/cd/2014-09-01/business/bus-2014-09-01.xsd#bus_SICCodeRecordedUKCompaniesHouse1" xlink:label="lbl_SICCodeRecordedUKCompaniesHouse1" xlink:type="locator"/>
      <link:definitionArc order="4.0" priority="1" use="prohibited" xlink:arcrole="http://xbrl.org/int/dim/arcrole/domain-member" xlink:from="lbl_EntityInformationHeading" xlink:to="lbl_SICCodeRecordedUKCompaniesHouse1" xlink:type="arc"/>
      <link:loc xlink:href="https://xbrl.frc.org.uk/cd/2014-09-01/business/bus-2014-09-01.xsd#bus_SICCodeRecordedUKCompaniesHouse2" xlink:label="lbl_SICCodeRecordedUKCompaniesHouse2" xlink:type="locator"/>
      <link:definitionArc order="5.0" priority="1" use="prohibited" xlink:arcrole="http://xbrl.org/int/dim/arcrole/domain-member" xlink:from="lbl_EntityInformationHeading" xlink:to="lbl_SICCodeRecordedUKCompaniesHouse2" xlink:type="arc"/>
      <link:loc xlink:href="https://xbrl.frc.org.uk/cd/2014-09-01/business/bus-2014-09-01.xsd#bus_SICCodeRecordedUKCompaniesHouse3" xlink:label="lbl_SICCodeRecordedUKCompaniesHouse3" xlink:type="locator"/>
      <link:definitionArc order="6.0" priority="1" use="prohibited" xlink:arcrole="http://xbrl.org/int/dim/arcrole/domain-member" xlink:from="lbl_EntityInformationHeading" xlink:to="lbl_SICCodeRecordedUKCompaniesHouse3" xlink:type="arc"/>
      <link:loc xlink:href="https://xbrl.frc.org.uk/cd/2014-09-01/business/bus-2014-09-01.xsd#bus_SICCodeRecordedUKCompaniesHouse4" xlink:label="lbl_SICCodeRecordedUKCompaniesHouse4" xlink:type="locator"/>
      <link:definitionArc order="7.0" priority="1" use="prohibited" xlink:arcrole="http://xbrl.org/int/dim/arcrole/domain-member" xlink:from="lbl_EntityInformationHeading" xlink:to="lbl_SICCodeRecordedUKCompaniesHouse4" xlink:type="arc"/>
      <link:definitionArc order="7.0" xlink:arcrole="http://xbrl.org/int/dim/arcrole/domain-member" xlink:from="lbl_EntityInformationHeading" xlink:to="lbl_SICCodeRecordedROICompaniesHouse4" xlink:type="arc"/>
      <link:loc xlink:href="https://xbrl.frc.org.uk/reports/2014-09-01/direp/direp-2014-09-01.xsd#direp_EntityDirectorsStatementsHeading" xlink:label="lbl_EntityDirectorsStatementsHeading" xlink:type="locator"/>
      <link:definitionArc order="1.5" xlink:arcrole="http://xbrl.org/int/dim/arcrole/domain-member" xlink:from="lbl_EntityDirectorsStatementsHeading" xlink:to="lbl_DirectorsDeclarationMaterialInterestInTransactions" xlink:type="arc"/>
      <link:loc xlink:href="https://xbrl.frc.org.uk/reports/2014-09-01/direp/direp-2014-09-01.xsd#direp_StatementThatCompanyEntitledToExemptionFromAuditUnderSection477CompaniesAct2006RelatingToSmallCompanies" xlink:label="lbl_StatementThatCompanyEntitledToExemptionFromAuditUnderSection477CompaniesAct2006RelatingToSmallCompanies" xlink:type="locator"/>
      <link:definitionArc order="11.0" priority="1" use="prohibited" xlink:arcrole="http://xbrl.org/int/dim/arcrole/domain-member" xlink:from="lbl_EntityDirectorsStatementsHeading" xlink:to="lbl_StatementThatCompanyEntitledToExemptionFromAuditUnderSection477CompaniesAct2006RelatingToSmallCompanies" xlink:type="arc"/>
      <link:loc xlink:href="https://xbrl.frc.org.uk/reports/2014-09-01/direp/direp-2014-09-01.xsd#direp_StatementThatCompanyEntitledToExemptionFromAuditUnderSection479ACompaniesAct2006RelatingToSubsidiaryCompanies" xlink:label="lbl_StatementThatCompanyEntitledToExemptionFromAuditUnderSection479ACompaniesAct2006RelatingToSubsidiaryCompanies" xlink:type="locator"/>
      <link:definitionArc order="12.0" priority="1" use="prohibited" xlink:arcrole="http://xbrl.org/int/dim/arcrole/domain-member" xlink:from="lbl_EntityDirectorsStatementsHeading" xlink:to="lbl_StatementThatCompanyEntitledToExemptionFromAuditUnderSection479ACompaniesAct2006RelatingToSubsidiaryCompanies" xlink:type="arc"/>
      <link:loc xlink:href="https://xbrl.frc.org.uk/reports/2014-09-01/direp/direp-2014-09-01.xsd#direp_StatementThatCompanyEntitledToExemptionFromAuditUnderSection480CompaniesAct2006RelatingToDormantCompanies" xlink:label="lbl_StatementThatCompanyEntitledToExemptionFromAuditUnderSection480CompaniesAct2006RelatingToDormantCompanies" xlink:type="locator"/>
      <link:definitionArc order="13.0" priority="1" use="prohibited" xlink:arcrole="http://xbrl.org/int/dim/arcrole/domain-member" xlink:from="lbl_EntityDirectorsStatementsHeading" xlink:to="lbl_StatementThatCompanyEntitledToExemptionFromAuditUnderSection480CompaniesAct2006RelatingToDormantCompanies" xlink:type="arc"/>
      <link:loc xlink:href="https://xbrl.frc.org.uk/reports/2014-09-01/direp/direp-2014-09-01.xsd#direp_CompanyHasPublishedCommitmentToUKEffectiveStewardshipCodeTruefalse" xlink:label="lbl_CompanyHasPublishedCommitmentToUKEffectiveStewardshipCodeTruefalse" xlink:type="locator"/>
      <link:definitionArc order="16.0" priority="1" use="prohibited" xlink:arcrole="http://xbrl.org/int/dim/arcrole/domain-member" xlink:from="lbl_EntityDirectorsStatementsHeading" xlink:to="lbl_CompanyHasPublishedCommitmentToUKEffectiveStewardshipCodeTruefalse" xlink:type="arc"/>
      <link:loc xlink:href="../../fr/2016-12-01/ie-fr-2016-12-01.xsd#id_DebtorsPolicy" xlink:label="lbl_DebtorsPolicy1" xlink:type="locator"/>
      <link:loc xlink:href="https://xbrl.frc.org.uk/reports/2014-09-01/direp/direp-2014-09-01.xsd#direp_StatementThatMembersHaveNotRequiredCompanyToObtainAnAudit" xlink:label="lbl_StatementThatMembersHaveNotRequiredCompanyToObtainAnAudit" xlink:type="locator"/>
      <link:definitionArc order="14.0" priority="1" use="prohibited" xlink:arcrole="http://xbrl.org/int/dim/arcrole/domain-member" xlink:from="lbl_EntityDirectorsStatementsHeading" xlink:to="lbl_StatementThatMembersHaveNotRequiredCompanyToObtainAnAudit" xlink:type="arc"/>
      <link:loc xlink:href="https://xbrl.frc.org.uk/reports/2014-09-01/direp/direp-2014-09-01.xsd#direp_EntityDirectorsStatementsHeading" xlink:label="lbl_EntityDirectorsStatementsHeading1" xlink:type="locator"/>
      <link:definitionArc order="11.0" xlink:arcrole="http://xbrl.org/int/dim/arcrole/domain-member" xlink:from="lbl_EntityDirectorsStatementsHeading1" xlink:to="lbl_StatementThatMembersHaveNotRequiredCompanyToObtainAnAudit" xlink:type="arc"/>
      <link:loc xlink:href="../../common/2016-12-01/ie-common-2016-12-01.xsd#ie-common_SICCodeRecordedROICompaniesHouse1" xlink:label="lbl_SICCodeRecordedROICompaniesHouse1" xlink:type="locator"/>
      <link:loc xlink:href="../../common/2016-12-01/ie-common-2016-12-01.xsd#ie-common_SICCodeRecordedROICompaniesHouse2" xlink:label="lbl_SICCodeRecordedROICompaniesHouse2" xlink:type="locator"/>
      <link:loc xlink:href="../../common/2016-12-01/ie-common-2016-12-01.xsd#ie-common_SICCodeRecordedROICompaniesHouse3" xlink:label="lbl_SICCodeRecordedROICompaniesHouse3" xlink:type="locator"/>
      <link:loc xlink:href="../../common/2016-12-01/ie-common-2016-12-01.xsd#ie-common_SICCodeRecordedROICompaniesHouse4" xlink:label="lbl_SICCodeRecordedROICompaniesHouse4" xlink:type="locator"/>
      <link:loc xlink:href="../../common/2016-12-01/ie-common-2016-12-01.xsd#ie-common_DirectorsDeclarationMaterialInterestInTransactions" xlink:label="lbl_DirectorsDeclarationMaterialInterestInTransactions" xlink:type="locator"/>
   </link:definitionLink>
   <link:definitionLink xlink:role="http://xbrl.frc.org.uk/fr/core/roles/Hypercube-AuditFees" xlink:type="extended">
      <link:loc xlink:href="https://xbrl.frc.org.uk/reports/2014-09-01/aurep/aurep-2014-09-01.xsd#aurep_AuditFeesExpenses" xlink:label="lbl_AuditFeesExpenses" xlink:type="locator"/>
      <link:loc xlink:href="../../common/2016-12-01/ie-common-2016-12-01.xsd#id_OtherAuditServicesFees" xlink:label="lbl_OtherAuditServicesFees1" xlink:type="locator"/>
      <link:definitionArc order="3.0" xlink:arcrole="http://xbrl.org/int/dim/arcrole/domain-member" xlink:from="lbl_AuditFeesExpenses" xlink:to="lbl_OtherAuditServicesFees1" xlink:type="arc"/>
      <link:definitionArc order="1.0" xlink:arcrole="http://xbrl.org/int/dim/arcrole/domain-member" xlink:from="lbl_OtherAuditServicesFees1" xlink:to="lbl_OtherAuditServicesPensionSchemesFees1" xlink:type="arc"/>
      <link:definitionArc order="2.0" xlink:arcrole="http://xbrl.org/int/dim/arcrole/domain-member" xlink:from="lbl_OtherAuditServicesFees1" xlink:to="lbl_OtherAuditServicesEntitySubsidiariesFees" xlink:type="arc"/>
      <link:loc xlink:href="../../common/2016-12-01/ie-common-2016-12-01.xsd#id_OtherAuditServicesPensionSchemesFees" xlink:label="lbl_OtherAuditServicesPensionSchemesFees1" xlink:type="locator"/>
      <link:loc xlink:href="../../common/2016-12-01/ie-common-2016-12-01.xsd#ie-common_OtherAuditServicesEntitySubsidiariesFees" xlink:label="lbl_OtherAuditServicesEntitySubsidiariesFees" xlink:type="locator"/>
   </link:definitionLink>
   <link:definitionLink xlink:role="http://xbrl.frc.org.uk/fr/core/roles/Hypercube-IncomeTax" xlink:type="extended">
      <link:loc xlink:href="https://xbrl.frc.org.uk/fr/2014-09-01/core/frc-core-2014-09-01.xsd#core_IncomeTaxHeading" xlink:label="lbl_IncomeTaxHeading" xlink:type="locator"/>
      <link:definitionArc order="1.0" xlink:arcrole="http://xbrl.org/int/dim/arcrole/domain-member" xlink:from="lbl_IncomeTaxHeading" xlink:to="lbl_UseTaxJurisdictionDimensionToIdentifyROIForeignTaxIfRequiredGuidance" xlink:type="arc"/>
      <link:loc xlink:href="https://xbrl.frc.org.uk/fr/2014-09-01/core/frc-core-2014-09-01.xsd#core_UseTaxJurisdictionDimensionToIdentifyUKForeignTaxIfRequiredGuidance" xlink:label="lbl_UseTaxJurisdictionDimensionToIdentifyUKForeignTaxIfRequiredGuidance" xlink:type="locator"/>
      <link:definitionArc order="1.0" priority="1" use="prohibited" xlink:arcrole="http://xbrl.org/int/dim/arcrole/domain-member" xlink:from="lbl_IncomeTaxHeading" xlink:to="lbl_UseTaxJurisdictionDimensionToIdentifyUKForeignTaxIfRequiredGuidance" xlink:type="arc"/>
      <link:loc xlink:href="https://xbrl.frc.org.uk/fr/2014-09-01/core/frc-core-2014-09-01.xsd#core_ReconciliationShowingAccountingProfitMultipliedByApplicableTaxRateHeading" xlink:label="lbl_ReconciliationShowingAccountingProfitMultipliedByApplicableTaxRateHeading" xlink:type="locator"/>
      <link:definitionArc order="4.0" xlink:arcrole="http://xbrl.org/int/dim/arcrole/domain-member" xlink:from="lbl_ReconciliationShowingAccountingProfitMultipliedByApplicableTaxRateHeading" xlink:to="lbl_TaxIncreaseDecreaseFromEffectDifferentROITaxRatesOnSomeEarnings" xlink:type="arc"/>
      <link:loc xlink:href="https://xbrl.frc.org.uk/fr/2014-09-01/core/frc-core-2014-09-01.xsd#core_TaxIncreaseDecreaseFromEffectDifferentUKTaxRatesOnSomeEarnings" xlink:label="lbl_TaxIncreaseDecreaseFromEffectDifferentUKTaxRatesOnSomeEarnings" xlink:type="locator"/>
      <link:definitionArc order="4.0" priority="1" use="prohibited" xlink:arcrole="http://xbrl.org/int/dim/arcrole/domain-member" xlink:from="lbl_ReconciliationShowingAccountingProfitMultipliedByApplicableTaxRateHeading" xlink:to="lbl_TaxIncreaseDecreaseFromEffectDifferentUKTaxRatesOnSomeEarnings" xlink:type="arc"/>
      <link:definitionArc order="22.0" xlink:arcrole="http://xbrl.org/int/dim/arcrole/domain-member" xlink:from="lbl_ReconciliationShowingAccountingProfitMultipliedByApplicableTaxRateHeading" xlink:to="lbl_TaxIncreaseDecreaseFromEffectDividendsFromROICompanies" xlink:type="arc"/>
      <link:loc xlink:href="https://xbrl.frc.org.uk/fr/2014-09-01/core/frc-core-2014-09-01.xsd#core_TaxIncreaseDecreaseFromEffectDividendsFromUKCompanies" xlink:label="lbl_TaxIncreaseDecreaseFromEffectDividendsFromUKCompanies" xlink:type="locator"/>
      <link:definitionArc order="22.0" priority="1" use="prohibited" xlink:arcrole="http://xbrl.org/int/dim/arcrole/domain-member" xlink:from="lbl_ReconciliationShowingAccountingProfitMultipliedByApplicableTaxRateHeading" xlink:to="lbl_TaxIncreaseDecreaseFromEffectDividendsFromUKCompanies" xlink:type="arc"/>
      <link:loc xlink:href="https://xbrl.frc.org.uk/fr/2014-09-01/core/frc-core-2014-09-01.xsd#core_ReconciliationShowingAverageEffectiveTaxRateApplicableTaxRateHeading" xlink:label="lbl_ReconciliationShowingAverageEffectiveTaxRateApplicableTaxRateHeading" xlink:type="locator"/>
      <link:definitionArc order="3.0" xlink:arcrole="http://xbrl.org/int/dim/arcrole/domain-member" xlink:from="lbl_ReconciliationShowingAverageEffectiveTaxRateApplicableTaxRateHeading" xlink:to="lbl_TaxRateIncreaseDecreaseFromEffectDifferentROITaxRatesOnSomeEarnings" xlink:type="arc"/>
      <link:loc xlink:href="https://xbrl.frc.org.uk/fr/2014-09-01/core/frc-core-2014-09-01.xsd#core_TaxRateIncreaseDecreaseFromEffectDifferentUKTaxRatesOnSomeEarnings" xlink:label="lbl_TaxRateIncreaseDecreaseFromEffectDifferentUKTaxRatesOnSomeEarnings" xlink:type="locator"/>
      <link:definitionArc order="3.0" priority="1" use="prohibited" xlink:arcrole="http://xbrl.org/int/dim/arcrole/domain-member" xlink:from="lbl_ReconciliationShowingAverageEffectiveTaxRateApplicableTaxRateHeading" xlink:to="lbl_TaxRateIncreaseDecreaseFromEffectDifferentUKTaxRatesOnSomeEarnings" xlink:type="arc"/>
      <link:definitionArc order="21.0" xlink:arcrole="http://xbrl.org/int/dim/arcrole/domain-member" xlink:from="lbl_ReconciliationShowingAverageEffectiveTaxRateApplicableTaxRateHeading" xlink:to="lbl_TaxRateIncreaseDecreaseFromEffectDividendsFromROICompanies" xlink:type="arc"/>
      <link:loc xlink:href="https://xbrl.frc.org.uk/fr/2014-09-01/core/frc-core-2014-09-01.xsd#core_TaxRateIncreaseDecreaseFromEffectDividendsFromUKCompanies" xlink:label="lbl_TaxRateIncreaseDecreaseFromEffectDividendsFromUKCompanies" xlink:type="locator"/>
      <link:definitionArc order="21.0" priority="1" use="prohibited" xlink:arcrole="http://xbrl.org/int/dim/arcrole/domain-member" xlink:from="lbl_ReconciliationShowingAverageEffectiveTaxRateApplicableTaxRateHeading" xlink:to="lbl_TaxRateIncreaseDecreaseFromEffectDividendsFromUKCompanies" xlink:type="arc"/>
      <link:loc xlink:href="ie-fr-2016-12-01.xsd#ie-fr_UseTaxJurisdictionDimensionToIdentifyROIForeignTaxIfRequiredGuidance" xlink:label="lbl_UseTaxJurisdictionDimensionToIdentifyROIForeignTaxIfRequiredGuidance" xlink:type="locator"/>
      <link:loc xlink:href="ie-fr-2016-12-01.xsd#ie-fr_TaxIncreaseDecreaseFromEffectDifferentROITaxRatesOnSomeEarnings" xlink:label="lbl_TaxIncreaseDecreaseFromEffectDifferentROITaxRatesOnSomeEarnings" xlink:type="locator"/>
      <link:loc xlink:href="ie-fr-2016-12-01.xsd#ie-fr_TaxIncreaseDecreaseFromEffectDividendsFromROICompanies" xlink:label="lbl_TaxIncreaseDecreaseFromEffectDividendsFromROICompanies" xlink:type="locator"/>
      <link:loc xlink:href="ie-fr-2016-12-01.xsd#ie-fr_TaxRateIncreaseDecreaseFromEffectDifferentROITaxRatesOnSomeEarnings" xlink:label="lbl_TaxRateIncreaseDecreaseFromEffectDifferentROITaxRatesOnSomeEarnings" xlink:type="locator"/>
      <link:loc xlink:href="ie-fr-2016-12-01.xsd#ie-fr_TaxRateIncreaseDecreaseFromEffectDividendsFromROICompanies" xlink:label="lbl_TaxRateIncreaseDecreaseFromEffectDividendsFromROICompanies" xlink:type="locator"/>
   </link:definitionLink>
   <link:definitionLink xlink:role="http://xbrl.frc.org.uk/fr/core/roles/Hypercube-PPE" xlink:type="extended">
      <link:loc xlink:href="https://xbrl.frc.org.uk/fr/2014-09-01/core/frc-core-2014-09-01.xsd#core_IncreaseDecreaseInPropertyPlantEquipment" xlink:label="lbl_IncreaseDecreaseInPropertyPlantEquipment" xlink:type="locator"/>
      <link:definitionArc order="6.5" xlink:arcrole="http://xbrl.org/int/dim/arcrole/domain-member" xlink:from="lbl_IncreaseDecreaseInPropertyPlantEquipment" xlink:to="lbl_IncreaseDecreaseDueToIntercompanyTransfersIntoOrOutPropertyPlantEquipment" xlink:type="arc"/>
      <link:loc xlink:href="https://xbrl.frc.org.uk/fr/2014-09-01/core/frc-core-2014-09-01.xsd#core_IncreaseDecreaseInDepreciationImpairmentPropertyPlantEquipment" xlink:label="lbl_IncreaseDecreaseInDepreciationImpairmentPropertyPlantEquipment" xlink:type="locator"/>
      <link:definitionArc order="9.0" xlink:arcrole="http://xbrl.org/int/dim/arcrole/domain-member" xlink:from="lbl_IncreaseDecreaseInDepreciationImpairmentPropertyPlantEquipment" xlink:to="lbl_IntercompanyTransfersBetweenPPEClassesIncreaseDecreaseInDepreciationImpairment" xlink:type="arc"/>
      <link:loc xlink:href="ie-fr-2016-12-01.xsd#ie-fr_IntercompanyTransfersBetweenPPEClassesIncreaseDecreaseInDepreciationImpairment" xlink:label="lbl_IntercompanyTransfersBetweenPPEClassesIncreaseDecreaseInDepreciationImpairment" xlink:type="locator"/>
      <link:loc xlink:href="ie-fr-2016-12-01.xsd#ie-fr_IncreaseDecreaseDueToIntercompanyTransfersIntoOrOutPropertyPlantEquipment" xlink:label="lbl_IncreaseDecreaseDueToIntercompanyTransfersIntoOrOutPropertyPlantEquipment" xlink:type="locator"/>
   </link:definitionLink>
   <link:definitionLink xlink:role="http://xbrl.frc.org.uk/fr/core/roles/Hypercube-Intangibles" xlink:type="extended">
      <link:loc xlink:href="https://xbrl.frc.org.uk/fr/2014-09-01/core/frc-core-2014-09-01.xsd#core_IncreaseDecreaseInIntangibleAssets" xlink:label="lbl_IncreaseDecreaseInIntangibleAssets" xlink:type="locator"/>
      <link:definitionArc order="8.0" xlink:arcrole="http://xbrl.org/int/dim/arcrole/domain-member" xlink:from="lbl_IncreaseDecreaseInIntangibleAssets" xlink:to="lbl_IncreaseDecreaseFromIntercompanyTransfersBetweenGroupCompanies1" xlink:type="arc"/>
      <link:loc xlink:href="https://xbrl.frc.org.uk/fr/2014-09-01/core/frc-core-2014-09-01.xsd#core_IncreaseDecreaseInAmortisationImpairmentIntangibleAssets" xlink:label="lbl_IncreaseDecreaseInAmortisationImpairmentIntangibleAssets" xlink:type="locator"/>
      <link:definitionArc order="10.0" xlink:arcrole="http://xbrl.org/int/dim/arcrole/domain-member" xlink:from="lbl_IncreaseDecreaseInAmortisationImpairmentIntangibleAssets" xlink:to="lbl_IntercompanyTransfersBetweenIntangibleClassesIncreaseDecreaseInAmortisationImpairment" xlink:type="arc"/>
      <link:loc xlink:href="../../fr/2016-12-01/ie-fr-2016-12-01.xsd#id_IncreaseDecreaseFromIntercompanyTransfersBetweenGroupCompanies" xlink:label="lbl_IncreaseDecreaseFromIntercompanyTransfersBetweenGroupCompanies1" xlink:type="locator"/>
      <link:loc xlink:href="ie-fr-2016-12-01.xsd#ie-fr_IntercompanyTransfersBetweenIntangibleClassesIncreaseDecreaseInAmortisationImpairment" xlink:label="lbl_IntercompanyTransfersBetweenIntangibleClassesIncreaseDecreaseInAmortisationImpairment" xlink:type="locator"/>
   </link:definitionLink>
   <link:definitionLink xlink:role="http://xbrl.frc.org.uk/fr/core/roles/Hypercube-Subsidiaries" xlink:type="extended">
      <link:loc xlink:href="https://xbrl.frc.org.uk/fr/2014-09-01/core/frc-core-2014-09-01.xsd#core_InformationOnIndividualSubsidiaryHeading" xlink:label="lbl_InformationOnIndividualSubsidiaryHeading" xlink:type="locator"/>
      <link:definitionArc order="12.0" xlink:arcrole="http://xbrl.org/int/dim/arcrole/domain-member" xlink:from="lbl_InformationOnIndividualSubsidiaryHeading" xlink:to="lbl_SubsidiaryExemptFromProvidingAuditedAccountsUnderCompaniesAuditingAccountingAct2003Truefalse" xlink:type="arc"/>
      <link:loc xlink:href="https://xbrl.frc.org.uk/fr/2014-09-01/core/frc-core-2014-09-01.xsd#core_SubsidiaryExemptFromProvidingAuditedAccountsUnderSection479ACompaniesActTruefalse" xlink:label="lbl_SubsidiaryExemptFromProvidingAuditedAccountsUnderSection479ACompaniesActTruefalse" xlink:type="locator"/>
      <link:definitionArc order="12.0" priority="1" use="prohibited" xlink:arcrole="http://xbrl.org/int/dim/arcrole/domain-member" xlink:from="lbl_InformationOnIndividualSubsidiaryHeading" xlink:to="lbl_SubsidiaryExemptFromProvidingAuditedAccountsUnderSection479ACompaniesActTruefalse" xlink:type="arc"/>
      <link:loc xlink:href="ie-fr-2016-12-01.xsd#ie-fr_SubsidiaryExemptFromProvidingAuditedAccountsUnderCompaniesAuditingAccountingAct2003Truefalse" xlink:label="lbl_SubsidiaryExemptFromProvidingAuditedAccountsUnderCompaniesAuditingAccountingAct2003Truefalse" xlink:type="locator"/>
   </link:definitionLink>
   <link:definitionLink xlink:role="http://xbrl.frc.org.uk/fr/core/roles/Dimension-GeographicSegments" xlink:type="extended">
      <link:loc xlink:href="https://xbrl.frc.org.uk/fr/2014-09-01/core/frc-core-2014-09-01.xsd#core_TotalGeographicSegmentsIncludingAnyUnallocatedAmount" xlink:label="lbl_TotalGeographicSegmentsIncludingAnyUnallocatedAmount" xlink:type="locator"/>
      <link:definitionArc order="3.5" xlink:arcrole="http://xbrl.org/int/dim/arcrole/domain-member" xlink:from="lbl_TotalGeographicSegmentsIncludingAnyUnallocatedAmount" xlink:to="lbl_Ireland1" xlink:type="arc"/>
      <link:loc xlink:href="https://xbrl.frc.org.uk/cd/2014-09-01/countries-regions/countries-2014-09-01.xsd#countries_UnitedKingdom" xlink:label="lbl_UnitedKingdom" xlink:type="locator"/>
      <link:loc xlink:href="https://xbrl.frc.org.uk/cd/2014-09-01/countries-regions/countries-2014-09-01.xsd#countries_England" xlink:label="lbl_England" xlink:type="locator"/>
      <link:loc xlink:href="https://xbrl.frc.org.uk/cd/2014-09-01/countries-regions/countries-2014-09-01.xsd#countries_Scotland" xlink:label="lbl_Scotland" xlink:type="locator"/>
      <link:loc xlink:href="https://xbrl.frc.org.uk/cd/2014-09-01/countries-regions/countries-2014-09-01.xsd#countries_Wales" xlink:label="lbl_Wales" xlink:type="locator"/>
      <link:loc xlink:href="https://xbrl.frc.org.uk/cd/2014-09-01/countries-regions/countries-2014-09-01.xsd#countries_EnglandWales" xlink:label="lbl_EnglandWales" xlink:type="locator"/>
      <link:loc xlink:href="https://xbrl.frc.org.uk/cd/2014-09-01/countries-regions/countries-2014-09-01.xsd#countries_NorthernIreland" xlink:label="lbl_NorthernIreland" xlink:type="locator"/>
      <link:loc xlink:href="https://xbrl.frc.org.uk/cd/2014-09-01/countries-regions/countries-2014-09-01.xsd#countries_IsleMan" xlink:label="lbl_IsleMan" xlink:type="locator"/>
      <link:loc xlink:href="https://xbrl.frc.org.uk/cd/2014-09-01/countries-regions/countries-2014-09-01.xsd#countries_HomeCountriesHeading" xlink:label="lbl_HomeCountriesHeading" xlink:type="locator"/>
      <link:definitionArc order="1.0" priority="1" use="prohibited" xlink:arcrole="http://xbrl.org/int/dim/arcrole/domain-member" xlink:from="lbl_HomeCountriesHeading" xlink:to="lbl_UnitedKingdom" xlink:type="arc"/>
      <link:definitionArc order="2.0" priority="1" use="prohibited" xlink:arcrole="http://xbrl.org/int/dim/arcrole/domain-member" xlink:from="lbl_HomeCountriesHeading" xlink:to="lbl_England" xlink:type="arc"/>
      <link:definitionArc order="3.0" priority="1" use="prohibited" xlink:arcrole="http://xbrl.org/int/dim/arcrole/domain-member" xlink:from="lbl_HomeCountriesHeading" xlink:to="lbl_Scotland" xlink:type="arc"/>
      <link:definitionArc order="4.0" priority="1" use="prohibited" xlink:arcrole="http://xbrl.org/int/dim/arcrole/domain-member" xlink:from="lbl_HomeCountriesHeading" xlink:to="lbl_Wales" xlink:type="arc"/>
      <link:definitionArc order="5.0" priority="1" use="prohibited" xlink:arcrole="http://xbrl.org/int/dim/arcrole/domain-member" xlink:from="lbl_HomeCountriesHeading" xlink:to="lbl_EnglandWales" xlink:type="arc"/>
      <link:definitionArc order="6.0" priority="1" use="prohibited" xlink:arcrole="http://xbrl.org/int/dim/arcrole/domain-member" xlink:from="lbl_HomeCountriesHeading" xlink:to="lbl_NorthernIreland" xlink:type="arc"/>
      <link:definitionArc order="7.0" priority="1" use="prohibited" xlink:arcrole="http://xbrl.org/int/dim/arcrole/domain-member" xlink:from="lbl_HomeCountriesHeading" xlink:to="lbl_IsleMan" xlink:type="arc"/>
      <link:loc xlink:href="https://xbrl.frc.org.uk/cd/2014-09-01/countries-regions/countries-2014-09-01.xsd#countries_ChannelIslands" xlink:label="lbl_ChannelIslands" xlink:type="locator"/>
      <link:definitionArc order="8.0" priority="1" use="prohibited" xlink:arcrole="http://xbrl.org/int/dim/arcrole/domain-member" xlink:from="lbl_HomeCountriesHeading" xlink:to="lbl_ChannelIslands" xlink:type="arc"/>
      <link:loc xlink:href="https://xbrl.frc.org.uk/cd/2014-09-01/countries-regions/countries-2014-09-01.xsd#countries_GreatBritain" xlink:label="lbl_GreatBritain" xlink:type="locator"/>
      <link:definitionArc order="9.0" priority="1" use="prohibited" xlink:arcrole="http://xbrl.org/int/dim/arcrole/domain-member" xlink:from="lbl_HomeCountriesHeading" xlink:to="lbl_GreatBritain" xlink:type="arc"/>
      <link:definitionArc order="4.0" priority="1" use="prohibited" xbrldt:usable="false" xlink:arcrole="http://xbrl.org/int/dim/arcrole/domain-member" xlink:from="lbl_TotalGeographicSegmentsIncludingAnyUnallocatedAmount" xlink:to="lbl_HomeCountriesHeading" xlink:type="arc"/>
      <link:loc xlink:href="https://xbrl.frc.org.uk/cd/2014-09-01/countries-regions/countries-2014-09-01.xsd#countries_MainRegionsHeading" xlink:label="lbl_MainRegionsHeading" xlink:type="locator"/>
      <link:definitionArc order="1.0" xlink:arcrole="http://xbrl.org/int/dim/arcrole/domain-member" xlink:from="lbl_MainRegionsHeading" xlink:to="lbl_RestWorldOutsideROI" xlink:type="arc"/>
      <link:definitionArc order="2.0" xlink:arcrole="http://xbrl.org/int/dim/arcrole/domain-member" xlink:from="lbl_MainRegionsHeading" xlink:to="lbl_RestEuropeOutsideROI" xlink:type="arc"/>
      <link:loc xlink:href="https://xbrl.frc.org.uk/cd/2014-09-01/countries-regions/countries-2014-09-01.xsd#countries_RestWorldOutsideUK" xlink:label="lbl_RestWorldOutsideUK" xlink:type="locator"/>
      <link:definitionArc order="1.0" priority="1" use="prohibited" xlink:arcrole="http://xbrl.org/int/dim/arcrole/domain-member" xlink:from="lbl_MainRegionsHeading" xlink:to="lbl_RestWorldOutsideUK" xlink:type="arc"/>
      <link:loc xlink:href="https://xbrl.frc.org.uk/cd/2014-09-01/countries-regions/countries-2014-09-01.xsd#countries_RestEuropeOutsideUK" xlink:label="lbl_RestEuropeOutsideUK" xlink:type="locator"/>
      <link:definitionArc order="2.0" priority="1" use="prohibited" xlink:arcrole="http://xbrl.org/int/dim/arcrole/domain-member" xlink:from="lbl_MainRegionsHeading" xlink:to="lbl_RestEuropeOutsideUK" xlink:type="arc"/>
      <link:loc xlink:href="../../common/2016-12-01/ie-common-2016-12-01.xsd#id_Ireland" xlink:label="lbl_Ireland1" xlink:type="locator"/>
      <link:loc xlink:href="../../common/2016-12-01/ie-common-2016-12-01.xsd#id_UnitedKingdomHeading" xlink:label="lbl_UnitedKingdomHeading" xlink:type="locator"/>
      <link:definitionArc order="4.0" xbrldt:usable="false" xlink:arcrole="http://xbrl.org/int/dim/arcrole/domain-member" xlink:from="lbl_TotalGeographicSegmentsIncludingAnyUnallocatedAmount" xlink:to="lbl_UnitedKingdomHeading" xlink:type="arc"/>
      <link:definitionArc order="1.0" xlink:arcrole="http://xbrl.org/int/dim/arcrole/domain-member" xlink:from="lbl_UnitedKingdomHeading" xlink:to="lbl_UnitedKingdom" xlink:type="arc"/>
      <link:definitionArc order="2.0" xlink:arcrole="http://xbrl.org/int/dim/arcrole/domain-member" xlink:from="lbl_UnitedKingdomHeading" xlink:to="lbl_England" xlink:type="arc"/>
      <link:definitionArc order="3.0" xlink:arcrole="http://xbrl.org/int/dim/arcrole/domain-member" xlink:from="lbl_UnitedKingdomHeading" xlink:to="lbl_Scotland" xlink:type="arc"/>
      <link:definitionArc order="4.0" xlink:arcrole="http://xbrl.org/int/dim/arcrole/domain-member" xlink:from="lbl_UnitedKingdomHeading" xlink:to="lbl_Wales" xlink:type="arc"/>
      <link:definitionArc order="5.0" xlink:arcrole="http://xbrl.org/int/dim/arcrole/domain-member" xlink:from="lbl_UnitedKingdomHeading" xlink:to="lbl_EnglandWales" xlink:type="arc"/>
      <link:definitionArc order="6.0" xlink:arcrole="http://xbrl.org/int/dim/arcrole/domain-member" xlink:from="lbl_UnitedKingdomHeading" xlink:to="lbl_NorthernIreland" xlink:type="arc"/>
      <link:definitionArc order="7.0" xlink:arcrole="http://xbrl.org/int/dim/arcrole/domain-member" xlink:from="lbl_UnitedKingdomHeading" xlink:to="lbl_IsleMan" xlink:type="arc"/>
      <link:loc xlink:href="../../common/2016-12-01/ie-common-2016-12-01.xsd#ie-common_RestWorldOutsideROI" xlink:label="lbl_RestWorldOutsideROI" xlink:type="locator"/>
      <link:loc xlink:href="../../common/2016-12-01/ie-common-2016-12-01.xsd#ie-common_RestEuropeOutsideROI" xlink:label="lbl_RestEuropeOutsideROI" xlink:type="locator"/>
      <link:definitionArc order="8.0" xlink:arcrole="http://xbrl.org/int/dim/arcrole/domain-member" xlink:from="lbl_UnitedKingdomHeading" xlink:to="lbl_ChannelIslands" xlink:type="arc"/>
      <link:definitionArc order="9.0" xlink:arcrole="http://xbrl.org/int/dim/arcrole/domain-member" xlink:from="lbl_UnitedKingdomHeading" xlink:to="lbl_GreatBritain" xlink:type="arc"/>
      <link:loc xlink:href="../../common/2016-12-01/ie-common-2016-12-01.xsd#ie-common_RestWorldOutsideEurope" xlink:label="lbl_RestWorldOutsideEurope" xlink:type="locator"/>
      <link:definitionArc order="2.5" xlink:arcrole="http://xbrl.org/int/dim/arcrole/domain-member" xlink:from="lbl_MainRegionsHeading" xlink:to="lbl_RestWorldOutsideEurope" xlink:type="arc"/>
   </link:definitionLink>
   <link:definitionLink xlink:role="http://xbrl.frc.org.uk/fr/core/roles/Dimension-RegionAndCountryOfIssuer-Risk" xlink:type="extended">
      <link:loc xlink:href="https://xbrl.frc.org.uk/fr/2014-09-01/core/frc-core-2014-09-01.xsd#core_RegionCountryIssuerRiskHeading" xlink:label="lbl_RegionCountryIssuerRiskHeading" xlink:type="locator"/>
      <link:definitionArc order="2.5" xlink:arcrole="http://xbrl.org/int/dim/arcrole/domain-member" xlink:from="lbl_RegionCountryIssuerRiskHeading" xlink:to="lbl_Ireland1" xlink:type="arc"/>
      <link:loc xlink:href="https://xbrl.frc.org.uk/cd/2014-09-01/countries-regions/countries-2014-09-01.xsd#countries_UnitedKingdom" xlink:label="lbl_UnitedKingdom" xlink:type="locator"/>
      <link:loc xlink:href="https://xbrl.frc.org.uk/cd/2014-09-01/countries-regions/countries-2014-09-01.xsd#countries_England" xlink:label="lbl_England" xlink:type="locator"/>
      <link:loc xlink:href="https://xbrl.frc.org.uk/cd/2014-09-01/countries-regions/countries-2014-09-01.xsd#countries_Scotland" xlink:label="lbl_Scotland" xlink:type="locator"/>
      <link:loc xlink:href="https://xbrl.frc.org.uk/cd/2014-09-01/countries-regions/countries-2014-09-01.xsd#countries_Wales" xlink:label="lbl_Wales" xlink:type="locator"/>
      <link:loc xlink:href="https://xbrl.frc.org.uk/cd/2014-09-01/countries-regions/countries-2014-09-01.xsd#countries_EnglandWales" xlink:label="lbl_EnglandWales" xlink:type="locator"/>
      <link:loc xlink:href="https://xbrl.frc.org.uk/cd/2014-09-01/countries-regions/countries-2014-09-01.xsd#countries_NorthernIreland" xlink:label="lbl_NorthernIreland" xlink:type="locator"/>
      <link:loc xlink:href="https://xbrl.frc.org.uk/cd/2014-09-01/countries-regions/countries-2014-09-01.xsd#countries_IsleMan" xlink:label="lbl_IsleMan" xlink:type="locator"/>
      <link:loc xlink:href="https://xbrl.frc.org.uk/cd/2014-09-01/countries-regions/countries-2014-09-01.xsd#countries_HomeCountriesHeading" xlink:label="lbl_HomeCountriesHeading" xlink:type="locator"/>
      <link:definitionArc order="1.0" priority="1" use="prohibited" xlink:arcrole="http://xbrl.org/int/dim/arcrole/domain-member" xlink:from="lbl_HomeCountriesHeading" xlink:to="lbl_UnitedKingdom" xlink:type="arc"/>
      <link:definitionArc order="2.0" priority="1" use="prohibited" xlink:arcrole="http://xbrl.org/int/dim/arcrole/domain-member" xlink:from="lbl_HomeCountriesHeading" xlink:to="lbl_England" xlink:type="arc"/>
      <link:definitionArc order="3.0" priority="1" use="prohibited" xlink:arcrole="http://xbrl.org/int/dim/arcrole/domain-member" xlink:from="lbl_HomeCountriesHeading" xlink:to="lbl_Scotland" xlink:type="arc"/>
      <link:definitionArc order="4.0" priority="1" use="prohibited" xlink:arcrole="http://xbrl.org/int/dim/arcrole/domain-member" xlink:from="lbl_HomeCountriesHeading" xlink:to="lbl_Wales" xlink:type="arc"/>
      <link:definitionArc order="5.0" priority="1" use="prohibited" xlink:arcrole="http://xbrl.org/int/dim/arcrole/domain-member" xlink:from="lbl_HomeCountriesHeading" xlink:to="lbl_EnglandWales" xlink:type="arc"/>
      <link:definitionArc order="6.0" priority="1" use="prohibited" xlink:arcrole="http://xbrl.org/int/dim/arcrole/domain-member" xlink:from="lbl_HomeCountriesHeading" xlink:to="lbl_NorthernIreland" xlink:type="arc"/>
      <link:definitionArc order="7.0" priority="1" use="prohibited" xlink:arcrole="http://xbrl.org/int/dim/arcrole/domain-member" xlink:from="lbl_HomeCountriesHeading" xlink:to="lbl_IsleMan" xlink:type="arc"/>
      <link:loc xlink:href="https://xbrl.frc.org.uk/cd/2014-09-01/countries-regions/countries-2014-09-01.xsd#countries_ChannelIslands" xlink:label="lbl_ChannelIslands" xlink:type="locator"/>
      <link:definitionArc order="8.0" priority="1" use="prohibited" xlink:arcrole="http://xbrl.org/int/dim/arcrole/domain-member" xlink:from="lbl_HomeCountriesHeading" xlink:to="lbl_ChannelIslands" xlink:type="arc"/>
      <link:loc xlink:href="https://xbrl.frc.org.uk/cd/2014-09-01/countries-regions/countries-2014-09-01.xsd#countries_GreatBritain" xlink:label="lbl_GreatBritain" xlink:type="locator"/>
      <link:definitionArc order="9.0" priority="1" use="prohibited" xlink:arcrole="http://xbrl.org/int/dim/arcrole/domain-member" xlink:from="lbl_HomeCountriesHeading" xlink:to="lbl_GreatBritain" xlink:type="arc"/>
      <link:definitionArc order="3.0" priority="1" use="prohibited" xbrldt:usable="false" xlink:arcrole="http://xbrl.org/int/dim/arcrole/domain-member" xlink:from="lbl_RegionCountryIssuerRiskHeading" xlink:to="lbl_HomeCountriesHeading" xlink:type="arc"/>
      <link:loc xlink:href="https://xbrl.frc.org.uk/cd/2014-09-01/countries-regions/countries-2014-09-01.xsd#countries_MainRegionsHeading" xlink:label="lbl_MainRegionsHeading" xlink:type="locator"/>
      <link:definitionArc order="1.0" xlink:arcrole="http://xbrl.org/int/dim/arcrole/domain-member" xlink:from="lbl_MainRegionsHeading" xlink:to="lbl_RestWorldOutsideROI" xlink:type="arc"/>
      <link:definitionArc order="2.0" xlink:arcrole="http://xbrl.org/int/dim/arcrole/domain-member" xlink:from="lbl_MainRegionsHeading" xlink:to="lbl_RestEuropeOutsideROI" xlink:type="arc"/>
      <link:loc xlink:href="https://xbrl.frc.org.uk/cd/2014-09-01/countries-regions/countries-2014-09-01.xsd#countries_RestWorldOutsideUK" xlink:label="lbl_RestWorldOutsideUK" xlink:type="locator"/>
      <link:definitionArc order="1.0" priority="1" use="prohibited" xlink:arcrole="http://xbrl.org/int/dim/arcrole/domain-member" xlink:from="lbl_MainRegionsHeading" xlink:to="lbl_RestWorldOutsideUK" xlink:type="arc"/>
      <link:loc xlink:href="https://xbrl.frc.org.uk/cd/2014-09-01/countries-regions/countries-2014-09-01.xsd#countries_RestEuropeOutsideUK" xlink:label="lbl_RestEuropeOutsideUK" xlink:type="locator"/>
      <link:definitionArc order="2.0" priority="1" use="prohibited" xlink:arcrole="http://xbrl.org/int/dim/arcrole/domain-member" xlink:from="lbl_MainRegionsHeading" xlink:to="lbl_RestEuropeOutsideUK" xlink:type="arc"/>
      <link:loc xlink:href="../../common/2016-12-01/ie-common-2016-12-01.xsd#id_Ireland" xlink:label="lbl_Ireland1" xlink:type="locator"/>
      <link:loc xlink:href="../../common/2016-12-01/ie-common-2016-12-01.xsd#id_UnitedKingdomHeading" xlink:label="lbl_UnitedKingdomHeading" xlink:type="locator"/>
      <link:definitionArc order="3.0" xbrldt:usable="false" xlink:arcrole="http://xbrl.org/int/dim/arcrole/domain-member" xlink:from="lbl_RegionCountryIssuerRiskHeading" xlink:to="lbl_UnitedKingdomHeading" xlink:type="arc"/>
      <link:definitionArc order="1.0" xlink:arcrole="http://xbrl.org/int/dim/arcrole/domain-member" xlink:from="lbl_UnitedKingdomHeading" xlink:to="lbl_UnitedKingdom" xlink:type="arc"/>
      <link:definitionArc order="2.0" xlink:arcrole="http://xbrl.org/int/dim/arcrole/domain-member" xlink:from="lbl_UnitedKingdomHeading" xlink:to="lbl_England" xlink:type="arc"/>
      <link:definitionArc order="3.0" xlink:arcrole="http://xbrl.org/int/dim/arcrole/domain-member" xlink:from="lbl_UnitedKingdomHeading" xlink:to="lbl_Scotland" xlink:type="arc"/>
      <link:definitionArc order="4.0" xlink:arcrole="http://xbrl.org/int/dim/arcrole/domain-member" xlink:from="lbl_UnitedKingdomHeading" xlink:to="lbl_Wales" xlink:type="arc"/>
      <link:definitionArc order="5.0" xlink:arcrole="http://xbrl.org/int/dim/arcrole/domain-member" xlink:from="lbl_UnitedKingdomHeading" xlink:to="lbl_EnglandWales" xlink:type="arc"/>
      <link:definitionArc order="6.0" xlink:arcrole="http://xbrl.org/int/dim/arcrole/domain-member" xlink:from="lbl_UnitedKingdomHeading" xlink:to="lbl_NorthernIreland" xlink:type="arc"/>
      <link:definitionArc order="7.0" xlink:arcrole="http://xbrl.org/int/dim/arcrole/domain-member" xlink:from="lbl_UnitedKingdomHeading" xlink:to="lbl_IsleMan" xlink:type="arc"/>
      <link:loc xlink:href="../../common/2016-12-01/ie-common-2016-12-01.xsd#ie-common_RestWorldOutsideROI" xlink:label="lbl_RestWorldOutsideROI" xlink:type="locator"/>
      <link:loc xlink:href="../../common/2016-12-01/ie-common-2016-12-01.xsd#ie-common_RestEuropeOutsideROI" xlink:label="lbl_RestEuropeOutsideROI" xlink:type="locator"/>
      <link:definitionArc order="8.0" xlink:arcrole="http://xbrl.org/int/dim/arcrole/domain-member" xlink:from="lbl_UnitedKingdomHeading" xlink:to="lbl_ChannelIslands" xlink:type="arc"/>
      <link:definitionArc order="9.0" xlink:arcrole="http://xbrl.org/int/dim/arcrole/domain-member" xlink:from="lbl_UnitedKingdomHeading" xlink:to="lbl_GreatBritain" xlink:type="arc"/>
      <link:loc xlink:href="../../common/2016-12-01/ie-common-2016-12-01.xsd#ie-common_RestWorldOutsideEurope" xlink:label="lbl_RestWorldOutsideEurope" xlink:type="locator"/>
      <link:definitionArc order="2.5" xlink:arcrole="http://xbrl.org/int/dim/arcrole/domain-member" xlink:from="lbl_MainRegionsHeading" xlink:to="lbl_RestWorldOutsideEurope" xlink:type="arc"/>
   </link:definitionLink>
   <link:definitionLink xlink:role="http://xbrl.frc.org.uk/fr/core/roles/Dimension-TaxJurisdiction" xlink:type="extended">
      <link:loc xlink:href="https://xbrl.frc.org.uk/fr/2014-09-01/core/frc-core-2014-09-01.xsd#core_TotalTaxDefault" xlink:label="lbl_TotalTaxDefault" xlink:type="locator"/>
      <link:definitionArc order="1.0" xlink:arcrole="http://xbrl.org/int/dim/arcrole/domain-member" xlink:from="lbl_TotalTaxDefault" xlink:to="lbl_ROITax1" xlink:type="arc"/>
      <link:loc xlink:href="https://xbrl.frc.org.uk/fr/2014-09-01/core/frc-core-2014-09-01.xsd#core_UKTax" xlink:label="lbl_UKTax" xlink:type="locator"/>
      <link:definitionArc order="1.0" priority="1" use="prohibited" xlink:arcrole="http://xbrl.org/int/dim/arcrole/domain-member" xlink:from="lbl_TotalTaxDefault" xlink:to="lbl_UKTax" xlink:type="arc"/>
      <link:loc xlink:href="../../fr/2016-12-01/ie-fr-2016-12-01.xsd#id_ROITax" xlink:label="lbl_ROITax1" xlink:type="locator"/>
   </link:definitionLink>
   <link:definitionLink xlink:role="http://xbrl.frc.org.uk/fr/core/roles/Hypercube-Continuing-Discontinued" xlink:type="extended">
      <link:loc xlink:href="https://xbrl.frc.org.uk/fr/2014-09-01/core/frc-core-2014-09-01.xsd#core_CashBalancesCentralBanksHeading" xlink:label="lbl_CashBalancesCentralBanksHeading" xlink:type="locator"/>
      <link:definitionArc order="1.0" xlink:arcrole="http://xbrl.org/int/dim/arcrole/domain-member" xlink:from="lbl_CashBalancesCentralBanksHeading" xlink:to="lbl_CurrentAccountWithROICentralBank" xlink:type="arc"/>
      <link:loc xlink:href="https://xbrl.frc.org.uk/fr/2014-09-01/core/frc-core-2014-09-01.xsd#core_CurrentAccountWithUKCentralBank" xlink:label="lbl_CurrentAccountWithUKCentralBank" xlink:type="locator"/>
      <link:definitionArc order="1.0" priority="1" use="prohibited" xlink:arcrole="http://xbrl.org/int/dim/arcrole/domain-member" xlink:from="lbl_CashBalancesCentralBanksHeading" xlink:to="lbl_CurrentAccountWithUKCentralBank" xlink:type="arc"/>
      <link:loc xlink:href="https://xbrl.frc.org.uk/fr/2014-09-01/core/frc-core-2014-09-01.xsd#core_DepositsWithCentralBanks" xlink:label="lbl_DepositsWithCentralBanks" xlink:type="locator"/>
      <link:loc xlink:href="https://xbrl.frc.org.uk/fr/2014-09-01/core/frc-core-2014-09-01.xsd#core_MandatoryReserveDepositsWithUKCentralBank" xlink:label="lbl_MandatoryReserveDepositsWithUKCentralBank" xlink:type="locator"/>
      <link:loc xlink:href="https://xbrl.frc.org.uk/fr/2014-09-01/core/frc-core-2014-09-01.xsd#core_DepositsWithUKCentralBank" xlink:label="lbl_DepositsWithUKCentralBank" xlink:type="locator"/>
      <link:definitionArc order="1.0" priority="1" use="prohibited" xlink:arcrole="http://xbrl.org/int/dim/arcrole/domain-member" xlink:from="lbl_DepositsWithUKCentralBank" xlink:to="lbl_MandatoryReserveDepositsWithUKCentralBank" xlink:type="arc"/>
      <link:loc xlink:href="https://xbrl.frc.org.uk/fr/2014-09-01/core/frc-core-2014-09-01.xsd#core_BalancesWithUKCentralBankOtherThanMandatoryReserveDeposits" xlink:label="lbl_BalancesWithUKCentralBankOtherThanMandatoryReserveDeposits" xlink:type="locator"/>
      <link:definitionArc order="2.0" priority="1" use="prohibited" xlink:arcrole="http://xbrl.org/int/dim/arcrole/domain-member" xlink:from="lbl_DepositsWithUKCentralBank" xlink:to="lbl_BalancesWithUKCentralBankOtherThanMandatoryReserveDeposits" xlink:type="arc"/>
      <link:definitionArc order="1.0" priority="1" use="prohibited" xlink:arcrole="http://xbrl.org/int/dim/arcrole/domain-member" xlink:from="lbl_DepositsWithCentralBanks" xlink:to="lbl_DepositsWithUKCentralBank" xlink:type="arc"/>
      <link:loc xlink:href="ie-fr-2016-12-01.xsd#ie-fr_CurrentAccountWithROICentralBank" xlink:label="lbl_CurrentAccountWithROICentralBank" xlink:type="locator"/>
      <link:loc xlink:href="../../fr/2016-12-01/ie-fr-2016-12-01.xsd#id_MandatoryReserveDepositsWithROICentralBank" xlink:label="lbl_MandatoryReserveDepositsWithROICentralBank1" xlink:type="locator"/>
      <link:loc xlink:href="ie-fr-2016-12-01.xsd#ie-fr_DepositsWithROICentralBank" xlink:label="lbl_DepositsWithROICentralBank" xlink:type="locator"/>
      <link:definitionArc order="1.0" xlink:arcrole="http://xbrl.org/int/dim/arcrole/domain-member" xlink:from="lbl_DepositsWithCentralBanks" xlink:to="lbl_DepositsWithROICentralBank" xlink:type="arc"/>
      <link:definitionArc order="1.0" xlink:arcrole="http://xbrl.org/int/dim/arcrole/domain-member" xlink:from="lbl_DepositsWithROICentralBank" xlink:to="lbl_MandatoryReserveDepositsWithROICentralBank1" xlink:type="arc"/>
      <link:definitionArc order="2.0" xlink:arcrole="http://xbrl.org/int/dim/arcrole/domain-member" xlink:from="lbl_DepositsWithROICentralBank" xlink:to="lbl_BalancesWithROICentralBankOtherThanMandatoryReserveDeposits" xlink:type="arc"/>
      <link:loc xlink:href="ie-fr-2016-12-01.xsd#ie-fr_BalancesWithROICentralBankOtherThanMandatoryReserveDeposits" xlink:label="lbl_BalancesWithROICentralBankOtherThanMandatoryReserveDeposits" xlink:type="locator"/>
   </link:definitionLink>
   <link:definitionLink xlink:role="http://www.xbrl-ie.net/fr/roles/Hypercube-EntityOfficersGrouping3" xlink:type="extended">
      <link:loc xlink:href="https://xbrl.frc.org.uk/cd/2014-09-01/business/bus-2014-09-01.xsd#bus_EntityOfficersHypercube" xlink:label="lbl_EntityOfficersHypercube" xlink:type="locator"/>
      <link:loc xlink:href="https://xbrl.frc.org.uk/cd/2014-09-01/business/bus-2014-09-01.xsd#bus_EntityOfficersPrimaryItems" xlink:label="lbl_EntityOfficersPrimaryItems" xlink:type="locator"/>
      <link:definitionArc order="1.0" xbrldt:closed="true" xbrldt:contextElement="segment" xlink:arcrole="http://xbrl.org/int/dim/arcrole/all" xlink:from="lbl_EntityOfficersPrimaryItems" xlink:to="lbl_EntityOfficersHypercube" xlink:type="arc"/>
      <link:loc xlink:href="https://xbrl.frc.org.uk/cd/2014-09-01/business/bus-2014-09-01.xsd#bus_EntityOfficersDimension" xlink:label="lbl_EntityOfficersDimension" xlink:type="locator"/>
      <link:definitionArc order="1.0" xbrldt:targetRole="http://xbrl.frc.org.uk/cd/roles/Dimension-EntityOfficers" xlink:arcrole="http://xbrl.org/int/dim/arcrole/hypercube-dimension" xlink:from="lbl_EntityOfficersHypercube" xlink:to="lbl_EntityOfficersDimension" xlink:type="arc"/>
      <link:loc xlink:href="https://xbrl.frc.org.uk/cd/2014-09-01/business/bus-2014-09-01.xsd#bus_EntityOfficerStatusDimension" xlink:label="lbl_EntityOfficerStatusDimension" xlink:type="locator"/>
      <link:definitionArc order="2.0" xbrldt:targetRole="http://xbrl.frc.org.uk/cd/roles/Dimension-EntityOfficerStatus" xlink:arcrole="http://xbrl.org/int/dim/arcrole/hypercube-dimension" xlink:from="lbl_EntityOfficersHypercube" xlink:to="lbl_EntityOfficerStatusDimension" xlink:type="arc"/>
      <link:loc xlink:href="https://xbrl.frc.org.uk/cd/2014-09-01/business/bus-2014-09-01.xsd#bus_GroupCompanyDataDimension" xlink:label="lbl_GroupCompanyDataDimension" xlink:type="locator"/>
      <link:definitionArc order="3.0" xbrldt:targetRole="http://xbrl.frc.org.uk/cd/roles/Dimension-GroupCompanyData" xlink:arcrole="http://xbrl.org/int/dim/arcrole/hypercube-dimension" xlink:from="lbl_EntityOfficersHypercube" xlink:to="lbl_GroupCompanyDataDimension" xlink:type="arc"/>
      <link:loc xlink:href="https://xbrl.frc.org.uk/fr/2014-09-01/core/frc-core-2014-09-01.xsd#core_RestatementsFirstTimeAdoptionDimension" xlink:label="lbl_RestatementsFirstTimeAdoptionDimension" xlink:type="locator"/>
      <link:definitionArc order="4.0" xbrldt:targetRole="http://xbrl.frc.org.uk/fr/core/roles/Dimension-RestatementsAndFirstTimeAdoption" xlink:arcrole="http://xbrl.org/int/dim/arcrole/hypercube-dimension" xlink:from="lbl_EntityOfficersHypercube" xlink:to="lbl_RestatementsFirstTimeAdoptionDimension" xlink:type="arc"/>
      <link:loc xlink:href="../../common/2016-12-01/ie-common-2016-12-01.xsd#ie-common_X-SpecificLoanOrQuasiLoanDirectorsGroupingDimension" xlink:label="lbl_X-SpecificLoanOrQuasiLoanDirectorsGroupingDimension" xlink:type="locator"/>
      <link:definitionArc order="5.0" xlink:arcrole="http://xbrl.org/int/dim/arcrole/hypercube-dimension" xlink:from="lbl_EntityOfficersHypercube" xlink:to="lbl_X-SpecificLoanOrQuasiLoanDirectorsGroupingDimension" xlink:type="arc"/>
      <link:loc xlink:href="../../common/2016-12-01/ie-common-2016-12-01.xsd#ie-common_SpecificLoanOrQuasiLoanDirectorsGrouping" xlink:label="lbl_SpecificLoanOrQuasiLoanDirectorsGrouping" xlink:type="locator"/>
      <link:definitionArc order="1.0" xlink:arcrole="http://xbrl.org/int/dim/arcrole/domain-member" xlink:from="lbl_EntityOfficersPrimaryItems" xlink:to="lbl_SpecificLoanOrQuasiLoanDirectorsGrouping" xlink:type="arc"/>
      <link:definitionArc order="1.0" xlink:arcrole="http://xbrl.org/int/dim/arcrole/domain-member" xlink:from="lbl_SpecificLoanOrQuasiLoanDirectorsGrouping" xlink:to="lbl_DescriptionSpecificLoanOrQuasiLoanItsConditionsDirectors" xlink:type="arc"/>
      <link:definitionArc order="3.0" xlink:arcrole="http://xbrl.org/int/dim/arcrole/domain-member" xlink:from="lbl_SpecificLoanOrQuasiLoanDirectorsGrouping" xlink:to="lbl_AmountSpecificLoanOrQuasiLoanMadeInPeriodDirectors" xlink:type="arc"/>
      <link:definitionArc order="4.0" xlink:arcrole="http://xbrl.org/int/dim/arcrole/domain-member" xlink:from="lbl_SpecificLoanOrQuasiLoanDirectorsGrouping" xlink:to="lbl_AmountSpecificLoanOrQuasiLoanRepaidInPeriodDirectors" xlink:type="arc"/>
      <link:definitionArc order="2.0" xlink:arcrole="http://xbrl.org/int/dim/arcrole/domain-member" xlink:from="lbl_SpecificLoanOrQuasiLoanDirectorsGrouping" xlink:to="lbl_AmountSpecificLoanOrQuasiLoanDirectors" xlink:type="arc"/>
      <link:loc xlink:href="../../common/2016-12-01/ie-common-2016-12-01.xsd#ie-common_DescriptionSpecificLoanOrQuasiLoanItsConditionsDirectors" xlink:label="lbl_DescriptionSpecificLoanOrQuasiLoanItsConditionsDirectors" xlink:type="locator"/>
      <link:loc xlink:href="../../common/2016-12-01/ie-common-2016-12-01.xsd#ie-common_AmountSpecificLoanOrQuasiLoanDirectors" xlink:label="lbl_AmountSpecificLoanOrQuasiLoanDirectors" xlink:type="locator"/>
      <link:loc xlink:href="../../common/2016-12-01/ie-common-2016-12-01.xsd#ie-common_AmountSpecificLoanOrQuasiLoanRepaidInPeriodDirectors" xlink:label="lbl_AmountSpecificLoanOrQuasiLoanRepaidInPeriodDirectors" xlink:type="locator"/>
      <link:loc xlink:href="../../common/2016-12-01/ie-common-2016-12-01.xsd#ie-common_AmountSpecificLoanOrQuasiLoanMadeInPeriodDirectors" xlink:label="lbl_AmountSpecificLoanOrQuasiLoanMadeInPeriodDirectors" xlink:type="locator"/>
   </link:definitionLink>
</link:linkbase>
