<?xml version='1.0' encoding='UTF-8'?>
<link:linkbase xmlns:link="http://www.xbrl.org/2003/linkbase" xmlns:xlink="http://www.w3.org/1999/xlink" xmlns:xsi="http://www.w3.org/2001/XMLSchema-instance" xsi:schemaLocation="http://www.xbrl.org/2003/linkbase http://www.xbrl.org/2003/xbrl-linkbase-2003-12-31.xsd">
   <link:roleRef roleURI="http://xbrl.frc.org.uk/cd/roles/Dimensions-Content" xlink:href="https://xbrl.frc.org.uk/cd/2014-09-01/business/bus-2014-09-01.xsd#Dimensions-Content" xlink:type="simple"/>
   <link:presentationLink xlink:role="http://xbrl.frc.org.uk/cd/roles/Dimensions-Content" xlink:type="extended">
      <link:loc xlink:href="https://xbrl.frc.org.uk/cd/2014-09-01/business/bus-2014-09-01.xsd#bus_LegalFormEntityHeading" xlink:label="lbl_LegalFormEntityHeading" xlink:type="locator"/>
      <link:presentationArc order="5.5" xlink:arcrole="http://www.xbrl.org/2003/arcrole/parent-child" xlink:from="lbl_LegalFormEntityHeading" xlink:to="lbl_Partnership1" xlink:type="arc"/>
      <link:presentationArc order="16.0" xlink:arcrole="http://www.xbrl.org/2003/arcrole/parent-child" xlink:from="lbl_LegalFormEntityHeading" xlink:to="lbl_BranchTradingInROI1" xlink:type="arc"/>
      <link:presentationArc order="17.0" xlink:arcrole="http://www.xbrl.org/2003/arcrole/parent-child" xlink:from="lbl_LegalFormEntityHeading" xlink:to="lbl_OtherROI1" xlink:type="arc"/>
      <link:presentationArc order="18.0" xlink:arcrole="http://www.xbrl.org/2003/arcrole/parent-child" xlink:from="lbl_LegalFormEntityHeading" xlink:to="lbl_OtherNon-ROI" xlink:type="arc"/>
      <link:loc xlink:href="https://xbrl.frc.org.uk/cd/2014-09-01/business/bus-2014-09-01.xsd#bus_BranchTradingInUK" xlink:label="lbl_BranchTradingInUK" xlink:type="locator"/>
      <link:presentationArc order="16.0" priority="1" use="prohibited" xlink:arcrole="http://www.xbrl.org/2003/arcrole/parent-child" xlink:from="lbl_LegalFormEntityHeading" xlink:to="lbl_BranchTradingInUK" xlink:type="arc"/>
      <link:loc xlink:href="https://xbrl.frc.org.uk/cd/2014-09-01/business/bus-2014-09-01.xsd#bus_OtherUK" xlink:label="lbl_OtherUK" xlink:type="locator"/>
      <link:presentationArc order="17.0" priority="1" use="prohibited" xlink:arcrole="http://www.xbrl.org/2003/arcrole/parent-child" xlink:from="lbl_LegalFormEntityHeading" xlink:to="lbl_OtherUK" xlink:type="arc"/>
      <link:loc xlink:href="https://xbrl.frc.org.uk/cd/2014-09-01/business/bus-2014-09-01.xsd#bus_OtherNon-UK" xlink:label="lbl_OtherNon-UK" xlink:type="locator"/>
      <link:presentationArc order="18.0" priority="1" use="prohibited" xlink:arcrole="http://www.xbrl.org/2003/arcrole/parent-child" xlink:from="lbl_LegalFormEntityHeading" xlink:to="lbl_OtherNon-UK" xlink:type="arc"/>
      <link:loc xlink:href="https://xbrl.frc.org.uk/fr/2014-09-01/core/frc-core-2014-09-01.xsd#core_TotalGeographicSegmentsIncludingAnyUnallocatedAmount" xlink:label="lbl_TotalGeographicSegmentsIncludingAnyUnallocatedAmount" xlink:type="locator"/>
      <link:loc xlink:href="https://xbrl.frc.org.uk/fr/2014-09-01/core/frc-core-2014-09-01.xsd#core_RegionCountryIssuerRiskHeading" xlink:label="lbl_RegionCountryIssuerRiskHeading" xlink:type="locator"/>
      <link:loc xlink:href="https://xbrl.frc.org.uk/cd/2014-09-01/countries-regions/countries-2014-09-01.xsd#countries_CountriesRegionsHeading" xlink:label="lbl_CountriesRegionsHeading" xlink:type="locator"/>
      <link:loc xlink:href="https://xbrl.frc.org.uk/cd/2014-09-01/countries-regions/countries-2014-09-01.xsd#countries_UnitedKingdom" xlink:label="lbl_UnitedKingdom" xlink:type="locator"/>
      <link:loc xlink:href="https://xbrl.frc.org.uk/cd/2014-09-01/countries-regions/countries-2014-09-01.xsd#countries_England" xlink:label="lbl_England" xlink:type="locator"/>
      <link:loc xlink:href="https://xbrl.frc.org.uk/cd/2014-09-01/countries-regions/countries-2014-09-01.xsd#countries_Scotland" xlink:label="lbl_Scotland" xlink:type="locator"/>
      <link:loc xlink:href="https://xbrl.frc.org.uk/cd/2014-09-01/countries-regions/countries-2014-09-01.xsd#countries_Wales" xlink:label="lbl_Wales" xlink:type="locator"/>
      <link:loc xlink:href="https://xbrl.frc.org.uk/cd/2014-09-01/countries-regions/countries-2014-09-01.xsd#countries_EnglandWales" xlink:label="lbl_EnglandWales" xlink:type="locator"/>
      <link:loc xlink:href="https://xbrl.frc.org.uk/cd/2014-09-01/countries-regions/countries-2014-09-01.xsd#countries_NorthernIreland" xlink:label="lbl_NorthernIreland" xlink:type="locator"/>
      <link:loc xlink:href="https://xbrl.frc.org.uk/cd/2014-09-01/countries-regions/countries-2014-09-01.xsd#countries_IsleMan" xlink:label="lbl_IsleMan" xlink:type="locator"/>
      <link:loc xlink:href="https://xbrl.frc.org.uk/cd/2014-09-01/countries-regions/countries-2014-09-01.xsd#countries_HomeCountriesHeading" xlink:label="lbl_HomeCountriesHeading" xlink:type="locator"/>
      <link:presentationArc order="4.0" priority="1" use="prohibited" xlink:arcrole="http://www.xbrl.org/2003/arcrole/parent-child" xlink:from="lbl_TotalGeographicSegmentsIncludingAnyUnallocatedAmount" xlink:to="lbl_HomeCountriesHeading" xlink:type="arc"/>
      <link:presentationArc order="3.0" priority="1" use="prohibited" xlink:arcrole="http://www.xbrl.org/2003/arcrole/parent-child" xlink:from="lbl_RegionCountryIssuerRiskHeading" xlink:to="lbl_HomeCountriesHeading" xlink:type="arc"/>
      <link:presentationArc order="1.0" priority="1" use="prohibited" xlink:arcrole="http://www.xbrl.org/2003/arcrole/parent-child" xlink:from="lbl_HomeCountriesHeading" xlink:to="lbl_UnitedKingdom" xlink:type="arc"/>
      <link:presentationArc order="2.0" priority="1" use="prohibited" xlink:arcrole="http://www.xbrl.org/2003/arcrole/parent-child" xlink:from="lbl_HomeCountriesHeading" xlink:to="lbl_England" xlink:type="arc"/>
      <link:presentationArc order="3.0" priority="1" use="prohibited" xlink:arcrole="http://www.xbrl.org/2003/arcrole/parent-child" xlink:from="lbl_HomeCountriesHeading" xlink:to="lbl_Scotland" xlink:type="arc"/>
      <link:presentationArc order="4.0" priority="1" use="prohibited" xlink:arcrole="http://www.xbrl.org/2003/arcrole/parent-child" xlink:from="lbl_HomeCountriesHeading" xlink:to="lbl_Wales" xlink:type="arc"/>
      <link:presentationArc order="5.0" priority="1" use="prohibited" xlink:arcrole="http://www.xbrl.org/2003/arcrole/parent-child" xlink:from="lbl_HomeCountriesHeading" xlink:to="lbl_EnglandWales" xlink:type="arc"/>
      <link:presentationArc order="6.0" priority="1" use="prohibited" xlink:arcrole="http://www.xbrl.org/2003/arcrole/parent-child" xlink:from="lbl_HomeCountriesHeading" xlink:to="lbl_NorthernIreland" xlink:type="arc"/>
      <link:presentationArc order="7.0" priority="1" use="prohibited" xlink:arcrole="http://www.xbrl.org/2003/arcrole/parent-child" xlink:from="lbl_HomeCountriesHeading" xlink:to="lbl_IsleMan" xlink:type="arc"/>
      <link:loc xlink:href="https://xbrl.frc.org.uk/cd/2014-09-01/countries-regions/countries-2014-09-01.xsd#countries_ChannelIslands" xlink:label="lbl_ChannelIslands" xlink:type="locator"/>
      <link:presentationArc order="8.0" priority="1" use="prohibited" xlink:arcrole="http://www.xbrl.org/2003/arcrole/parent-child" xlink:from="lbl_HomeCountriesHeading" xlink:to="lbl_ChannelIslands" xlink:type="arc"/>
      <link:loc xlink:href="https://xbrl.frc.org.uk/cd/2014-09-01/countries-regions/countries-2014-09-01.xsd#countries_GreatBritain" xlink:label="lbl_GreatBritain" xlink:type="locator"/>
      <link:presentationArc order="9.0" priority="1" use="prohibited" xlink:arcrole="http://www.xbrl.org/2003/arcrole/parent-child" xlink:from="lbl_HomeCountriesHeading" xlink:to="lbl_GreatBritain" xlink:type="arc"/>
      <link:presentationArc order="3.0" priority="1" use="prohibited" xlink:arcrole="http://www.xbrl.org/2003/arcrole/parent-child" xlink:from="lbl_CountriesRegionsHeading" xlink:to="lbl_HomeCountriesHeading" xlink:type="arc"/>
      <link:loc xlink:href="https://xbrl.frc.org.uk/cd/2014-09-01/countries-regions/countries-2014-09-01.xsd#countries_MainRegionsHeading" xlink:label="lbl_MainRegionsHeading" xlink:type="locator"/>
      <link:loc xlink:href="https://xbrl.frc.org.uk/cd/2014-09-01/countries-regions/countries-2014-09-01.xsd#countries_RestWorldOutsideUK" xlink:label="lbl_RestWorldOutsideUK" xlink:type="locator"/>
      <link:presentationArc order="1.0" priority="1" use="prohibited" xlink:arcrole="http://www.xbrl.org/2003/arcrole/parent-child" xlink:from="lbl_MainRegionsHeading" xlink:to="lbl_RestWorldOutsideUK" xlink:type="arc"/>
      <link:loc xlink:href="https://xbrl.frc.org.uk/cd/2014-09-01/countries-regions/countries-2014-09-01.xsd#countries_RestEuropeOutsideUK" xlink:label="lbl_RestEuropeOutsideUK" xlink:type="locator"/>
      <link:presentationArc order="2.0" priority="1" use="prohibited" xlink:arcrole="http://www.xbrl.org/2003/arcrole/parent-child" xlink:from="lbl_MainRegionsHeading" xlink:to="lbl_RestEuropeOutsideUK" xlink:type="arc"/>
      <link:loc xlink:href="https://xbrl.frc.org.uk/fr/2014-09-01/core/frc-core-2014-09-01.xsd#core_TotalTaxDefault" xlink:label="lbl_TotalTaxDefault" xlink:type="locator"/>
      <link:presentationArc order="1.0" xlink:arcrole="http://www.xbrl.org/2003/arcrole/parent-child" xlink:from="lbl_TotalTaxDefault" xlink:to="lbl_ROITax1" xlink:type="arc"/>
      <link:loc xlink:href="https://xbrl.frc.org.uk/fr/2014-09-01/core/frc-core-2014-09-01.xsd#core_UKTax" xlink:label="lbl_UKTax" xlink:type="locator"/>
      <link:presentationArc order="1.0" priority="1" use="prohibited" xlink:arcrole="http://www.xbrl.org/2003/arcrole/parent-child" xlink:from="lbl_TotalTaxDefault" xlink:to="lbl_UKTax" xlink:type="arc"/>
      <link:loc xlink:href="../../common/2016-12-01/ie-common-2016-12-01.xsd#id_Partnership" xlink:label="lbl_Partnership1" xlink:type="locator"/>
      <link:loc xlink:href="../../common/2016-12-01/ie-common-2016-12-01.xsd#id_BranchTradingInROI" xlink:label="lbl_BranchTradingInROI1" xlink:type="locator"/>
      <link:loc xlink:href="../../common/2016-12-01/ie-common-2016-12-01.xsd#id_OtherROI" xlink:label="lbl_OtherROI1" xlink:type="locator"/>
      <link:loc xlink:href="../../common/2016-12-01/ie-common-2016-12-01.xsd#id_Ireland" xlink:label="lbl_Ireland1" xlink:type="locator"/>
      <link:presentationArc order="3.5" xlink:arcrole="http://www.xbrl.org/2003/arcrole/parent-child" xlink:from="lbl_TotalGeographicSegmentsIncludingAnyUnallocatedAmount" xlink:to="lbl_Ireland1" xlink:type="arc"/>
      <link:presentationArc order="2.5" xlink:arcrole="http://www.xbrl.org/2003/arcrole/parent-child" xlink:from="lbl_RegionCountryIssuerRiskHeading" xlink:to="lbl_Ireland1" xlink:type="arc"/>
      <link:presentationArc order="2.5" xlink:arcrole="http://www.xbrl.org/2003/arcrole/parent-child" xlink:from="lbl_CountriesRegionsHeading" xlink:to="lbl_Ireland1" xlink:type="arc"/>
      <link:loc xlink:href="../../common/2016-12-01/ie-common-2016-12-01.xsd#id_UnitedKingdomHeading" xlink:label="lbl_UnitedKingdomHeading" xlink:type="locator"/>
      <link:presentationArc order="4.0" xlink:arcrole="http://www.xbrl.org/2003/arcrole/parent-child" xlink:from="lbl_TotalGeographicSegmentsIncludingAnyUnallocatedAmount" xlink:to="lbl_UnitedKingdomHeading" xlink:type="arc"/>
      <link:presentationArc order="3.0" xlink:arcrole="http://www.xbrl.org/2003/arcrole/parent-child" xlink:from="lbl_RegionCountryIssuerRiskHeading" xlink:to="lbl_UnitedKingdomHeading" xlink:type="arc"/>
      <link:presentationArc order="3.0" xlink:arcrole="http://www.xbrl.org/2003/arcrole/parent-child" xlink:from="lbl_CountriesRegionsHeading" xlink:to="lbl_UnitedKingdomHeading" xlink:type="arc"/>
      <link:presentationArc order="1.0" xlink:arcrole="http://www.xbrl.org/2003/arcrole/parent-child" xlink:from="lbl_UnitedKingdomHeading" xlink:to="lbl_UnitedKingdom" xlink:type="arc"/>
      <link:presentationArc order="2.0" xlink:arcrole="http://www.xbrl.org/2003/arcrole/parent-child" xlink:from="lbl_UnitedKingdomHeading" xlink:to="lbl_England" xlink:type="arc"/>
      <link:presentationArc order="3.0" xlink:arcrole="http://www.xbrl.org/2003/arcrole/parent-child" xlink:from="lbl_UnitedKingdomHeading" xlink:to="lbl_Scotland" xlink:type="arc"/>
      <link:presentationArc order="4.0" xlink:arcrole="http://www.xbrl.org/2003/arcrole/parent-child" xlink:from="lbl_UnitedKingdomHeading" xlink:to="lbl_Wales" xlink:type="arc"/>
      <link:presentationArc order="5.0" xlink:arcrole="http://www.xbrl.org/2003/arcrole/parent-child" xlink:from="lbl_UnitedKingdomHeading" xlink:to="lbl_EnglandWales" xlink:type="arc"/>
      <link:presentationArc order="6.0" xlink:arcrole="http://www.xbrl.org/2003/arcrole/parent-child" xlink:from="lbl_UnitedKingdomHeading" xlink:to="lbl_NorthernIreland" xlink:type="arc"/>
      <link:presentationArc order="7.0" xlink:arcrole="http://www.xbrl.org/2003/arcrole/parent-child" xlink:from="lbl_UnitedKingdomHeading" xlink:to="lbl_IsleMan" xlink:type="arc"/>
      <link:presentationArc order="1.0" xlink:arcrole="http://www.xbrl.org/2003/arcrole/parent-child" xlink:from="lbl_MainRegionsHeading" xlink:to="lbl_RestWorldOutsideROI" xlink:type="arc"/>
      <link:presentationArc order="2.0" xlink:arcrole="http://www.xbrl.org/2003/arcrole/parent-child" xlink:from="lbl_MainRegionsHeading" xlink:to="lbl_RestEuropeOutsideROI" xlink:type="arc"/>
      <link:loc xlink:href="../../common/2016-12-01/ie-common-2016-12-01.xsd#ie-common_RestWorldOutsideROI" xlink:label="lbl_RestWorldOutsideROI" xlink:type="locator"/>
      <link:loc xlink:href="../../common/2016-12-01/ie-common-2016-12-01.xsd#ie-common_RestEuropeOutsideROI" xlink:label="lbl_RestEuropeOutsideROI" xlink:type="locator"/>
      <link:loc xlink:href="../../fr/2016-12-01/ie-fr-2016-12-01.xsd#id_ROITax" xlink:label="lbl_ROITax1" xlink:type="locator"/>
      <link:presentationArc order="8.0" xlink:arcrole="http://www.xbrl.org/2003/arcrole/parent-child" xlink:from="lbl_UnitedKingdomHeading" xlink:to="lbl_ChannelIslands" xlink:type="arc"/>
      <link:presentationArc order="9.0" xlink:arcrole="http://www.xbrl.org/2003/arcrole/parent-child" xlink:from="lbl_UnitedKingdomHeading" xlink:to="lbl_GreatBritain" xlink:type="arc"/>
      <link:loc xlink:href="../../common/2016-12-01/ie-common-2016-12-01.xsd#ie-common_OtherNon-ROI" xlink:label="lbl_OtherNon-ROI" xlink:type="locator"/>
      <link:loc xlink:href="../../common/2016-12-01/ie-common-2016-12-01.xsd#ie-common_RestWorldOutsideEurope" xlink:label="lbl_RestWorldOutsideEurope" xlink:type="locator"/>
      <link:presentationArc order="3.0" xlink:arcrole="http://www.xbrl.org/2003/arcrole/parent-child" xlink:from="lbl_MainRegionsHeading" xlink:to="lbl_RestWorldOutsideEurope" xlink:type="arc"/>
      <link:loc xlink:href="../../common/2016-12-01/ie-common-2016-12-01.xsd#ie-common_Agent4" xlink:label="lbl_Agent4" xlink:type="locator"/>
      <link:loc xlink:href="https://xbrl.frc.org.uk/cd/2014-09-01/business/bus-2014-09-01.xsd#bus_TotalAgentsDefault" xlink:label="lbl_TotalAgentsDefault" xlink:type="locator"/>
      <link:presentationArc order="5.0" xlink:arcrole="http://www.xbrl.org/2003/arcrole/parent-child" xlink:from="lbl_TotalAgentsDefault" xlink:to="lbl_Agent4" xlink:type="arc"/>
      <link:loc xlink:href="../../common/2016-12-01/ie-common-2016-12-01.xsd#ie-common_Agent5" xlink:label="lbl_Agent5" xlink:type="locator"/>
      <link:presentationArc order="6.0" xlink:arcrole="http://www.xbrl.org/2003/arcrole/parent-child" xlink:from="lbl_TotalAgentsDefault" xlink:to="lbl_Agent5" xlink:type="arc"/>
      <link:loc xlink:href="../../common/2016-12-01/ie-common-2016-12-01.xsd#ie-common_Agent6" xlink:label="lbl_Agent6" xlink:type="locator"/>
      <link:presentationArc order="7.0" xlink:arcrole="http://www.xbrl.org/2003/arcrole/parent-child" xlink:from="lbl_TotalAgentsDefault" xlink:to="lbl_Agent6" xlink:type="arc"/>
      <link:loc xlink:href="../../common/2016-12-01/ie-common-2016-12-01.xsd#ie-common_Agent7" xlink:label="lbl_Agent7" xlink:type="locator"/>
      <link:presentationArc order="8.0" xlink:arcrole="http://www.xbrl.org/2003/arcrole/parent-child" xlink:from="lbl_TotalAgentsDefault" xlink:to="lbl_Agent7" xlink:type="arc"/>
      <link:loc xlink:href="../../common/2016-12-01/ie-common-2016-12-01.xsd#ie-common_Agent8" xlink:label="lbl_Agent8" xlink:type="locator"/>
      <link:presentationArc order="9.0" xlink:arcrole="http://www.xbrl.org/2003/arcrole/parent-child" xlink:from="lbl_TotalAgentsDefault" xlink:to="lbl_Agent8" xlink:type="arc"/>
      <link:loc xlink:href="../../common/2016-12-01/ie-common-2016-12-01.xsd#ie-common_Agent9" xlink:label="lbl_Agent9" xlink:type="locator"/>
      <link:presentationArc order="10.0" xlink:arcrole="http://www.xbrl.org/2003/arcrole/parent-child" xlink:from="lbl_TotalAgentsDefault" xlink:to="lbl_Agent9" xlink:type="arc"/>
      <link:loc xlink:href="../../common/2016-12-01/ie-common-2016-12-01.xsd#ie-common_Agent10" xlink:label="lbl_Agent10" xlink:type="locator"/>
      <link:presentationArc order="11.0" xlink:arcrole="http://www.xbrl.org/2003/arcrole/parent-child" xlink:from="lbl_TotalAgentsDefault" xlink:to="lbl_Agent10" xlink:type="arc"/>
   </link:presentationLink>
</link:linkbase>
