"Target Namespace","Normative Location","Directory Structure"
"","","META-INF/"
"","","","catalog.xml"
"","","","taxonomyPackage.xml"
"","","www.hmrc.gov.uk/"
"","","","schemas/"
"","","","","ct/"
"","","","","","combined/"
"","","","","","","2016-10-01/"
"http://www.govtalk.gov.uk/uk/fr/tax/ct-comp-dpl-frc-core/2016-10-01","http://www.hmrc.gov.uk/schemas/ct/combined/2016-10-01/ct-comp-dpl-frc-core-2016-10-01.xsd","","","","","","ct-comp-dpl-frc-core-2016-10-01.xsd"
"http://www.govtalk.gov.uk/uk/fr/tax/uk-hmrc-ct-comp-frs-full-dpl/2016-10-01","http://www.hmrc.gov.uk/schemas/ct/combined/2016-10-01/ct-comp-frs-full-dpl-2016-10-01.xsd","","","","","","ct-comp-frs-full-dpl-2016-10-01.xsd"
"http://www.govtalk.gov.uk/uk/fr/tax/uk-hmrc-ct-comp-frs-102-dpl/2016-10-01","http://www.hmrc.gov.uk/schemas/ct/combined/2016-10-01/ct-comp-frs-102-dpl-2016-10-01.xsd","","","","","","ct-comp-frs-102-dpl-2016-10-01.xsd"
"http://www.govtalk.gov.uk/uk/fr/tax/uk-hmrc-ct-comp-frs-101-dpl/2016-10-01","http://www.hmrc.gov.uk/schemas/ct/combined/2016-10-01/ct-comp-frs-101-dpl-2016-10-01.xsd","","","","","","ct-comp-frs-101-dpl-2016-10-01.xsd"
"","","","","","","2015-02-01/"
"http://www.govtalk.gov.uk/uk/fr/tax/ct-comp-dpl-frc-core/2015-02-01","http://www.hmrc.gov.uk/schemas/ct/combined/2015-02-01/ct-comp-dpl-frc-core-2015-02-01.xsd","","","","","","ct-comp-dpl-frc-core-2015-02-01.xsd"
"http://www.govtalk.gov.uk/uk/fr/tax/uk-hmrc-ct-comp-frs-full-dpl/2015-02-01","http://www.hmrc.gov.uk/schemas/ct/combined/2015-02-01/ct-comp-frs-full-dpl-2015-02-01.xsd","","","","","","ct-comp-frs-full-dpl-2015-02-01.xsd"
"http://www.govtalk.gov.uk/uk/fr/tax/uk-hmrc-ct-comp-frs-102-dpl/2015-02-01","http://www.hmrc.gov.uk/schemas/ct/combined/2015-02-01/ct-comp-frs-102-dpl-2015-02-01.xsd","","","","","","ct-comp-frs-102-dpl-2015-02-01.xsd"
"http://www.govtalk.gov.uk/uk/fr/tax/uk-hmrc-ct-comp-frs-101-dpl/2015-02-01","http://www.hmrc.gov.uk/schemas/ct/combined/2015-02-01/ct-comp-frs-101-dpl-2015-02-01.xsd","","","","","","ct-comp-frs-101-dpl-2015-02-01.xsd"
"","","","","","","2015-02-14/"
"http://www.govtalk.gov.uk/uk/fr/tax/frs-full-dpl/2015-02-14","http://www.hmrc.gov.uk/schemas/ct/combined/2015-02-14/frs-full-dpl-2015-02-14.xsd","","","","","","frs-full-dpl-2015-02-14.xsd"
"http://www.govtalk.gov.uk/uk/fr/tax/frs-102-dpl/2015-02-14","http://www.hmrc.gov.uk/schemas/ct/combined/2015-02-14/frs-102-dpl-2015-02-14.xsd","","","","","","frs-102-dpl-2015-02-14.xsd"
"http://www.govtalk.gov.uk/uk/fr/tax/frs-101-dpl/2015-02-14","http://www.hmrc.gov.uk/schemas/ct/combined/2015-02-14/frs-101-dpl-2015-02-14.xsd","","","","","","frs-101-dpl-2015-02-14.xsd"
"","","","","","dpl/"
"","","","","","","2015-02-14/"
"http://www.govtalk.gov.uk/uk/fr/tax/dpl-frc-core/2015-02-14","http://www.hmrc.gov.uk/schemas/ct/dpl/2015-02-14/dpl-frc-core-2015-02-14.xsd","","","","","","dpl-frc-core-2015-02-14.xsd"
"","","","","","","","dpl-frc/"
"","","","","","","","","2015-02-14/"
"http://www.govtalk.gov.uk/uk/fr/tax/dpl-frc/2015-02-14","http://www.hmrc.gov.uk/schemas/ct/dpl/2015-02-14/dpl-frc/2015-02-14/dpl-frc-2015-02-14.xsd","","","","","","","","dpl-frc-2015-02-14.xsd"
"","","","","","","","","","dpl-frc-2015-02-14-definition.xml"
"","","","","","","","","","dpl-frc-2015-02-14-label.xml"
"","","","","","","","","","dpl-frc-2015-02-14-presentation.xml"
