<?xml version="1.0" encoding="utf-8"?>
<!--
IE-IFRS-Label linkbase
2012-12-01 VERSION 1.0
Copyright and other information - see http://www.xbrl.org/uk/legal.aspx
-->
<linkbase xmlns="http://www.xbrl.org/2003/linkbase" xmlns:xsi="http://www.w3.org/2001/XMLSchema-instance" xmlns:xlink="http://www.w3.org/1999/xlink" xsi:schemaLocation=" http://www.xbrl.org/2003/linkbase http://www.xbrl.org/2003/xbrl-linkbase-2003-12-31.xsd">
  <labelLink xlink:type="extended" xlink:role="http://www.xbrl.org/2003/role/link">
      <loc xlink:href="ie-ifrs-2012-12-01.xsd#ie-ifrs_ROIForeignCurrentTaxForPeriod" xlink:label="ie-ifrs_ROIForeignCurrentTaxForPeriod" xlink:type="locator"/>
      <loc xlink:href="ie-ifrs-2012-12-01.xsd#ie-ifrs_IncreaseDecreaseInROIForeignCurrentTaxFromAdjustmentForPriorPeriods" xlink:label="ie-ifrs_IncreaseDecreaseInROIForeignCurrentTaxFromAdjustmentForPriorPeriods" xlink:type="locator"/>
      <loc xlink:href="ie-ifrs-2012-12-01.xsd#ie-ifrs_IncreaseDecreaseInROIForeignCurrentTaxDueToChangesInAccountingPoliciesErrors" xlink:label="ie-ifrs_IncreaseDecreaseInROIForeignCurrentTaxDueToChangesInAccountingPoliciesErrors" xlink:type="locator"/>
      <loc xlink:href="ie-ifrs-2012-12-01.xsd#ie-ifrs_IncreaseDecreaseInROIForeignCurrentTaxFromUnrecognisedTaxLossCreditTemporaryDifferenceFromPriorPeriod" xlink:label="ie-ifrs_IncreaseDecreaseInROIForeignCurrentTaxFromUnrecognisedTaxLossCreditTemporaryDifferenceFromPriorPeriod" xlink:type="locator"/>
      <loc xlink:href="ie-ifrs-2012-12-01.xsd#ie-ifrs_IncreaseDecreaseInROIForeignCurrentTaxFromUnrecognisedTaxLossOrCredit" xlink:label="ie-ifrs_IncreaseDecreaseInROIForeignCurrentTaxFromUnrecognisedTaxLossOrCredit" xlink:type="locator"/>
      <loc xlink:href="ie-ifrs-2012-12-01.xsd#ie-ifrs_IncreaseDecreaseInROIForeignCurrentTaxFromUnrecognisedTemporaryDifferenceFromPriorPeriod" xlink:label="ie-ifrs_IncreaseDecreaseInROIForeignCurrentTaxFromUnrecognisedTemporaryDifferenceFromPriorPeriod" xlink:type="locator"/>
      <loc xlink:href="ie-ifrs-2012-12-01.xsd#ie-ifrs_ROICurrentTax" xlink:label="ie-ifrs_ROICurrentTax" xlink:type="locator"/>
      <loc xlink:href="ie-ifrs-2012-12-01.xsd#ie-ifrs_ROICurrentCorporationTaxOnIncomeForPeriod" xlink:label="ie-ifrs_ROICurrentCorporationTaxOnIncomeForPeriod" xlink:type="locator"/>
      <loc xlink:href="ie-ifrs-2012-12-01.xsd#ie-ifrs_IncreaseDecreaseInROICorporationTaxFromAdjustmentForPriorPeriods" xlink:label="ie-ifrs_IncreaseDecreaseInROICorporationTaxFromAdjustmentForPriorPeriods" xlink:type="locator"/>
      <loc xlink:href="ie-ifrs-2012-12-01.xsd#ie-ifrs_IncreaseDecreaseInROICurrentTaxDueToChangesInAccountingPoliciesErrors" xlink:label="ie-ifrs_IncreaseDecreaseInROICurrentTaxDueToChangesInAccountingPoliciesErrors" xlink:type="locator"/>
      <loc xlink:href="ie-ifrs-2012-12-01.xsd#ie-ifrs_IncreaseDecreaseInROICurrentTaxFromUnrecognisedTaxLossCreditOrTemporaryDifferenceFromPriorPeriod" xlink:label="ie-ifrs_IncreaseDecreaseInROICurrentTaxFromUnrecognisedTaxLossCreditOrTemporaryDifferenceFromPriorPeriod" xlink:type="locator"/>
      <loc xlink:href="ie-ifrs-2012-12-01.xsd#ie-ifrs_IncreaseDecreaseInROICurrentTaxFromUnrecognisedTaxLossOrCredit" xlink:label="ie-ifrs_IncreaseDecreaseInROICurrentTaxFromUnrecognisedTaxLossOrCredit" xlink:type="locator"/>
      <loc xlink:href="ie-ifrs-2012-12-01.xsd#ie-ifrs_IncreaseDecreaseInROICurrentTaxFromUnrecognisedTemporaryDifferenceFromPriorPeriod" xlink:label="ie-ifrs_IncreaseDecreaseInROICurrentTaxFromUnrecognisedTemporaryDifferenceFromPriorPeriod" xlink:type="locator"/>
      <loc xlink:href="ie-ifrs-2012-12-01.xsd#ie-ifrs_ROIDeferredTaxExpenseCredit" xlink:label="ie-ifrs_ROIDeferredTaxExpenseCredit" xlink:type="locator"/>
      <loc xlink:href="ie-ifrs-2012-12-01.xsd#ie-ifrs_ROIDeferredTaxExpenseCreditRelatingToOriginationReversalTemporaryDifferences" xlink:label="ie-ifrs_ROIDeferredTaxExpenseCreditRelatingToOriginationReversalTemporaryDifferences" xlink:type="locator"/>
      <loc xlink:href="ie-ifrs-2012-12-01.xsd#ie-ifrs_ROIDeferredTaxExpenseCreditRelatingToChangesInTaxRatesOrLaws" xlink:label="ie-ifrs_ROIDeferredTaxExpenseCreditRelatingToChangesInTaxRatesOrLaws" xlink:type="locator"/>
      <loc xlink:href="ie-ifrs-2012-12-01.xsd#ie-ifrs_ROIDeferredTaxExpenseCreditFromUnrecognisedTaxLossCreditOrTemporaryDifferenceFromPriorPeriod" xlink:label="ie-ifrs_ROIDeferredTaxExpenseCreditFromUnrecognisedTaxLossCreditOrTemporaryDifferenceFromPriorPeriod" xlink:type="locator"/>
      <loc xlink:href="ie-ifrs-2012-12-01.xsd#ie-ifrs_ROIDeferredTaxExpenseCreditFromUnrecognisedTaxLossOrCredit" xlink:label="ie-ifrs_ROIDeferredTaxExpenseCreditFromUnrecognisedTaxLossOrCredit" xlink:type="locator"/>
      <loc xlink:href="ie-ifrs-2012-12-01.xsd#ie-ifrs_ROIDeferredTaxExpenseCreditFromUnrecognisedTemporaryDifferenceFromPriorPeriod" xlink:label="ie-ifrs_ROIDeferredTaxExpenseCreditFromUnrecognisedTemporaryDifferenceFromPriorPeriod" xlink:type="locator"/>
      <loc xlink:href="ie-ifrs-2012-12-01.xsd#ie-ifrs_ROIDeferredTaxExpenseCreditFromWrite-downOrReversalWrite-downDeferredTaxAsset" xlink:label="ie-ifrs_ROIDeferredTaxExpenseCreditFromWrite-downOrReversalWrite-downDeferredTaxAsset" xlink:type="locator"/>
      <loc xlink:href="ie-ifrs-2012-12-01.xsd#ie-ifrs_OtherROIDeferredTaxExpenseCredit" xlink:label="ie-ifrs_OtherROIDeferredTaxExpenseCredit" xlink:type="locator"/>
      <loc xlink:href="ie-ifrs-2012-12-01.xsd#ie-ifrs_TaxIncreaseDecreaseFromEffectDifferentROITaxRatesOnSomeEarnings" xlink:label="ie-ifrs_TaxIncreaseDecreaseFromEffectDifferentROITaxRatesOnSomeEarnings" xlink:type="locator"/>
      <loc xlink:href="ie-ifrs-2012-12-01.xsd#ie-ifrs_TaxRateEffectDifferentROITaxRatesOnSomeEarnings" xlink:label="ie-ifrs_TaxRateEffectDifferentROITaxRatesOnSomeEarnings" xlink:type="locator"/>
      <loc xlink:href="ie-ifrs-2012-12-01.xsd#ie-ifrs_TaxRateEffectOFROIDeferredTaxExpenseCreditRelatingToChangesInTaxRatesOrLaws" xlink:label="ie-ifrs_TaxRateEffectOFROIDeferredTaxExpenseCreditRelatingToChangesInTaxRatesOrLaws" xlink:type="locator"/>
      <loc xlink:href="ie-ifrs-2012-12-01.xsd#ie-ifrs_TaxRateEffectChangeInROIForeignCurrentTaxFromUnrecognisedTaxLossOrCredit" xlink:label="ie-ifrs_TaxRateEffectChangeInROIForeignCurrentTaxFromUnrecognisedTaxLossOrCredit" xlink:type="locator"/>
      <loc xlink:href="ie-ifrs-2012-12-01.xsd#ie-ifrs_TaxRateEffectChangeInROIForeignCurrentTaxFromUnrecognisedTemporaryDifferenceFromPriorPeriod" xlink:label="ie-ifrs_TaxRateEffectChangeInROIForeignCurrentTaxFromUnrecognisedTemporaryDifferenceFromPriorPeriod" xlink:type="locator"/>
      <loc xlink:href="ie-ifrs-2012-12-01.xsd#ie-ifrs_TaxRateEffectAdjustmentROIForeignCurrentTaxForPriorPeriods" xlink:label="ie-ifrs_TaxRateEffectAdjustmentROIForeignCurrentTaxForPriorPeriods" xlink:type="locator"/>
      <loc xlink:href="ie-ifrs-2012-12-01.xsd#ie-ifrs_EquitySecurities-IrelandFinancialAssetsThroughProfitLossDesignated" xlink:label="ie-ifrs_EquitySecurities-IrelandFinancialAssetsThroughProfitLossDesignated" xlink:type="locator"/>
      <loc xlink:href="ie-ifrs-2012-12-01.xsd#ie-ifrs_EquitySecurities-IrelandFinancialAssetsThroughProfitLossHeldForTrading" xlink:label="ie-ifrs_EquitySecurities-IrelandFinancialAssetsThroughProfitLossHeldForTrading" xlink:type="locator"/>
      <loc xlink:href="ie-ifrs-2012-12-01.xsd#ie-ifrs_EquitySecurities-IrelandAvailable-for-saleFinancialAssets" xlink:label="ie-ifrs_EquitySecurities-IrelandAvailable-for-saleFinancialAssets" xlink:type="locator"/>
      <loc xlink:href="ie-ifrs-2012-12-01.xsd#ie-ifrs_ChangeInEquitySecurities-IrelandFinancialAssetsThroughProfitLossHeldForTrading" xlink:label="ie-ifrs_ChangeInEquitySecurities-IrelandFinancialAssetsThroughProfitLossHeldForTrading" xlink:type="locator"/>
      <loc xlink:href="ie-ifrs-2012-12-01.xsd#ie-ifrs_ChangeInEquitySecurities-IrelandFinancialAssetsThroughProfitLossDesignated" xlink:label="ie-ifrs_ChangeInEquitySecurities-IrelandFinancialAssetsThroughProfitLossDesignated" xlink:type="locator"/>
      <loc xlink:href="ie-ifrs-2012-12-01.xsd#ie-ifrs_ChangeInEquitySecurities-IrelandAvailable-for-saleFinancialAssets" xlink:label="ie-ifrs_ChangeInEquitySecurities-IrelandAvailable-for-saleFinancialAssets" xlink:type="locator"/>
      <loc xlink:href="ie-ifrs-2012-12-01.xsd#ie-ifrs_LongevityFiguresIrelandHeading" xlink:label="ie-ifrs_LongevityFiguresIrelandHeading" xlink:type="locator"/>
      <loc xlink:href="ie-ifrs-2012-12-01.xsd#ie-ifrs_LongevityInYearsRetirementForCurrentIrishPensionersMen" xlink:label="ie-ifrs_LongevityInYearsRetirementForCurrentIrishPensionersMen" xlink:type="locator"/>
      <loc xlink:href="ie-ifrs-2012-12-01.xsd#ie-ifrs_LongevityInYearsRetirementForFutureIrishPensionersMen" xlink:label="ie-ifrs_LongevityInYearsRetirementForFutureIrishPensionersMen" xlink:type="locator"/>
      <loc xlink:href="ie-ifrs-2012-12-01.xsd#ie-ifrs_LongevityInYearsRetirementForCurrentIrishPensionersWomen" xlink:label="ie-ifrs_LongevityInYearsRetirementForCurrentIrishPensionersWomen" xlink:type="locator"/>
      <loc xlink:href="ie-ifrs-2012-12-01.xsd#ie-ifrs_LongevityInYearsRetirementForFutureIrishPensionersWomen" xlink:label="ie-ifrs_LongevityInYearsRetirementForFutureIrishPensionersWomen" xlink:type="locator"/>
      <loc xlink:href="ie-ifrs-2012-12-01.xsd#ie-ifrs_DebtSecuritiesIssuedByIrishGovernmentFinancialAssetsDesignatedFairValue" xlink:label="ie-ifrs_DebtSecuritiesIssuedByIrishGovernmentFinancialAssetsDesignatedFairValue" xlink:type="locator"/>
      <loc xlink:href="ie-ifrs-2012-12-01.xsd#ie-ifrs_DebtSecuritiesIssuedByIrishGovernmentFinancialAssetsHeldForTrading" xlink:label="ie-ifrs_DebtSecuritiesIssuedByIrishGovernmentFinancialAssetsHeldForTrading" xlink:type="locator"/>
      <loc xlink:href="ie-ifrs-2012-12-01.xsd#ie-ifrs_DebtSecuritiesIssuedByIrishGovernmentHeld-to-maturity" xlink:label="ie-ifrs_DebtSecuritiesIssuedByIrishGovernmentHeld-to-maturity" xlink:type="locator"/>
      <loc xlink:href="ie-ifrs-2012-12-01.xsd#ie-ifrs_DebtSecuritiesIssuedByIrishGovernmentAvailableForSale" xlink:label="ie-ifrs_DebtSecuritiesIssuedByIrishGovernmentAvailableForSale" xlink:type="locator"/>
      <loc xlink:href="ie-ifrs-2012-12-01.xsd#ie-ifrs_ChangeInDebtSecuritiesIssuedByIrishGovernmentFinancialAssetsThroughProfitLossHeldForTrading" xlink:label="ie-ifrs_ChangeInDebtSecuritiesIssuedByIrishGovernmentFinancialAssetsThroughProfitLossHeldForTrading" xlink:type="locator"/>
      <loc xlink:href="ie-ifrs-2012-12-01.xsd#ie-ifrs_ChangeInDebtSecuritiesIssuedByIrishGovernmentFinancialAssetsDesignated" xlink:label="ie-ifrs_ChangeInDebtSecuritiesIssuedByIrishGovernmentFinancialAssetsDesignated" xlink:type="locator"/>
      <loc xlink:href="ie-ifrs-2012-12-01.xsd#ie-ifrs_ChangeInDebtSecuritiesIssuedByIrishGovernmentAvailable-for-saleFinancialAssets" xlink:label="ie-ifrs_ChangeInDebtSecuritiesIssuedByIrishGovernmentAvailable-for-saleFinancialAssets" xlink:type="locator"/>
      <loc xlink:href="ie-ifrs-2012-12-01.xsd#ie-ifrs_CurrentAccountWithCentralBankIreland" xlink:label="ie-ifrs_CurrentAccountWithCentralBankIreland" xlink:type="locator"/>
      <loc xlink:href="ie-ifrs-2012-12-01.xsd#ie-ifrs_DepositsWithCentralBankIreland" xlink:label="ie-ifrs_DepositsWithCentralBankIreland" xlink:type="locator"/>
      <loc xlink:href="ie-ifrs-2012-12-01.xsd#ie-ifrs_MandatoryReserveDepositsWithCentralBankIreland" xlink:label="ie-ifrs_MandatoryReserveDepositsWithCentralBankIreland" xlink:type="locator"/>
      <loc xlink:href="ie-ifrs-2012-12-01.xsd#ie-ifrs_BalancesWithCentralBankIrelandOtherThanMandatoryReserveDeposits" xlink:label="ie-ifrs_BalancesWithCentralBankIrelandOtherThanMandatoryReserveDeposits" xlink:type="locator"/>
      <label xml:lang="en" xlink:label="ie-ifrs_ROIForeignCurrentTaxForPeriod_en" xlink:type="resource">ROI and foreign current tax for the period</label>
      <label xml:lang="en" xlink:label="ie-ifrs_IncreaseDecreaseInROIForeignCurrentTaxFromAdjustmentForPriorPeriods_en" xlink:type="resource">Increase (decrease) in ROI and foreign current tax from adjustment for prior periods</label>
      <label xml:lang="en" xlink:label="ie-ifrs_IncreaseDecreaseInROIForeignCurrentTaxDueToChangesInAccountingPoliciesErrors_en" xlink:type="resource">Increase (decrease) in ROI and foreign current tax due to changes in accounting policies and errors</label>
      <label xml:lang="en" xlink:label="ie-ifrs_IncreaseDecreaseInROIForeignCurrentTaxFromUnrecognisedTaxLossCreditTemporaryDifferenceFromPriorPeriod_en" xlink:type="resource">Increase (decrease) in ROI and foreign current tax from unrecognised tax loss, credit or temporary difference from a prior period</label>
      <label xml:lang="en" xlink:label="ie-ifrs_IncreaseDecreaseInROIForeignCurrentTaxFromUnrecognisedTaxLossOrCredit_en" xlink:type="resource">Increase (decrease) in ROI and foreign current tax from unrecognised tax loss or credit</label>
      <label xml:lang="en" xlink:label="ie-ifrs_IncreaseDecreaseInROIForeignCurrentTaxFromUnrecognisedTemporaryDifferenceFromPriorPeriod_en" xlink:type="resource">Increase (decrease) in ROI and foreign current tax from unrecognised temporary difference from a prior period</label>
      <label xml:lang="en" xlink:label="ie-ifrs_ROICurrentTax_en" xlink:type="resource">ROI current tax</label>
      <label xml:lang="en" xlink:label="ie-ifrs_ROICurrentCorporationTaxOnIncomeForPeriod_en" xlink:type="resource">ROI current corporation tax on income for the period</label>
      <label xml:lang="en" xlink:label="ie-ifrs_IncreaseDecreaseInROICorporationTaxFromAdjustmentForPriorPeriods_en" xlink:type="resource">Increase (decrease) in ROI corporation tax from adjustment for prior periods</label>
      <label xml:lang="en" xlink:label="ie-ifrs_IncreaseDecreaseInROICurrentTaxDueToChangesInAccountingPoliciesErrors_en" xlink:type="resource">Increase (decrease) in ROI current tax due to changes in accounting policies and errors</label>
      <label xml:lang="en" xlink:label="ie-ifrs_IncreaseDecreaseInROICurrentTaxFromUnrecognisedTaxLossCreditOrTemporaryDifferenceFromPriorPeriod_en" xlink:type="resource">Increase (decrease) in ROI current tax from unrecognised tax loss, credit or temporary difference from a prior period</label>
      <label xml:lang="en" xlink:label="ie-ifrs_IncreaseDecreaseInROICurrentTaxFromUnrecognisedTaxLossOrCredit_en" xlink:type="resource">Increase (decrease) in ROI current tax from unrecognised tax loss or credit</label>
      <label xml:lang="en" xlink:label="ie-ifrs_IncreaseDecreaseInROICurrentTaxFromUnrecognisedTemporaryDifferenceFromPriorPeriod_en" xlink:type="resource">Increase (decrease) in ROI current tax from unrecognised temporary difference from a prior period</label>
      <label xml:lang="en" xlink:label="ie-ifrs_ROIDeferredTaxExpenseCredit_en" xlink:type="resource">ROI deferred tax expense (credit)</label>
      <label xml:lang="en" xlink:label="ie-ifrs_ROIDeferredTaxExpenseCreditRelatingToOriginationReversalTemporaryDifferences_en" xlink:type="resource">ROI deferred tax expense (credit) relating to origination and reversal of temporary differences</label>
      <label xml:lang="en" xlink:label="ie-ifrs_ROIDeferredTaxExpenseCreditRelatingToChangesInTaxRatesOrLaws_en" xlink:type="resource">ROI deferred tax expense (credit) relating to changes in tax rates or laws</label>
      <label xml:lang="en" xlink:label="ie-ifrs_ROIDeferredTaxExpenseCreditFromUnrecognisedTaxLossCreditOrTemporaryDifferenceFromPriorPeriod_en" xlink:type="resource">ROI deferred tax expense (credit) from unrecognised tax loss, credit or temporary difference from a prior period</label>
      <label xml:lang="en" xlink:label="ie-ifrs_ROIDeferredTaxExpenseCreditFromUnrecognisedTaxLossOrCredit_en" xlink:type="resource">ROI deferred tax expense (credit) from unrecognised tax loss or credit</label>
      <label xml:lang="en" xlink:label="ie-ifrs_ROIDeferredTaxExpenseCreditFromUnrecognisedTemporaryDifferenceFromPriorPeriod_en" xlink:type="resource">ROI deferred tax expense (credit) from unrecognised temporary difference from a prior period</label>
      <label xml:lang="en" xlink:label="ie-ifrs_ROIDeferredTaxExpenseCreditFromWrite-downOrReversalWrite-downDeferredTaxAsset_en" xlink:type="resource">ROI deferred tax expense (credit) from write-down or reversal of write-down of deferred tax asset</label>
      <label xml:lang="en" xlink:label="ie-ifrs_OtherROIDeferredTaxExpenseCredit_en" xlink:type="resource">Other ROI deferred tax expense (credit)</label>
      <label xml:lang="en" xlink:label="ie-ifrs_TaxIncreaseDecreaseFromEffectDifferentROITaxRatesOnSomeEarnings_en" xlink:type="resource">Tax increase (decrease) from effect of different ROI tax rates on some earnings</label>
      <label xml:lang="en" xlink:label="ie-ifrs_TaxRateEffectDifferentROITaxRatesOnSomeEarnings_en" xlink:type="resource">Tax rate effect of different ROI tax rates on some earnings</label>
      <label xml:lang="en" xlink:label="ie-ifrs_TaxRateEffectOFROIDeferredTaxExpenseCreditRelatingToChangesInTaxRatesOrLaws_en" xlink:type="resource">Tax rate effect of ROI deferred tax expense (credit) relating to changes in tax rates or laws</label>
      <label xml:lang="en" xlink:label="ie-ifrs_TaxRateEffectChangeInROIForeignCurrentTaxFromUnrecognisedTaxLossOrCredit_en" xlink:type="resource">Tax rate effect of change in ROI and foreign current tax from unrecognised tax loss or credit</label>
      <label xml:lang="en" xlink:label="ie-ifrs_TaxRateEffectChangeInROIForeignCurrentTaxFromUnrecognisedTemporaryDifferenceFromPriorPeriod_en" xlink:type="resource">Tax rate effect of change in ROI and foreign current tax from unrecognised temporary difference from a prior period</label>
      <label xml:lang="en" xlink:label="ie-ifrs_TaxRateEffectAdjustmentROIForeignCurrentTaxForPriorPeriods_en" xlink:type="resource">Tax rate effect of adjustment of ROI and foreign current tax for prior periods</label>
      <label xml:lang="en" xlink:label="ie-ifrs_EquitySecurities-IrelandFinancialAssetsThroughProfitLossDesignated_en" xlink:type="resource">Equity securities-Ireland, financial assets through profit and loss, designated</label>
      <label xml:lang="en" xlink:label="ie-ifrs_EquitySecurities-IrelandFinancialAssetsThroughProfitLossHeldForTrading_en" xlink:type="resource">Equity securities-Ireland, financial assets through profit and loss, held for trading</label>
      <label xml:lang="en" xlink:label="ie-ifrs_EquitySecurities-IrelandAvailable-for-saleFinancialAssets_en" xlink:type="resource">Equity securities-Ireland, available-for-sale financial assets</label>
      <label xml:lang="en" xlink:label="ie-ifrs_ChangeInEquitySecurities-IrelandFinancialAssetsThroughProfitLossHeldForTrading_en" xlink:type="resource">Change in equity securities - Ireland, financial assets through profit and loss, held for trading</label>
      <label xml:lang="en" xlink:label="ie-ifrs_ChangeInEquitySecurities-IrelandFinancialAssetsThroughProfitLossDesignated_en" xlink:type="resource">Change in equity securities - Ireland, financial assets through profit and loss, designated</label>
      <label xml:lang="en" xlink:label="ie-ifrs_ChangeInEquitySecurities-IrelandAvailable-for-saleFinancialAssets_en" xlink:type="resource">Change in equity securities - Ireland, available-for-sale financial assets</label>
      <label xml:lang="en" xlink:label="ie-ifrs_LongevityFiguresIrelandHeading_en" xlink:type="resource">Longevity figures, Ireland [heading]</label>
      <label xml:lang="en" xlink:label="ie-ifrs_LongevityInYearsRetirementForCurrentIrishPensionersMen_en" xlink:type="resource">Longevity in years at retirement for current Irish pensioners, men</label>
      <label xml:lang="en" xlink:label="ie-ifrs_LongevityInYearsRetirementForFutureIrishPensionersMen_en" xlink:type="resource">Longevity in years at retirement for future Irish pensioners, men</label>
      <label xml:lang="en" xlink:label="ie-ifrs_LongevityInYearsRetirementForCurrentIrishPensionersWomen_en" xlink:type="resource">Longevity in years at retirement for current Irish pensioners, women</label>
      <label xml:lang="en" xlink:label="ie-ifrs_LongevityInYearsRetirementForFutureIrishPensionersWomen_en" xlink:type="resource">Longevity in years at retirement for future Irish pensioners, women</label>
      <label xml:lang="en" xlink:label="ie-ifrs_DebtSecuritiesIssuedByIrishGovernmentFinancialAssetsDesignatedFairValue_en" xlink:type="resource">Debt securities issued by Irish government, financial assets designated at fair value</label>
      <label xml:lang="en" xlink:label="ie-ifrs_DebtSecuritiesIssuedByIrishGovernmentFinancialAssetsHeldForTrading_en" xlink:type="resource">Debt securities issued by Irish Government, financial assets, held for trading</label>
      <label xml:lang="en" xlink:label="ie-ifrs_DebtSecuritiesIssuedByIrishGovernmentHeld-to-maturity_en" xlink:type="resource">Debt securities issued by Irish government, held-to-maturity</label>
      <label xml:lang="en" xlink:label="ie-ifrs_DebtSecuritiesIssuedByIrishGovernmentAvailableForSale_en" xlink:type="resource">Debt securities issued by Irish government, available for sale</label>
      <label xml:lang="en" xlink:label="ie-ifrs_ChangeInDebtSecuritiesIssuedByIrishGovernmentFinancialAssetsThroughProfitLossHeldForTrading_en" xlink:type="resource">Change in debt securities issued by Irish Government, financial assets through profit and loss, held for trading</label>
      <label xml:lang="en" xlink:label="ie-ifrs_ChangeInDebtSecuritiesIssuedByIrishGovernmentFinancialAssetsDesignated_en" xlink:type="resource">Change in debt securities issued by Irish government, financial assets, designated</label>
      <label xml:lang="en" xlink:label="ie-ifrs_ChangeInDebtSecuritiesIssuedByIrishGovernmentAvailable-for-saleFinancialAssets_en" xlink:type="resource">Change in debt securities issued by Irish government, available-for-sale financial assets</label>
      <label xml:lang="en" xlink:label="ie-ifrs_CurrentAccountWithCentralBankIreland_en" xlink:type="resource">Current account with the Central Bank of Ireland</label>
      <label xml:lang="en" xlink:label="ie-ifrs_DepositsWithCentralBankIreland_en" xlink:type="resource">Deposits with the Central Bank of Ireland</label>
      <label xml:lang="en" xlink:label="ie-ifrs_MandatoryReserveDepositsWithCentralBankIreland_en" xlink:type="resource">Mandatory reserve deposits with Central Bank of Ireland</label>
      <label xml:lang="en" xlink:label="ie-ifrs_BalancesWithCentralBankIrelandOtherThanMandatoryReserveDeposits_en" xlink:type="resource">Balances with the Central Bank of Ireland other than mandatory reserve deposits</label>
      <labelArc xlink:arcrole="http://www.xbrl.org/2003/arcrole/concept-label" xlink:from="ie-ifrs_ROIForeignCurrentTaxForPeriod" xlink:to="ie-ifrs_ROIForeignCurrentTaxForPeriod_en" xlink:type="arc"/>
      <labelArc xlink:arcrole="http://www.xbrl.org/2003/arcrole/concept-label" xlink:from="ie-ifrs_IncreaseDecreaseInROIForeignCurrentTaxFromAdjustmentForPriorPeriods" xlink:to="ie-ifrs_IncreaseDecreaseInROIForeignCurrentTaxFromAdjustmentForPriorPeriods_en" xlink:type="arc"/>
      <labelArc xlink:arcrole="http://www.xbrl.org/2003/arcrole/concept-label" xlink:from="ie-ifrs_IncreaseDecreaseInROIForeignCurrentTaxDueToChangesInAccountingPoliciesErrors" xlink:to="ie-ifrs_IncreaseDecreaseInROIForeignCurrentTaxDueToChangesInAccountingPoliciesErrors_en" xlink:type="arc"/>
      <labelArc xlink:arcrole="http://www.xbrl.org/2003/arcrole/concept-label" xlink:from="ie-ifrs_IncreaseDecreaseInROIForeignCurrentTaxFromUnrecognisedTaxLossCreditTemporaryDifferenceFromPriorPeriod" xlink:to="ie-ifrs_IncreaseDecreaseInROIForeignCurrentTaxFromUnrecognisedTaxLossCreditTemporaryDifferenceFromPriorPeriod_en" xlink:type="arc"/>
      <labelArc xlink:arcrole="http://www.xbrl.org/2003/arcrole/concept-label" xlink:from="ie-ifrs_IncreaseDecreaseInROIForeignCurrentTaxFromUnrecognisedTaxLossOrCredit" xlink:to="ie-ifrs_IncreaseDecreaseInROIForeignCurrentTaxFromUnrecognisedTaxLossOrCredit_en" xlink:type="arc"/>
      <labelArc xlink:arcrole="http://www.xbrl.org/2003/arcrole/concept-label" xlink:from="ie-ifrs_IncreaseDecreaseInROIForeignCurrentTaxFromUnrecognisedTemporaryDifferenceFromPriorPeriod" xlink:to="ie-ifrs_IncreaseDecreaseInROIForeignCurrentTaxFromUnrecognisedTemporaryDifferenceFromPriorPeriod_en" xlink:type="arc"/>
      <labelArc xlink:arcrole="http://www.xbrl.org/2003/arcrole/concept-label" xlink:from="ie-ifrs_ROICurrentTax" xlink:to="ie-ifrs_ROICurrentTax_en" xlink:type="arc"/>
      <labelArc xlink:arcrole="http://www.xbrl.org/2003/arcrole/concept-label" xlink:from="ie-ifrs_ROICurrentCorporationTaxOnIncomeForPeriod" xlink:to="ie-ifrs_ROICurrentCorporationTaxOnIncomeForPeriod_en" xlink:type="arc"/>
      <labelArc xlink:arcrole="http://www.xbrl.org/2003/arcrole/concept-label" xlink:from="ie-ifrs_IncreaseDecreaseInROICorporationTaxFromAdjustmentForPriorPeriods" xlink:to="ie-ifrs_IncreaseDecreaseInROICorporationTaxFromAdjustmentForPriorPeriods_en" xlink:type="arc"/>
      <labelArc xlink:arcrole="http://www.xbrl.org/2003/arcrole/concept-label" xlink:from="ie-ifrs_IncreaseDecreaseInROICurrentTaxDueToChangesInAccountingPoliciesErrors" xlink:to="ie-ifrs_IncreaseDecreaseInROICurrentTaxDueToChangesInAccountingPoliciesErrors_en" xlink:type="arc"/>
      <labelArc xlink:arcrole="http://www.xbrl.org/2003/arcrole/concept-label" xlink:from="ie-ifrs_IncreaseDecreaseInROICurrentTaxFromUnrecognisedTaxLossCreditOrTemporaryDifferenceFromPriorPeriod" xlink:to="ie-ifrs_IncreaseDecreaseInROICurrentTaxFromUnrecognisedTaxLossCreditOrTemporaryDifferenceFromPriorPeriod_en" xlink:type="arc"/>
      <labelArc xlink:arcrole="http://www.xbrl.org/2003/arcrole/concept-label" xlink:from="ie-ifrs_IncreaseDecreaseInROICurrentTaxFromUnrecognisedTaxLossOrCredit" xlink:to="ie-ifrs_IncreaseDecreaseInROICurrentTaxFromUnrecognisedTaxLossOrCredit_en" xlink:type="arc"/>
      <labelArc xlink:arcrole="http://www.xbrl.org/2003/arcrole/concept-label" xlink:from="ie-ifrs_IncreaseDecreaseInROICurrentTaxFromUnrecognisedTemporaryDifferenceFromPriorPeriod" xlink:to="ie-ifrs_IncreaseDecreaseInROICurrentTaxFromUnrecognisedTemporaryDifferenceFromPriorPeriod_en" xlink:type="arc"/>
      <labelArc xlink:arcrole="http://www.xbrl.org/2003/arcrole/concept-label" xlink:from="ie-ifrs_ROIDeferredTaxExpenseCredit" xlink:to="ie-ifrs_ROIDeferredTaxExpenseCredit_en" xlink:type="arc"/>
      <labelArc xlink:arcrole="http://www.xbrl.org/2003/arcrole/concept-label" xlink:from="ie-ifrs_ROIDeferredTaxExpenseCreditRelatingToOriginationReversalTemporaryDifferences" xlink:to="ie-ifrs_ROIDeferredTaxExpenseCreditRelatingToOriginationReversalTemporaryDifferences_en" xlink:type="arc"/>
      <labelArc xlink:arcrole="http://www.xbrl.org/2003/arcrole/concept-label" xlink:from="ie-ifrs_ROIDeferredTaxExpenseCreditRelatingToChangesInTaxRatesOrLaws" xlink:to="ie-ifrs_ROIDeferredTaxExpenseCreditRelatingToChangesInTaxRatesOrLaws_en" xlink:type="arc"/>
      <labelArc xlink:arcrole="http://www.xbrl.org/2003/arcrole/concept-label" xlink:from="ie-ifrs_ROIDeferredTaxExpenseCreditFromUnrecognisedTaxLossCreditOrTemporaryDifferenceFromPriorPeriod" xlink:to="ie-ifrs_ROIDeferredTaxExpenseCreditFromUnrecognisedTaxLossCreditOrTemporaryDifferenceFromPriorPeriod_en" xlink:type="arc"/>
      <labelArc xlink:arcrole="http://www.xbrl.org/2003/arcrole/concept-label" xlink:from="ie-ifrs_ROIDeferredTaxExpenseCreditFromUnrecognisedTaxLossOrCredit" xlink:to="ie-ifrs_ROIDeferredTaxExpenseCreditFromUnrecognisedTaxLossOrCredit_en" xlink:type="arc"/>
      <labelArc xlink:arcrole="http://www.xbrl.org/2003/arcrole/concept-label" xlink:from="ie-ifrs_ROIDeferredTaxExpenseCreditFromUnrecognisedTemporaryDifferenceFromPriorPeriod" xlink:to="ie-ifrs_ROIDeferredTaxExpenseCreditFromUnrecognisedTemporaryDifferenceFromPriorPeriod_en" xlink:type="arc"/>
      <labelArc xlink:arcrole="http://www.xbrl.org/2003/arcrole/concept-label" xlink:from="ie-ifrs_ROIDeferredTaxExpenseCreditFromWrite-downOrReversalWrite-downDeferredTaxAsset" xlink:to="ie-ifrs_ROIDeferredTaxExpenseCreditFromWrite-downOrReversalWrite-downDeferredTaxAsset_en" xlink:type="arc"/>
      <labelArc xlink:arcrole="http://www.xbrl.org/2003/arcrole/concept-label" xlink:from="ie-ifrs_OtherROIDeferredTaxExpenseCredit" xlink:to="ie-ifrs_OtherROIDeferredTaxExpenseCredit_en" xlink:type="arc"/>
      <labelArc xlink:arcrole="http://www.xbrl.org/2003/arcrole/concept-label" xlink:from="ie-ifrs_TaxIncreaseDecreaseFromEffectDifferentROITaxRatesOnSomeEarnings" xlink:to="ie-ifrs_TaxIncreaseDecreaseFromEffectDifferentROITaxRatesOnSomeEarnings_en" xlink:type="arc"/>
      <labelArc xlink:arcrole="http://www.xbrl.org/2003/arcrole/concept-label" xlink:from="ie-ifrs_TaxRateEffectDifferentROITaxRatesOnSomeEarnings" xlink:to="ie-ifrs_TaxRateEffectDifferentROITaxRatesOnSomeEarnings_en" xlink:type="arc"/>
      <labelArc xlink:arcrole="http://www.xbrl.org/2003/arcrole/concept-label" xlink:from="ie-ifrs_TaxRateEffectOFROIDeferredTaxExpenseCreditRelatingToChangesInTaxRatesOrLaws" xlink:to="ie-ifrs_TaxRateEffectOFROIDeferredTaxExpenseCreditRelatingToChangesInTaxRatesOrLaws_en" xlink:type="arc"/>
      <labelArc xlink:arcrole="http://www.xbrl.org/2003/arcrole/concept-label" xlink:from="ie-ifrs_TaxRateEffectChangeInROIForeignCurrentTaxFromUnrecognisedTaxLossOrCredit" xlink:to="ie-ifrs_TaxRateEffectChangeInROIForeignCurrentTaxFromUnrecognisedTaxLossOrCredit_en" xlink:type="arc"/>
      <labelArc xlink:arcrole="http://www.xbrl.org/2003/arcrole/concept-label" xlink:from="ie-ifrs_TaxRateEffectChangeInROIForeignCurrentTaxFromUnrecognisedTemporaryDifferenceFromPriorPeriod" xlink:to="ie-ifrs_TaxRateEffectChangeInROIForeignCurrentTaxFromUnrecognisedTemporaryDifferenceFromPriorPeriod_en" xlink:type="arc"/>
      <labelArc xlink:arcrole="http://www.xbrl.org/2003/arcrole/concept-label" xlink:from="ie-ifrs_TaxRateEffectAdjustmentROIForeignCurrentTaxForPriorPeriods" xlink:to="ie-ifrs_TaxRateEffectAdjustmentROIForeignCurrentTaxForPriorPeriods_en" xlink:type="arc"/>
      <labelArc xlink:arcrole="http://www.xbrl.org/2003/arcrole/concept-label" xlink:from="ie-ifrs_EquitySecurities-IrelandFinancialAssetsThroughProfitLossDesignated" xlink:to="ie-ifrs_EquitySecurities-IrelandFinancialAssetsThroughProfitLossDesignated_en" xlink:type="arc"/>
      <labelArc xlink:arcrole="http://www.xbrl.org/2003/arcrole/concept-label" xlink:from="ie-ifrs_EquitySecurities-IrelandFinancialAssetsThroughProfitLossHeldForTrading" xlink:to="ie-ifrs_EquitySecurities-IrelandFinancialAssetsThroughProfitLossHeldForTrading_en" xlink:type="arc"/>
      <labelArc xlink:arcrole="http://www.xbrl.org/2003/arcrole/concept-label" xlink:from="ie-ifrs_EquitySecurities-IrelandAvailable-for-saleFinancialAssets" xlink:to="ie-ifrs_EquitySecurities-IrelandAvailable-for-saleFinancialAssets_en" xlink:type="arc"/>
      <labelArc xlink:arcrole="http://www.xbrl.org/2003/arcrole/concept-label" xlink:from="ie-ifrs_ChangeInEquitySecurities-IrelandFinancialAssetsThroughProfitLossHeldForTrading" xlink:to="ie-ifrs_ChangeInEquitySecurities-IrelandFinancialAssetsThroughProfitLossHeldForTrading_en" xlink:type="arc"/>
      <labelArc xlink:arcrole="http://www.xbrl.org/2003/arcrole/concept-label" xlink:from="ie-ifrs_ChangeInEquitySecurities-IrelandFinancialAssetsThroughProfitLossDesignated" xlink:to="ie-ifrs_ChangeInEquitySecurities-IrelandFinancialAssetsThroughProfitLossDesignated_en" xlink:type="arc"/>
      <labelArc xlink:arcrole="http://www.xbrl.org/2003/arcrole/concept-label" xlink:from="ie-ifrs_ChangeInEquitySecurities-IrelandAvailable-for-saleFinancialAssets" xlink:to="ie-ifrs_ChangeInEquitySecurities-IrelandAvailable-for-saleFinancialAssets_en" xlink:type="arc"/>
      <labelArc xlink:arcrole="http://www.xbrl.org/2003/arcrole/concept-label" xlink:from="ie-ifrs_LongevityFiguresIrelandHeading" xlink:to="ie-ifrs_LongevityFiguresIrelandHeading_en" xlink:type="arc"/>
      <labelArc xlink:arcrole="http://www.xbrl.org/2003/arcrole/concept-label" xlink:from="ie-ifrs_LongevityInYearsRetirementForCurrentIrishPensionersMen" xlink:to="ie-ifrs_LongevityInYearsRetirementForCurrentIrishPensionersMen_en" xlink:type="arc"/>
      <labelArc xlink:arcrole="http://www.xbrl.org/2003/arcrole/concept-label" xlink:from="ie-ifrs_LongevityInYearsRetirementForFutureIrishPensionersMen" xlink:to="ie-ifrs_LongevityInYearsRetirementForFutureIrishPensionersMen_en" xlink:type="arc"/>
      <labelArc xlink:arcrole="http://www.xbrl.org/2003/arcrole/concept-label" xlink:from="ie-ifrs_LongevityInYearsRetirementForCurrentIrishPensionersWomen" xlink:to="ie-ifrs_LongevityInYearsRetirementForCurrentIrishPensionersWomen_en" xlink:type="arc"/>
      <labelArc xlink:arcrole="http://www.xbrl.org/2003/arcrole/concept-label" xlink:from="ie-ifrs_LongevityInYearsRetirementForFutureIrishPensionersWomen" xlink:to="ie-ifrs_LongevityInYearsRetirementForFutureIrishPensionersWomen_en" xlink:type="arc"/>
      <labelArc xlink:arcrole="http://www.xbrl.org/2003/arcrole/concept-label" xlink:from="ie-ifrs_DebtSecuritiesIssuedByIrishGovernmentFinancialAssetsDesignatedFairValue" xlink:to="ie-ifrs_DebtSecuritiesIssuedByIrishGovernmentFinancialAssetsDesignatedFairValue_en" xlink:type="arc"/>
      <labelArc xlink:arcrole="http://www.xbrl.org/2003/arcrole/concept-label" xlink:from="ie-ifrs_DebtSecuritiesIssuedByIrishGovernmentFinancialAssetsHeldForTrading" xlink:to="ie-ifrs_DebtSecuritiesIssuedByIrishGovernmentFinancialAssetsHeldForTrading_en" xlink:type="arc"/>
      <labelArc xlink:arcrole="http://www.xbrl.org/2003/arcrole/concept-label" xlink:from="ie-ifrs_DebtSecuritiesIssuedByIrishGovernmentHeld-to-maturity" xlink:to="ie-ifrs_DebtSecuritiesIssuedByIrishGovernmentHeld-to-maturity_en" xlink:type="arc"/>
      <labelArc xlink:arcrole="http://www.xbrl.org/2003/arcrole/concept-label" xlink:from="ie-ifrs_DebtSecuritiesIssuedByIrishGovernmentAvailableForSale" xlink:to="ie-ifrs_DebtSecuritiesIssuedByIrishGovernmentAvailableForSale_en" xlink:type="arc"/>
      <labelArc xlink:arcrole="http://www.xbrl.org/2003/arcrole/concept-label" xlink:from="ie-ifrs_ChangeInDebtSecuritiesIssuedByIrishGovernmentFinancialAssetsThroughProfitLossHeldForTrading" xlink:to="ie-ifrs_ChangeInDebtSecuritiesIssuedByIrishGovernmentFinancialAssetsThroughProfitLossHeldForTrading_en" xlink:type="arc"/>
      <labelArc xlink:arcrole="http://www.xbrl.org/2003/arcrole/concept-label" xlink:from="ie-ifrs_ChangeInDebtSecuritiesIssuedByIrishGovernmentFinancialAssetsDesignated" xlink:to="ie-ifrs_ChangeInDebtSecuritiesIssuedByIrishGovernmentFinancialAssetsDesignated_en" xlink:type="arc"/>
      <labelArc xlink:arcrole="http://www.xbrl.org/2003/arcrole/concept-label" xlink:from="ie-ifrs_ChangeInDebtSecuritiesIssuedByIrishGovernmentAvailable-for-saleFinancialAssets" xlink:to="ie-ifrs_ChangeInDebtSecuritiesIssuedByIrishGovernmentAvailable-for-saleFinancialAssets_en" xlink:type="arc"/>
      <labelArc xlink:arcrole="http://www.xbrl.org/2003/arcrole/concept-label" xlink:from="ie-ifrs_CurrentAccountWithCentralBankIreland" xlink:to="ie-ifrs_CurrentAccountWithCentralBankIreland_en" xlink:type="arc"/>
      <labelArc xlink:arcrole="http://www.xbrl.org/2003/arcrole/concept-label" xlink:from="ie-ifrs_DepositsWithCentralBankIreland" xlink:to="ie-ifrs_DepositsWithCentralBankIreland_en" xlink:type="arc"/>
      <labelArc xlink:arcrole="http://www.xbrl.org/2003/arcrole/concept-label" xlink:from="ie-ifrs_MandatoryReserveDepositsWithCentralBankIreland" xlink:to="ie-ifrs_MandatoryReserveDepositsWithCentralBankIreland_en" xlink:type="arc"/>
      <labelArc xlink:arcrole="http://www.xbrl.org/2003/arcrole/concept-label" xlink:from="ie-ifrs_BalancesWithCentralBankIrelandOtherThanMandatoryReserveDeposits" xlink:to="ie-ifrs_BalancesWithCentralBankIrelandOtherThanMandatoryReserveDeposits_en" xlink:type="arc"/>
  </labelLink>
</linkbase>
