<?xml version="1.0" encoding="UTF-8" standalone="yes"?>
<link:linkbase xmlns:xsi="http://www.w3.org/2001/XMLSchema-instance" xmlns:link="http://www.xbrl.org/2003/linkbase" xmlns:xlink="http://www.w3.org/1999/xlink" xmlns:xsd="http://www.w3.org/2001/XMLSchema" xmlns:nonnum="http://www.xbrl.org/dtr/type/non-numeric" xmlns:xbrldt="http://xbrl.org/2005/xbrldt" xmlns:xbrli="http://www.xbrl.org/2003/instance" xsi:schemaLocation="http://www.xbrl.org/2003/linkbase http://www.xbrl.org/2003/xbrl-linkbase-2003-12-31.xsd http://www.w3.org/1999/xlink http://www.xbrl.org/2003/xlink-2003-12-31.xsd http://xbrl.org/2005/xbrldt http://www.xbrl.org/2005/xbrldt-2005.xsd">
    <link:arcroleRef arcroleURI="http://xbrl.org/int/dim/arcrole/domain-member" xlink:href="http://www.xbrl.org/2005/xbrldt-2005.xsd#domain-member" xlink:type="simple"/>
    <link:arcroleRef arcroleURI="http://xbrl.org/int/dim/arcrole/hypercube-dimension" xlink:href="http://www.xbrl.org/2005/xbrldt-2005.xsd#hypercube-dimension" xlink:type="simple"/>
    <link:roleRef xlink:href="https://xbrl.frc.org.uk/fr/2014-09-01/core/frc-core-2014-09-01.xsd#Dimension-ContinuingAndDiscontinuedOperations" roleURI="http://xbrl.frc.org.uk/fr/core/roles/Dimension-ContinuingAndDiscontinuedOperations" xlink:type="simple"/>
    <link:roleRef xlink:href="http://www.hmrc.gov.uk/schemas/ct/dpl/2013-10-01/dpl-core/2013-10-01/dpl-2013-10-01.xsd#hypercubeDetailedProfitAndLoss" roleURI="http://www.govtalk.gov.uk/uk/fr/tax/dpl-core/2013-10-01/role/Hypercube-DetailedProfitAndLoss" xlink:type="simple"/>
    <link:roleRef xlink:href="https://xbrl.frc.org.uk/fr/2014-09-01/core/frc-core-2014-09-01.xsd#Dimension-RestatementsAndFirstTimeAdoption" roleURI="http://xbrl.frc.org.uk/fr/core/roles/Dimension-RestatementsAndFirstTimeAdoption" xlink:type="simple"/>
    <link:definitionLink xlink:role="http://www.govtalk.gov.uk/uk/fr/tax/dpl-core/2013-10-01/role/Hypercube-DetailedProfitAndLoss" xlink:type="extended">
        <link:loc xlink:href="dpl-frc-2015-02-14.xsd#dpl-frc_CharitableDonations" xlink:type="locator" xlink:label="dpl-frc_CharitableDonations"></link:loc>
        <link:loc xlink:href="dpl-frc-2015-02-14.xsd#dpl-frc_GainLossOnNegativeGoodwillbargainPurchasesReleasedToIncome" xlink:type="locator" xlink:label="dpl-frc_GainLossOnNegativeGoodwillbargainPurchasesReleasedToIncome"></link:loc>
        <link:loc xlink:href="dpl-frc-2015-02-14.xsd#dpl-frc_IncomeFromOtherInvestments" xlink:type="locator" xlink:label="dpl-frc_IncomeFromOtherInvestments"></link:loc>
        <link:loc xlink:href="dpl-frc-2015-02-14.xsd#dpl-frc_RedundancyCostsExcludingDirectors" xlink:type="locator" xlink:label="dpl-frc_RedundancyCostsExcludingDirectors"></link:loc>
        <link:loc xlink:href="dpl-frc-2015-02-14.xsd#dpl-frc_Sub-totalsNotIncludedElsewhereHeading" xlink:type="locator" xlink:label="dpl-frc_Sub-totalsNotIncludedElsewhereHeading"></link:loc>
        <link:loc xlink:href="http://www.hmrc.gov.uk/schemas/ct/dpl/2013-10-01/dpl-core/2013-10-01/dpl-2013-10-01.xsd#dpl_AdvertisingPromotionsMarketingCosts" xlink:type="locator" xlink:label="dpl_AdvertisingPromotionsMarketingCosts"></link:loc>
        <link:loc xlink:href="http://www.hmrc.gov.uk/schemas/ct/dpl/2013-10-01/dpl-core/2013-10-01/dpl-2013-10-01.xsd#dpl_AuditAccountancyAuditCosts" xlink:type="locator" xlink:label="dpl_AuditAccountancyAuditCosts"></link:loc>
        <link:loc xlink:href="http://www.hmrc.gov.uk/schemas/ct/dpl/2013-10-01/dpl-core/2013-10-01/dpl-2013-10-01.xsd#dpl_AuditAccountancyCosts" xlink:type="locator" xlink:label="dpl_AuditAccountancyCosts"></link:loc>
        <link:loc xlink:href="http://www.hmrc.gov.uk/schemas/ct/dpl/2013-10-01/dpl-core/2013-10-01/dpl-2013-10-01.xsd#dpl_AuditAccountancyOtherServices" xlink:type="locator" xlink:label="dpl_AuditAccountancyOtherServices"></link:loc>
        <link:loc xlink:href="http://www.hmrc.gov.uk/schemas/ct/dpl/2013-10-01/dpl-core/2013-10-01/dpl-2013-10-01.xsd#dpl_AuditAccountancyTaxServices" xlink:type="locator" xlink:label="dpl_AuditAccountancyTaxServices"></link:loc>
        <link:loc xlink:href="http://www.hmrc.gov.uk/schemas/ct/dpl/2013-10-01/dpl-core/2013-10-01/dpl-2013-10-01.xsd#dpl_BadDebtsImpairmentLosses" xlink:type="locator" xlink:label="dpl_BadDebtsImpairmentLosses"></link:loc>
        <link:loc xlink:href="http://www.hmrc.gov.uk/schemas/ct/dpl/2013-10-01/dpl-core/2013-10-01/dpl-2013-10-01.xsd#dpl_BankCharges" xlink:type="locator" xlink:label="dpl_BankCharges"></link:loc>
        <link:loc xlink:href="http://www.hmrc.gov.uk/schemas/ct/dpl/2013-10-01/dpl-core/2013-10-01/dpl-2013-10-01.xsd#dpl_BankInterestSimilarIncomeReceivable" xlink:type="locator" xlink:label="dpl_BankInterestSimilarIncomeReceivable"></link:loc>
        <link:loc xlink:href="http://www.hmrc.gov.uk/schemas/ct/dpl/2013-10-01/dpl-core/2013-10-01/dpl-2013-10-01.xsd#dpl_Bonuses" xlink:type="locator" xlink:label="dpl_Bonuses"></link:loc>
        <link:loc xlink:href="http://www.hmrc.gov.uk/schemas/ct/dpl/2013-10-01/dpl-core/2013-10-01/dpl-2013-10-01.xsd#dpl_BonusesExcludingDirectors" xlink:type="locator" xlink:label="dpl_BonusesExcludingDirectors"></link:loc>
        <link:loc xlink:href="http://www.hmrc.gov.uk/schemas/ct/dpl/2013-10-01/dpl-core/2013-10-01/dpl-2013-10-01.xsd#dpl_CleaningCosts" xlink:type="locator" xlink:label="dpl_CleaningCosts"></link:loc>
        <link:loc xlink:href="http://www.hmrc.gov.uk/schemas/ct/dpl/2013-10-01/dpl-core/2013-10-01/dpl-2013-10-01.xsd#dpl_ClientEntertainingCosts" xlink:type="locator" xlink:label="dpl_ClientEntertainingCosts"></link:loc>
        <link:loc xlink:href="http://www.hmrc.gov.uk/schemas/ct/dpl/2013-10-01/dpl-core/2013-10-01/dpl-2013-10-01.xsd#dpl_ConsultancyCosts" xlink:type="locator" xlink:label="dpl_ConsultancyCosts"></link:loc>
        <link:loc xlink:href="http://www.hmrc.gov.uk/schemas/ct/dpl/2013-10-01/dpl-core/2013-10-01/dpl-2013-10-01.xsd#dpl_DepreciationAmortisationImpairmentCostsHeading" xlink:type="locator" xlink:label="dpl_DepreciationAmortisationImpairmentCostsHeading"></link:loc>
        <link:loc xlink:href="http://www.hmrc.gov.uk/schemas/ct/dpl/2013-10-01/dpl-core/2013-10-01/dpl-2013-10-01.xsd#dpl_DepreciationExpenseTransferredToBalanceSheet" xlink:type="locator" xlink:label="dpl_DepreciationExpenseTransferredToBalanceSheet"></link:loc>
        <link:loc xlink:href="http://www.hmrc.gov.uk/schemas/ct/dpl/2013-10-01/dpl-core/2013-10-01/dpl-2013-10-01.xsd#dpl_DescriptionActivity" xlink:type="locator" xlink:label="dpl_DescriptionActivity"></link:loc>
        <link:loc xlink:href="http://www.hmrc.gov.uk/schemas/ct/dpl/2013-10-01/dpl-core/2013-10-01/dpl-2013-10-01.xsd#dpl_DescriptionSpecificActivity-ForUseWithGenericActivityDimensionTagsHeading" xlink:type="locator" xlink:label="dpl_DescriptionSpecificActivity-ForUseWithGenericActivityDimensionTagsHeading"></link:loc>
        <link:loc xlink:href="http://www.hmrc.gov.uk/schemas/ct/dpl/2013-10-01/dpl-core/2013-10-01/dpl-2013-10-01.xsd#dpl_DetailedProfitLossFree-textComment" xlink:type="locator" xlink:label="dpl_DetailedProfitLossFree-textComment"></link:loc>
        <link:loc xlink:href="http://www.hmrc.gov.uk/schemas/ct/dpl/2013-10-01/dpl-core/2013-10-01/dpl-2013-10-01.xsd#dpl_DetailedProfitLossHypercube" xlink:type="locator" xlink:label="dpl_DetailedProfitLossHypercube"></link:loc>
        <link:loc xlink:href="http://www.hmrc.gov.uk/schemas/ct/dpl/2013-10-01/dpl-core/2013-10-01/dpl-2013-10-01.xsd#dpl_EnvironmentalCosts" xlink:type="locator" xlink:label="dpl_EnvironmentalCosts"></link:loc>
        <link:loc xlink:href="http://www.hmrc.gov.uk/schemas/ct/dpl/2013-10-01/dpl-core/2013-10-01/dpl-2013-10-01.xsd#dpl_ExternalCommissionCosts" xlink:type="locator" xlink:label="dpl_ExternalCommissionCosts"></link:loc>
        <link:loc xlink:href="http://www.hmrc.gov.uk/schemas/ct/dpl/2013-10-01/dpl-core/2013-10-01/dpl-2013-10-01.xsd#dpl_Finance-relatedCostsNetItemsHeading" xlink:type="locator" xlink:label="dpl_Finance-relatedCostsNetItemsHeading"></link:loc>
        <link:loc xlink:href="http://www.hmrc.gov.uk/schemas/ct/dpl/2013-10-01/dpl-core/2013-10-01/dpl-2013-10-01.xsd#dpl_FinanceIncomeNetItemsHeading" xlink:type="locator" xlink:label="dpl_FinanceIncomeNetItemsHeading"></link:loc>
        <link:loc xlink:href="http://www.hmrc.gov.uk/schemas/ct/dpl/2013-10-01/dpl-core/2013-10-01/dpl-2013-10-01.xsd#dpl_FinancialInstrumentFairValueGain" xlink:type="locator" xlink:label="dpl_FinancialInstrumentFairValueGain"></link:loc>
        <link:loc xlink:href="http://www.hmrc.gov.uk/schemas/ct/dpl/2013-10-01/dpl-core/2013-10-01/dpl-2013-10-01.xsd#dpl_FinancialInstrumentFairValueLoss" xlink:type="locator" xlink:label="dpl_FinancialInstrumentFairValueLoss"></link:loc>
        <link:loc xlink:href="http://www.hmrc.gov.uk/schemas/ct/dpl/2013-10-01/dpl-core/2013-10-01/dpl-2013-10-01.xsd#dpl_FinesPenalties" xlink:type="locator" xlink:label="dpl_FinesPenalties"></link:loc>
        <link:loc xlink:href="http://www.hmrc.gov.uk/schemas/ct/dpl/2013-10-01/dpl-core/2013-10-01/dpl-2013-10-01.xsd#dpl_ForForeignExchangeCostClassifiedAsNon-operatingSeeNetItemUnderNon-operatingIncomeCross-reference" xlink:type="locator" xlink:label="dpl_ForForeignExchangeCostClassifiedAsNon-operatingSeeNetItemUnderNon-operatingIncomeCross-reference"></link:loc>
        <link:loc xlink:href="http://www.hmrc.gov.uk/schemas/ct/dpl/2013-10-01/dpl-core/2013-10-01/dpl-2013-10-01.xsd#dpl_ForForeignExchangeCostClassifiedAsOperatingSeeNetItemUnderOtherOperatingIncomeCross-reference" xlink:type="locator" xlink:label="dpl_ForForeignExchangeCostClassifiedAsOperatingSeeNetItemUnderOtherOperatingIncomeCross-reference"></link:loc>
        <link:loc xlink:href="http://www.hmrc.gov.uk/schemas/ct/dpl/2013-10-01/dpl-core/2013-10-01/dpl-2013-10-01.xsd#dpl_ForForeignExchangeCostClassifiedUnderFinanceSeeNetItemUnderFinanceIncomeCross-reference" xlink:type="locator" xlink:label="dpl_ForForeignExchangeCostClassifiedUnderFinanceSeeNetItemUnderFinanceIncomeCross-reference"></link:loc>
        <link:loc xlink:href="http://www.hmrc.gov.uk/schemas/ct/dpl/2013-10-01/dpl-core/2013-10-01/dpl-2013-10-01.xsd#dpl_ForOtherForeignExchangeCostSeeNetItemUnderOperationalAdministrationCostsCross-reference" xlink:type="locator" xlink:label="dpl_ForOtherForeignExchangeCostSeeNetItemUnderOperationalAdministrationCostsCross-reference"></link:loc>
        <link:loc xlink:href="http://www.hmrc.gov.uk/schemas/ct/dpl/2013-10-01/dpl-core/2013-10-01/dpl-2013-10-01.xsd#dpl_ForeignExchangeGainLossIncludedInFinancialIncome" xlink:type="locator" xlink:label="dpl_ForeignExchangeGainLossIncludedInFinancialIncome"></link:loc>
        <link:loc xlink:href="http://www.hmrc.gov.uk/schemas/ct/dpl/2013-10-01/dpl-core/2013-10-01/dpl-2013-10-01.xsd#dpl_ForeignExchangeGainLossIncludedInNon-operatingIncome" xlink:type="locator" xlink:label="dpl_ForeignExchangeGainLossIncludedInNon-operatingIncome"></link:loc>
        <link:loc xlink:href="http://www.hmrc.gov.uk/schemas/ct/dpl/2013-10-01/dpl-core/2013-10-01/dpl-2013-10-01.xsd#dpl_ForeignExchangeGainLossIncludedInOtherOperatingIncome" xlink:type="locator" xlink:label="dpl_ForeignExchangeGainLossIncludedInOtherOperatingIncome"></link:loc>
        <link:loc xlink:href="http://www.hmrc.gov.uk/schemas/ct/dpl/2013-10-01/dpl-core/2013-10-01/dpl-2013-10-01.xsd#dpl_FreightHaulageCosts" xlink:type="locator" xlink:label="dpl_FreightHaulageCosts"></link:loc>
        <link:loc xlink:href="http://www.hmrc.gov.uk/schemas/ct/dpl/2013-10-01/dpl-core/2013-10-01/dpl-2013-10-01.xsd#dpl_GeneralServicesExpensesHeading" xlink:type="locator" xlink:label="dpl_GeneralServicesExpensesHeading"></link:loc>
        <link:loc xlink:href="http://www.hmrc.gov.uk/schemas/ct/dpl/2013-10-01/dpl-core/2013-10-01/dpl-2013-10-01.xsd#dpl_HealthSafetyCosts" xlink:type="locator" xlink:label="dpl_HealthSafetyCosts"></link:loc>
        <link:loc xlink:href="http://www.hmrc.gov.uk/schemas/ct/dpl/2013-10-01/dpl-core/2013-10-01/dpl-2013-10-01.xsd#dpl_Hyper-inflationGainsLosses" xlink:type="locator" xlink:label="dpl_Hyper-inflationGainsLosses"></link:loc>
        <link:loc xlink:href="http://www.hmrc.gov.uk/schemas/ct/dpl/2013-10-01/dpl-core/2013-10-01/dpl-2013-10-01.xsd#dpl_ITComputingCosts" xlink:type="locator" xlink:label="dpl_ITComputingCosts"></link:loc>
        <link:loc xlink:href="http://www.hmrc.gov.uk/schemas/ct/dpl/2013-10-01/dpl-core/2013-10-01/dpl-2013-10-01.xsd#dpl_IncomeFromShares" xlink:type="locator" xlink:label="dpl_IncomeFromShares"></link:loc>
        <link:loc xlink:href="http://www.hmrc.gov.uk/schemas/ct/dpl/2013-10-01/dpl-core/2013-10-01/dpl-2013-10-01.xsd#dpl_Inter-companyManagementFees" xlink:type="locator" xlink:label="dpl_Inter-companyManagementFees"></link:loc>
        <link:loc xlink:href="http://www.hmrc.gov.uk/schemas/ct/dpl/2013-10-01/dpl-core/2013-10-01/dpl-2013-10-01.xsd#dpl_Inter-companyRecharges" xlink:type="locator" xlink:label="dpl_Inter-companyRecharges"></link:loc>
        <link:loc xlink:href="http://www.hmrc.gov.uk/schemas/ct/dpl/2013-10-01/dpl-core/2013-10-01/dpl-2013-10-01.xsd#dpl_IrrecoverableVAT" xlink:type="locator" xlink:label="dpl_IrrecoverableVAT"></link:loc>
        <link:loc xlink:href="http://www.hmrc.gov.uk/schemas/ct/dpl/2013-10-01/dpl-core/2013-10-01/dpl-2013-10-01.xsd#dpl_ItemsInheritingDetailedProfitLossDimensions" xlink:type="locator" xlink:label="dpl_ItemsInheritingDetailedProfitLossDimensions"></link:loc>
        <link:loc xlink:href="http://www.hmrc.gov.uk/schemas/ct/dpl/2013-10-01/dpl-core/2013-10-01/dpl-2013-10-01.xsd#dpl_LegalProfessionalCosts" xlink:type="locator" xlink:label="dpl_LegalProfessionalCosts"></link:loc>
        <link:loc xlink:href="http://www.hmrc.gov.uk/schemas/ct/dpl/2013-10-01/dpl-core/2013-10-01/dpl-2013-10-01.xsd#dpl_LoansWrittenOffOrDown" xlink:type="locator" xlink:label="dpl_LoansWrittenOffOrDown"></link:loc>
        <link:loc xlink:href="http://www.hmrc.gov.uk/schemas/ct/dpl/2013-10-01/dpl-core/2013-10-01/dpl-2013-10-01.xsd#dpl_MarketingClientRelatedCostsHeading" xlink:type="locator" xlink:label="dpl_MarketingClientRelatedCostsHeading"></link:loc>
        <link:loc xlink:href="http://www.hmrc.gov.uk/schemas/ct/dpl/2013-10-01/dpl-core/2013-10-01/dpl-2013-10-01.xsd#dpl_Non-bankInterestSimilarCharges" xlink:type="locator" xlink:label="dpl_Non-bankInterestSimilarCharges"></link:loc>
        <link:loc xlink:href="http://www.hmrc.gov.uk/schemas/ct/dpl/2013-10-01/dpl-core/2013-10-01/dpl-2013-10-01.xsd#dpl_Non-bankInterestSimilarIncomeReceivable" xlink:type="locator" xlink:label="dpl_Non-bankInterestSimilarIncomeReceivable"></link:loc>
        <link:loc xlink:href="http://www.hmrc.gov.uk/schemas/ct/dpl/2013-10-01/dpl-core/2013-10-01/dpl-2013-10-01.xsd#dpl_Non-operatingIncomeNetItemsHeading" xlink:type="locator" xlink:label="dpl_Non-operatingIncomeNetItemsHeading"></link:loc>
        <link:loc xlink:href="http://www.hmrc.gov.uk/schemas/ct/dpl/2013-10-01/dpl-core/2013-10-01/dpl-2013-10-01.xsd#dpl_OperationalAdministrationCostsHeading" xlink:type="locator" xlink:label="dpl_OperationalAdministrationCostsHeading"></link:loc>
        <link:loc xlink:href="http://www.hmrc.gov.uk/schemas/ct/dpl/2013-10-01/dpl-core/2013-10-01/dpl-2013-10-01.xsd#dpl_OtherCosts" xlink:type="locator" xlink:label="dpl_OtherCosts"></link:loc>
        <link:loc xlink:href="http://www.hmrc.gov.uk/schemas/ct/dpl/2013-10-01/dpl-core/2013-10-01/dpl-2013-10-01.xsd#dpl_OtherEmploymentCosts" xlink:type="locator" xlink:label="dpl_OtherEmploymentCosts"></link:loc>
        <link:loc xlink:href="http://www.hmrc.gov.uk/schemas/ct/dpl/2013-10-01/dpl-core/2013-10-01/dpl-2013-10-01.xsd#dpl_OtherEntertainingCosts" xlink:type="locator" xlink:label="dpl_OtherEntertainingCosts"></link:loc>
        <link:loc xlink:href="http://www.hmrc.gov.uk/schemas/ct/dpl/2013-10-01/dpl-core/2013-10-01/dpl-2013-10-01.xsd#dpl_OtherExpensesTransferredToBalanceSheet" xlink:type="locator" xlink:label="dpl_OtherExpensesTransferredToBalanceSheet"></link:loc>
        <link:loc xlink:href="http://www.hmrc.gov.uk/schemas/ct/dpl/2013-10-01/dpl-core/2013-10-01/dpl-2013-10-01.xsd#dpl_OtherForeignExchangeLossGain" xlink:type="locator" xlink:label="dpl_OtherForeignExchangeLossGain"></link:loc>
        <link:loc xlink:href="http://www.hmrc.gov.uk/schemas/ct/dpl/2013-10-01/dpl-core/2013-10-01/dpl-2013-10-01.xsd#dpl_OtherItemsHeading" xlink:type="locator" xlink:label="dpl_OtherItemsHeading"></link:loc>
        <link:loc xlink:href="http://www.hmrc.gov.uk/schemas/ct/dpl/2013-10-01/dpl-core/2013-10-01/dpl-2013-10-01.xsd#dpl_OtherOperatingIncomeExcludingForeignExchangeGainOrLoss" xlink:type="locator" xlink:label="dpl_OtherOperatingIncomeExcludingForeignExchangeGainOrLoss"></link:loc>
        <link:loc xlink:href="http://www.hmrc.gov.uk/schemas/ct/dpl/2013-10-01/dpl-core/2013-10-01/dpl-2013-10-01.xsd#dpl_OtherOperatingIncomeNetItemsHeading" xlink:type="locator" xlink:label="dpl_OtherOperatingIncomeNetItemsHeading"></link:loc>
        <link:loc xlink:href="http://www.hmrc.gov.uk/schemas/ct/dpl/2013-10-01/dpl-core/2013-10-01/dpl-2013-10-01.xsd#dpl_OtherOperationalAdministrationCosts" xlink:type="locator" xlink:label="dpl_OtherOperationalAdministrationCosts"></link:loc>
        <link:loc xlink:href="http://www.hmrc.gov.uk/schemas/ct/dpl/2013-10-01/dpl-core/2013-10-01/dpl-2013-10-01.xsd#dpl_OtherStaffCosts" xlink:type="locator" xlink:label="dpl_OtherStaffCosts"></link:loc>
        <link:loc xlink:href="http://www.hmrc.gov.uk/schemas/ct/dpl/2013-10-01/dpl-core/2013-10-01/dpl-2013-10-01.xsd#dpl_OtherStaffCostsDirectors" xlink:type="locator" xlink:label="dpl_OtherStaffCostsDirectors"></link:loc>
        <link:loc xlink:href="http://www.hmrc.gov.uk/schemas/ct/dpl/2013-10-01/dpl-core/2013-10-01/dpl-2013-10-01.xsd#dpl_OtherStaffCostsExcludingDirectors" xlink:type="locator" xlink:label="dpl_OtherStaffCostsExcludingDirectors"></link:loc>
        <link:loc xlink:href="http://www.hmrc.gov.uk/schemas/ct/dpl/2013-10-01/dpl-core/2013-10-01/dpl-2013-10-01.xsd#dpl_OutsourcedServicesCosts" xlink:type="locator" xlink:label="dpl_OutsourcedServicesCosts"></link:loc>
        <link:loc xlink:href="http://www.hmrc.gov.uk/schemas/ct/dpl/2013-10-01/dpl-core/2013-10-01/dpl-2013-10-01.xsd#dpl_PensionsCostsDefinedBenefitSchemesExcludingDirectors" xlink:type="locator" xlink:label="dpl_PensionsCostsDefinedBenefitSchemesExcludingDirectors"></link:loc>
        <link:loc xlink:href="http://www.hmrc.gov.uk/schemas/ct/dpl/2013-10-01/dpl-core/2013-10-01/dpl-2013-10-01.xsd#dpl_PensionsCostsDefinedContributionSchemesExcludingDirectors" xlink:type="locator" xlink:label="dpl_PensionsCostsDefinedContributionSchemesExcludingDirectors"></link:loc>
        <link:loc xlink:href="http://www.hmrc.gov.uk/schemas/ct/dpl/2013-10-01/dpl-core/2013-10-01/dpl-2013-10-01.xsd#dpl_PrintingPostageStationeryCosts" xlink:type="locator" xlink:label="dpl_PrintingPostageStationeryCosts"></link:loc>
        <link:loc xlink:href="http://www.hmrc.gov.uk/schemas/ct/dpl/2013-10-01/dpl-core/2013-10-01/dpl-2013-10-01.xsd#dpl_ProfitTaxTotalsHeadingCopy" xlink:type="locator" xlink:label="dpl_ProfitTaxTotalsHeadingCopy"></link:loc>
        <link:loc xlink:href="http://www.hmrc.gov.uk/schemas/ct/dpl/2013-10-01/dpl-core/2013-10-01/dpl-2013-10-01.xsd#dpl_PropertyPlantRelatedCostsHeading" xlink:type="locator" xlink:label="dpl_PropertyPlantRelatedCostsHeading"></link:loc>
        <link:loc xlink:href="http://www.hmrc.gov.uk/schemas/ct/dpl/2013-10-01/dpl-core/2013-10-01/dpl-2013-10-01.xsd#dpl_RecruitmentRemunerationServiceCosts" xlink:type="locator" xlink:label="dpl_RecruitmentRemunerationServiceCosts"></link:loc>
        <link:loc xlink:href="http://www.hmrc.gov.uk/schemas/ct/dpl/2013-10-01/dpl-core/2013-10-01/dpl-2013-10-01.xsd#dpl_RemunerationTrustExpenses" xlink:type="locator" xlink:label="dpl_RemunerationTrustExpenses"></link:loc>
        <link:loc xlink:href="http://www.hmrc.gov.uk/schemas/ct/dpl/2013-10-01/dpl-core/2013-10-01/dpl-2013-10-01.xsd#dpl_RemunerationTrustExpensesDirectors" xlink:type="locator" xlink:label="dpl_RemunerationTrustExpensesDirectors"></link:loc>
        <link:loc xlink:href="http://www.hmrc.gov.uk/schemas/ct/dpl/2013-10-01/dpl-core/2013-10-01/dpl-2013-10-01.xsd#dpl_RemunerationTrustExpensesExcludingDirectors" xlink:type="locator" xlink:label="dpl_RemunerationTrustExpensesExcludingDirectors"></link:loc>
        <link:loc xlink:href="http://www.hmrc.gov.uk/schemas/ct/dpl/2013-10-01/dpl-core/2013-10-01/dpl-2013-10-01.xsd#dpl_RentRatesServicesCosts" xlink:type="locator" xlink:label="dpl_RentRatesServicesCosts"></link:loc>
        <link:loc xlink:href="http://www.hmrc.gov.uk/schemas/ct/dpl/2013-10-01/dpl-core/2013-10-01/dpl-2013-10-01.xsd#dpl_ResidualFinanceCosts" xlink:type="locator" xlink:label="dpl_ResidualFinanceCosts"></link:loc>
        <link:loc xlink:href="http://www.hmrc.gov.uk/schemas/ct/dpl/2013-10-01/dpl-core/2013-10-01/dpl-2013-10-01.xsd#dpl_ResidualFinanceIncome" xlink:type="locator" xlink:label="dpl_ResidualFinanceIncome"></link:loc>
        <link:loc xlink:href="http://www.hmrc.gov.uk/schemas/ct/dpl/2013-10-01/dpl-core/2013-10-01/dpl-2013-10-01.xsd#dpl_SecurityCosts" xlink:type="locator" xlink:label="dpl_SecurityCosts"></link:loc>
        <link:loc xlink:href="http://www.hmrc.gov.uk/schemas/ct/dpl/2013-10-01/dpl-core/2013-10-01/dpl-2013-10-01.xsd#dpl_Share-basedPaymentsDirectors" xlink:type="locator" xlink:label="dpl_Share-basedPaymentsDirectors"></link:loc>
        <link:loc xlink:href="http://www.hmrc.gov.uk/schemas/ct/dpl/2013-10-01/dpl-core/2013-10-01/dpl-2013-10-01.xsd#dpl_Share-basedPaymentsExcludingDirectors" xlink:type="locator" xlink:label="dpl_Share-basedPaymentsExcludingDirectors"></link:loc>
        <link:loc xlink:href="http://www.hmrc.gov.uk/schemas/ct/dpl/2013-10-01/dpl-core/2013-10-01/dpl-2013-10-01.xsd#dpl_SocialSecurityCostsDirectors" xlink:type="locator" xlink:label="dpl_SocialSecurityCostsDirectors"></link:loc>
        <link:loc xlink:href="http://www.hmrc.gov.uk/schemas/ct/dpl/2013-10-01/dpl-core/2013-10-01/dpl-2013-10-01.xsd#dpl_SocialSecurityCostsExcludingDirectors" xlink:type="locator" xlink:label="dpl_SocialSecurityCostsExcludingDirectors"></link:loc>
        <link:loc xlink:href="http://www.hmrc.gov.uk/schemas/ct/dpl/2013-10-01/dpl-core/2013-10-01/dpl-2013-10-01.xsd#dpl_StaffCostsDirectors" xlink:type="locator" xlink:label="dpl_StaffCostsDirectors"></link:loc>
        <link:loc xlink:href="http://www.hmrc.gov.uk/schemas/ct/dpl/2013-10-01/dpl-core/2013-10-01/dpl-2013-10-01.xsd#dpl_StaffCostsExcludingDirectors" xlink:type="locator" xlink:label="dpl_StaffCostsExcludingDirectors"></link:loc>
        <link:loc xlink:href="http://www.hmrc.gov.uk/schemas/ct/dpl/2013-10-01/dpl-core/2013-10-01/dpl-2013-10-01.xsd#dpl_StaffEmploymentRelatedCostsHeading" xlink:type="locator" xlink:label="dpl_StaffEmploymentRelatedCostsHeading"></link:loc>
        <link:loc xlink:href="http://www.hmrc.gov.uk/schemas/ct/dpl/2013-10-01/dpl-core/2013-10-01/dpl-2013-10-01.xsd#dpl_StaffEntertainingCosts" xlink:type="locator" xlink:label="dpl_StaffEntertainingCosts"></link:loc>
        <link:loc xlink:href="http://www.hmrc.gov.uk/schemas/ct/dpl/2013-10-01/dpl-core/2013-10-01/dpl-2013-10-01.xsd#dpl_StocksInventoriesHeading" xlink:type="locator" xlink:label="dpl_StocksInventoriesHeading"></link:loc>
        <link:loc xlink:href="http://www.hmrc.gov.uk/schemas/ct/dpl/2013-10-01/dpl-core/2013-10-01/dpl-2013-10-01.xsd#dpl_StocksInventoriesStartEndPeriodHeading" xlink:type="locator" xlink:label="dpl_StocksInventoriesStartEndPeriodHeading"></link:loc>
        <link:loc xlink:href="http://www.hmrc.gov.uk/schemas/ct/dpl/2013-10-01/dpl-core/2013-10-01/dpl-2013-10-01.xsd#dpl_SubcontractorCosts" xlink:type="locator" xlink:label="dpl_SubcontractorCosts"></link:loc>
        <link:loc xlink:href="http://www.hmrc.gov.uk/schemas/ct/dpl/2013-10-01/dpl-core/2013-10-01/dpl-2013-10-01.xsd#dpl_SubscriptionsCosts" xlink:type="locator" xlink:label="dpl_SubscriptionsCosts"></link:loc>
        <link:loc xlink:href="http://www.hmrc.gov.uk/schemas/ct/dpl/2013-10-01/dpl-core/2013-10-01/dpl-2013-10-01.xsd#dpl_TelecommunicationsCosts" xlink:type="locator" xlink:label="dpl_TelecommunicationsCosts"></link:loc>
        <link:loc xlink:href="http://www.hmrc.gov.uk/schemas/ct/dpl/2013-10-01/dpl-core/2013-10-01/dpl-2013-10-01.xsd#dpl_TotalCosts" xlink:type="locator" xlink:label="dpl_TotalCosts"></link:loc>
        <link:loc xlink:href="http://www.hmrc.gov.uk/schemas/ct/dpl/2013-10-01/dpl-core/2013-10-01/dpl-2013-10-01.xsd#dpl_TradingIncomeHeading" xlink:type="locator" xlink:label="dpl_TradingIncomeHeading"></link:loc>
        <link:loc xlink:href="http://www.hmrc.gov.uk/schemas/ct/dpl/2013-10-01/dpl-core/2013-10-01/dpl-2013-10-01.xsd#dpl_TrainingCosts" xlink:type="locator" xlink:label="dpl_TrainingCosts"></link:loc>
        <link:loc xlink:href="http://www.hmrc.gov.uk/schemas/ct/dpl/2013-10-01/dpl-core/2013-10-01/dpl-2013-10-01.xsd#dpl_TransportStorageRelatedCostsHeading" xlink:type="locator" xlink:label="dpl_TransportStorageRelatedCostsHeading"></link:loc>
        <link:loc xlink:href="http://www.hmrc.gov.uk/schemas/ct/dpl/2013-10-01/dpl-core/2013-10-01/dpl-2013-10-01.xsd#dpl_TravelSubsistenceCosts" xlink:type="locator" xlink:label="dpl_TravelSubsistenceCosts"></link:loc>
        <link:loc xlink:href="http://www.hmrc.gov.uk/schemas/ct/dpl/2013-10-01/dpl-core/2013-10-01/dpl-2013-10-01.xsd#dpl_VehicleCosts" xlink:type="locator" xlink:label="dpl_VehicleCosts"></link:loc>
        <link:loc xlink:href="http://www.hmrc.gov.uk/schemas/ct/dpl/2013-10-01/dpl-core/2013-10-01/dpl-2013-10-01.xsd#dpl_WagesSalariesExcludingDirectors" xlink:type="locator" xlink:label="dpl_WagesSalariesExcludingDirectors"></link:loc>
        <link:loc xlink:href="http://www.hmrc.gov.uk/schemas/ct/dpl/2013-10-01/dpl-core/2013-10-01/dpl-2013-10-01.xsd#dpl_WarehouseStorageCosts" xlink:type="locator" xlink:label="dpl_WarehouseStorageCosts"></link:loc>
        <link:loc xlink:href="https://xbrl.frc.org.uk/cd/2014-09-01/business/bus-2014-09-01.xsd#bus_DescriptionPrincipalActivities" xlink:type="locator" xlink:label="bus_DescriptionPrincipalActivities"></link:loc>
        <link:loc xlink:href="https://xbrl.frc.org.uk/fr/2014-09-01/core/frc-core-2014-09-01.xsd#core_AmortisationExpenseIntangibleAssets" xlink:type="locator" xlink:label="core_AmortisationExpenseIntangibleAssets"></link:loc>
        <link:loc xlink:href="https://xbrl.frc.org.uk/fr/2014-09-01/core/frc-core-2014-09-01.xsd#core_ContinuingDiscontinuedOperationsDimension" xlink:type="locator" xlink:label="core_ContinuingDiscontinuedOperationsDimension"></link:loc>
        <link:loc xlink:href="https://xbrl.frc.org.uk/fr/2014-09-01/core/frc-core-2014-09-01.xsd#core_DepreciationAmortisationExpense" xlink:type="locator" xlink:label="core_DepreciationAmortisationExpense"></link:loc>
        <link:loc xlink:href="https://xbrl.frc.org.uk/fr/2014-09-01/core/frc-core-2014-09-01.xsd#core_DepreciationExpensePropertyPlantEquipment" xlink:type="locator" xlink:label="core_DepreciationExpensePropertyPlantEquipment"></link:loc>
        <link:loc xlink:href="https://xbrl.frc.org.uk/fr/2014-09-01/core/frc-core-2014-09-01.xsd#core_FinishedGoods" xlink:type="locator" xlink:label="core_FinishedGoods"></link:loc>
        <link:loc xlink:href="https://xbrl.frc.org.uk/fr/2014-09-01/core/frc-core-2014-09-01.xsd#core_GainLossAfterTaxOnSaleDiscontinuedOperations" xlink:type="locator" xlink:label="core_GainLossAfterTaxOnSaleDiscontinuedOperations"></link:loc>
        <link:loc xlink:href="https://xbrl.frc.org.uk/fr/2014-09-01/core/frc-core-2014-09-01.xsd#core_GainLossFromChangesInProvisions" xlink:type="locator" xlink:label="core_GainLossFromChangesInProvisions"></link:loc>
        <link:loc xlink:href="https://xbrl.frc.org.uk/fr/2014-09-01/core/frc-core-2014-09-01.xsd#core_GainLossFromFairValueAdjustmentBiologicalAssetsFairValueModel" xlink:type="locator" xlink:label="core_GainLossFromFairValueAdjustmentBiologicalAssetsFairValueModel"></link:loc>
        <link:loc xlink:href="https://xbrl.frc.org.uk/fr/2014-09-01/core/frc-core-2014-09-01.xsd#core_GainLossFromFairValueAdjustmentInvestmentPropertyRecognisedInProfitOrLoss" xlink:type="locator" xlink:label="core_GainLossFromFairValueAdjustmentInvestmentPropertyRecognisedInProfitOrLoss"></link:loc>
        <link:loc xlink:href="https://xbrl.frc.org.uk/fr/2014-09-01/core/frc-core-2014-09-01.xsd#core_GainLossOnDisposalsIntangibleAssets" xlink:type="locator" xlink:label="core_GainLossOnDisposalsIntangibleAssets"></link:loc>
        <link:loc xlink:href="https://xbrl.frc.org.uk/fr/2014-09-01/core/frc-core-2014-09-01.xsd#core_GainLossOnDisposalsPropertyPlantEquipment" xlink:type="locator" xlink:label="core_GainLossOnDisposalsPropertyPlantEquipment"></link:loc>
        <link:loc xlink:href="https://xbrl.frc.org.uk/fr/2014-09-01/core/frc-core-2014-09-01.xsd#core_GovernmentGrantIncome" xlink:type="locator" xlink:label="core_GovernmentGrantIncome"></link:loc>
        <link:loc xlink:href="https://xbrl.frc.org.uk/fr/2014-09-01/core/frc-core-2014-09-01.xsd#core_GrossProfitLoss" xlink:type="locator" xlink:label="core_GrossProfitLoss"></link:loc>
        <link:loc xlink:href="https://xbrl.frc.org.uk/fr/2014-09-01/core/frc-core-2014-09-01.xsd#core_ImpairmentLossReversalIntangibleAssets" xlink:type="locator" xlink:label="core_ImpairmentLossReversalIntangibleAssets"></link:loc>
        <link:loc xlink:href="https://xbrl.frc.org.uk/fr/2014-09-01/core/frc-core-2014-09-01.xsd#core_ImpairmentLossReversalInvestmentInSubsidiariesAssociatesJointVentures" xlink:type="locator" xlink:label="core_ImpairmentLossReversalInvestmentInSubsidiariesAssociatesJointVentures"></link:loc>
        <link:loc xlink:href="https://xbrl.frc.org.uk/fr/2014-09-01/core/frc-core-2014-09-01.xsd#core_ImpairmentLossReversalOnInvestments" xlink:type="locator" xlink:label="core_ImpairmentLossReversalOnInvestments"></link:loc>
        <link:loc xlink:href="https://xbrl.frc.org.uk/fr/2014-09-01/core/frc-core-2014-09-01.xsd#core_ImpairmentLossReversalPropertyPlantEquipment" xlink:type="locator" xlink:label="core_ImpairmentLossReversalPropertyPlantEquipment"></link:loc>
        <link:loc xlink:href="https://xbrl.frc.org.uk/fr/2014-09-01/core/frc-core-2014-09-01.xsd#core_IncomeTaxExpenseCredit" xlink:type="locator" xlink:label="core_IncomeTaxExpenseCredit"></link:loc>
        <link:loc xlink:href="https://xbrl.frc.org.uk/fr/2014-09-01/core/frc-core-2014-09-01.xsd#core_IncreaseDecreaseInStocksInventoriesFinishedGoodsWorkInProgress" xlink:type="locator" xlink:label="core_IncreaseDecreaseInStocksInventoriesFinishedGoodsWorkInProgress"></link:loc>
        <link:loc xlink:href="https://xbrl.frc.org.uk/fr/2014-09-01/core/frc-core-2014-09-01.xsd#core_IncreaseInAssetsDefinedBenefitPlanFromInterestIncome" xlink:type="locator" xlink:label="core_IncreaseInAssetsDefinedBenefitPlanFromInterestIncome"></link:loc>
        <link:loc xlink:href="https://xbrl.frc.org.uk/fr/2014-09-01/core/frc-core-2014-09-01.xsd#core_IncreaseInAssetsDefinedBenefitPlanFromReturnOnAssetsNetInterestIncome" xlink:type="locator" xlink:label="core_IncreaseInAssetsDefinedBenefitPlanFromReturnOnAssetsNetInterestIncome"></link:loc>
        <link:loc xlink:href="https://xbrl.frc.org.uk/fr/2014-09-01/core/frc-core-2014-09-01.xsd#core_InsuranceCosts" xlink:type="locator" xlink:label="core_InsuranceCosts"></link:loc>
        <link:loc xlink:href="https://xbrl.frc.org.uk/fr/2014-09-01/core/frc-core-2014-09-01.xsd#core_InterestExpenseOnBankOverdraftsBankLoansSimilarBorrowings" xlink:type="locator" xlink:label="core_InterestExpenseOnBankOverdraftsBankLoansSimilarBorrowings"></link:loc>
        <link:loc xlink:href="https://xbrl.frc.org.uk/fr/2014-09-01/core/frc-core-2014-09-01.xsd#core_InterestExpenseOnObligationsUnderFinanceLeasesHirePurchaseContracts" xlink:type="locator" xlink:label="core_InterestExpenseOnObligationsUnderFinanceLeasesHirePurchaseContracts"></link:loc>
        <link:loc xlink:href="https://xbrl.frc.org.uk/fr/2014-09-01/core/frc-core-2014-09-01.xsd#core_InterestExpenseOnPreferenceSharesClassifiedAsDebt" xlink:type="locator" xlink:label="core_InterestExpenseOnPreferenceSharesClassifiedAsDebt"></link:loc>
        <link:loc xlink:href="https://xbrl.frc.org.uk/fr/2014-09-01/core/frc-core-2014-09-01.xsd#core_Merchandise" xlink:type="locator" xlink:label="core_Merchandise"></link:loc>
        <link:loc xlink:href="https://xbrl.frc.org.uk/fr/2014-09-01/core/frc-core-2014-09-01.xsd#core_Non-cashAssetsDeclaredForDistributionToOwnersAfterEndReportingPeriodFairValue" xlink:type="locator" xlink:label="core_Non-cashAssetsDeclaredForDistributionToOwnersAfterEndReportingPeriodFairValue"></link:loc>
        <link:loc xlink:href="https://xbrl.frc.org.uk/fr/2014-09-01/core/frc-core-2014-09-01.xsd#core_OperatingProfitLoss" xlink:type="locator" xlink:label="core_OperatingProfitLoss"></link:loc>
        <link:loc xlink:href="https://xbrl.frc.org.uk/fr/2014-09-01/core/frc-core-2014-09-01.xsd#core_OtherInventories" xlink:type="locator" xlink:label="core_OtherInventories"></link:loc>
        <link:loc xlink:href="https://xbrl.frc.org.uk/fr/2014-09-01/core/frc-core-2014-09-01.xsd#core_OtherNon-operatingNetGainLossBeforeTax" xlink:type="locator" xlink:label="core_OtherNon-operatingNetGainLossBeforeTax"></link:loc>
        <link:loc xlink:href="https://xbrl.frc.org.uk/fr/2014-09-01/core/frc-core-2014-09-01.xsd#core_OtherOperatingExpensesByFunction" xlink:type="locator" xlink:label="core_OtherOperatingExpensesByFunction"></link:loc>
        <link:loc xlink:href="https://xbrl.frc.org.uk/fr/2014-09-01/core/frc-core-2014-09-01.xsd#core_OtherOperatingExpensesByNature" xlink:type="locator" xlink:label="core_OtherOperatingExpensesByNature"></link:loc>
        <link:loc xlink:href="https://xbrl.frc.org.uk/fr/2014-09-01/core/frc-core-2014-09-01.xsd#core_OtherOperatingIncome" xlink:type="locator" xlink:label="core_OtherOperatingIncome"></link:loc>
        <link:loc xlink:href="https://xbrl.frc.org.uk/fr/2014-09-01/core/frc-core-2014-09-01.xsd#core_OtherRepairsMaintenanceExpense" xlink:type="locator" xlink:label="core_OtherRepairsMaintenanceExpense"></link:loc>
        <link:loc xlink:href="https://xbrl.frc.org.uk/fr/2014-09-01/core/frc-core-2014-09-01.xsd#core_OwnWorkCapitalised" xlink:type="locator" xlink:label="core_OwnWorkCapitalised"></link:loc>
        <link:loc xlink:href="https://xbrl.frc.org.uk/fr/2014-09-01/core/frc-core-2014-09-01.xsd#core_PensionCostsDefinedBenefitPlan" xlink:type="locator" xlink:label="core_PensionCostsDefinedBenefitPlan"></link:loc>
        <link:loc xlink:href="https://xbrl.frc.org.uk/fr/2014-09-01/core/frc-core-2014-09-01.xsd#core_PensionCostsDefinedContributionPlan" xlink:type="locator" xlink:label="core_PensionCostsDefinedContributionPlan"></link:loc>
        <link:loc xlink:href="https://xbrl.frc.org.uk/fr/2014-09-01/core/frc-core-2014-09-01.xsd#core_ProductionSupplies" xlink:type="locator" xlink:label="core_ProductionSupplies"></link:loc>
        <link:loc xlink:href="https://xbrl.frc.org.uk/fr/2014-09-01/core/frc-core-2014-09-01.xsd#core_ProfitLoss" xlink:type="locator" xlink:label="core_ProfitLoss"></link:loc>
        <link:loc xlink:href="https://xbrl.frc.org.uk/fr/2014-09-01/core/frc-core-2014-09-01.xsd#core_ProfitLossBeforeTax" xlink:type="locator" xlink:label="core_ProfitLossBeforeTax"></link:loc>
        <link:loc xlink:href="https://xbrl.frc.org.uk/fr/2014-09-01/core/frc-core-2014-09-01.xsd#core_RawMaterials" xlink:type="locator" xlink:label="core_RawMaterials"></link:loc>
        <link:loc xlink:href="https://xbrl.frc.org.uk/fr/2014-09-01/core/frc-core-2014-09-01.xsd#core_RawMaterialsConsumables" xlink:type="locator" xlink:label="core_RawMaterialsConsumables"></link:loc>
        <link:loc xlink:href="https://xbrl.frc.org.uk/fr/2014-09-01/core/frc-core-2014-09-01.xsd#core_RawMaterialsConsumablesUsed" xlink:type="locator" xlink:label="core_RawMaterialsConsumablesUsed"></link:loc>
        <link:loc xlink:href="https://xbrl.frc.org.uk/fr/2014-09-01/core/frc-core-2014-09-01.xsd#core_RedundancyCosts" xlink:type="locator" xlink:label="core_RedundancyCosts"></link:loc>
        <link:loc xlink:href="https://xbrl.frc.org.uk/fr/2014-09-01/core/frc-core-2014-09-01.xsd#core_RepairsMaintenanceExpenseProperty-related" xlink:type="locator" xlink:label="core_RepairsMaintenanceExpenseProperty-related"></link:loc>
        <link:loc xlink:href="https://xbrl.frc.org.uk/fr/2014-09-01/core/frc-core-2014-09-01.xsd#core_ResearchDevelopmentExpenseRecognisedInProfitOrLoss" xlink:type="locator" xlink:label="core_ResearchDevelopmentExpenseRecognisedInProfitOrLoss"></link:loc>
        <link:loc xlink:href="https://xbrl.frc.org.uk/fr/2014-09-01/core/frc-core-2014-09-01.xsd#core_RestatementsFirstTimeAdoptionDimension" xlink:type="locator" xlink:label="core_RestatementsFirstTimeAdoptionDimension"></link:loc>
        <link:loc xlink:href="https://xbrl.frc.org.uk/fr/2014-09-01/core/frc-core-2014-09-01.xsd#core_RestructuringCosts" xlink:type="locator" xlink:label="core_RestructuringCosts"></link:loc>
        <link:loc xlink:href="https://xbrl.frc.org.uk/fr/2014-09-01/core/frc-core-2014-09-01.xsd#core_RoyaltiesLicencesSimilarExpense" xlink:type="locator" xlink:label="core_RoyaltiesLicencesSimilarExpense"></link:loc>
        <link:loc xlink:href="https://xbrl.frc.org.uk/fr/2014-09-01/core/frc-core-2014-09-01.xsd#core_Share-basedPaymentExpenseCashSettled" xlink:type="locator" xlink:label="core_Share-basedPaymentExpenseCashSettled"></link:loc>
        <link:loc xlink:href="https://xbrl.frc.org.uk/fr/2014-09-01/core/frc-core-2014-09-01.xsd#core_Share-basedPaymentExpenseEquitySettled" xlink:type="locator" xlink:label="core_Share-basedPaymentExpenseEquitySettled"></link:loc>
        <link:loc xlink:href="https://xbrl.frc.org.uk/fr/2014-09-01/core/frc-core-2014-09-01.xsd#core_SocialSecurityCosts" xlink:type="locator" xlink:label="core_SocialSecurityCosts"></link:loc>
        <link:loc xlink:href="https://xbrl.frc.org.uk/fr/2014-09-01/core/frc-core-2014-09-01.xsd#core_StaffCostsEmployeeBenefitsExpense" xlink:type="locator" xlink:label="core_StaffCostsEmployeeBenefitsExpense"></link:loc>
        <link:loc xlink:href="https://xbrl.frc.org.uk/fr/2014-09-01/core/frc-core-2014-09-01.xsd#core_TotalInventories" xlink:type="locator" xlink:label="core_TotalInventories"></link:loc>
        <link:loc xlink:href="https://xbrl.frc.org.uk/fr/2014-09-01/core/frc-core-2014-09-01.xsd#core_TotalOperatingLeasePayments" xlink:type="locator" xlink:label="core_TotalOperatingLeasePayments"></link:loc>
        <link:loc xlink:href="https://xbrl.frc.org.uk/fr/2014-09-01/core/frc-core-2014-09-01.xsd#core_TurnoverRevenue" xlink:type="locator" xlink:label="core_TurnoverRevenue"></link:loc>
        <link:loc xlink:href="https://xbrl.frc.org.uk/fr/2014-09-01/core/frc-core-2014-09-01.xsd#core_UnwindingDiscountOnProvisionsExpense" xlink:type="locator" xlink:label="core_UnwindingDiscountOnProvisionsExpense"></link:loc>
        <link:loc xlink:href="https://xbrl.frc.org.uk/fr/2014-09-01/core/frc-core-2014-09-01.xsd#core_UtilitiesCosts" xlink:type="locator" xlink:label="core_UtilitiesCosts"></link:loc>
        <link:loc xlink:href="https://xbrl.frc.org.uk/fr/2014-09-01/core/frc-core-2014-09-01.xsd#core_WagesSalaries" xlink:type="locator" xlink:label="core_WagesSalaries"></link:loc>
        <link:loc xlink:href="https://xbrl.frc.org.uk/fr/2014-09-01/core/frc-core-2014-09-01.xsd#core_WorkInProgress" xlink:type="locator" xlink:label="core_WorkInProgress"></link:loc>
        <link:loc xlink:href="https://xbrl.frc.org.uk/reports/2014-09-01/direp/direp-2014-09-01.xsd#direp_BonusesDirectors" xlink:type="locator" xlink:label="direp_BonusesDirectors"></link:loc>
        <link:loc xlink:href="https://xbrl.frc.org.uk/reports/2014-09-01/direp/direp-2014-09-01.xsd#direp_CompanyContributionsToDefinedBenefitPlansDirectors" xlink:type="locator" xlink:label="direp_CompanyContributionsToDefinedBenefitPlansDirectors"></link:loc>
        <link:loc xlink:href="https://xbrl.frc.org.uk/reports/2014-09-01/direp/direp-2014-09-01.xsd#direp_CompanyContributionsToMoneyPurchasePlansDirectors" xlink:type="locator" xlink:label="direp_CompanyContributionsToMoneyPurchasePlansDirectors"></link:loc>
        <link:loc xlink:href="https://xbrl.frc.org.uk/reports/2014-09-01/direp/direp-2014-09-01.xsd#direp_CompensationForLossOfficeDirectors" xlink:type="locator" xlink:label="direp_CompensationForLossOfficeDirectors"></link:loc>
        <link:loc xlink:href="https://xbrl.frc.org.uk/reports/2014-09-01/direp/direp-2014-09-01.xsd#direp_PaymentsToThirdPartiesForDirectorServices" xlink:type="locator" xlink:label="direp_PaymentsToThirdPartiesForDirectorServices"></link:loc>
        <link:loc xlink:href="https://xbrl.frc.org.uk/reports/2014-09-01/direp/direp-2014-09-01.xsd#direp_PoliticalDonations" xlink:type="locator" xlink:label="direp_PoliticalDonations"></link:loc>
        <link:loc xlink:href="https://xbrl.frc.org.uk/reports/2014-09-01/direp/direp-2014-09-01.xsd#direp_SalariesFeesDirectors" xlink:type="locator" xlink:label="direp_SalariesFeesDirectors"></link:loc>
        <link:definitionArc order="1" xlink:arcrole="http://xbrl.org/int/dim/arcrole/domain-member" xlink:from="core_IncreaseDecreaseInStocksInventoriesFinishedGoodsWorkInProgress" xlink:to="core_RawMaterialsConsumablesUsed" xlink:type="arc"/>
        <link:definitionArc order="5" xlink:arcrole="http://xbrl.org/int/dim/arcrole/domain-member" xlink:from="core_StaffCostsEmployeeBenefitsExpense" xlink:to="core_PensionCostsDefinedBenefitPlan" xlink:type="arc"/>
        <link:definitionArc order="4" xlink:arcrole="http://xbrl.org/int/dim/arcrole/domain-member" xlink:from="core_StaffCostsEmployeeBenefitsExpense" xlink:to="core_PensionCostsDefinedContributionPlan" xlink:type="arc"/>
        <link:definitionArc order="6" xlink:arcrole="http://xbrl.org/int/dim/arcrole/domain-member" xlink:from="core_StaffCostsEmployeeBenefitsExpense" xlink:to="core_RedundancyCosts" xlink:type="arc"/>
        <link:definitionArc order="8" xlink:arcrole="http://xbrl.org/int/dim/arcrole/domain-member" xlink:from="core_StaffCostsEmployeeBenefitsExpense" xlink:to="core_Share-basedPaymentExpenseCashSettled" xlink:type="arc"/>
        <link:definitionArc order="7" xlink:arcrole="http://xbrl.org/int/dim/arcrole/domain-member" xlink:from="core_StaffCostsEmployeeBenefitsExpense" xlink:to="core_Share-basedPaymentExpenseEquitySettled" xlink:type="arc"/>
        <link:definitionArc order="3" xlink:arcrole="http://xbrl.org/int/dim/arcrole/domain-member" xlink:from="core_StaffCostsEmployeeBenefitsExpense" xlink:to="core_SocialSecurityCosts" xlink:type="arc"/>
        <link:definitionArc order="1" xlink:arcrole="http://xbrl.org/int/dim/arcrole/domain-member" xlink:from="core_StaffCostsEmployeeBenefitsExpense" xlink:to="core_WagesSalaries" xlink:type="arc"/>
        <link:definitionArc order="2" xlink:arcrole="http://xbrl.org/int/dim/arcrole/domain-member" xlink:from="core_StaffCostsEmployeeBenefitsExpense" xlink:to="dpl_Bonuses" xlink:type="arc"/>
        <link:definitionArc order="10" xlink:arcrole="http://xbrl.org/int/dim/arcrole/domain-member" xlink:from="core_StaffCostsEmployeeBenefitsExpense" xlink:to="dpl_OtherStaffCosts" xlink:type="arc"/>
        <link:definitionArc order="9" xlink:arcrole="http://xbrl.org/int/dim/arcrole/domain-member" xlink:from="core_StaffCostsEmployeeBenefitsExpense" xlink:to="dpl_RemunerationTrustExpenses" xlink:type="arc"/>
        <link:definitionArc order="5" xlink:arcrole="http://xbrl.org/int/dim/arcrole/domain-member" xlink:from="core_TotalInventories" xlink:to="core_FinishedGoods" xlink:type="arc"/>
        <link:definitionArc order="2" xlink:arcrole="http://xbrl.org/int/dim/arcrole/domain-member" xlink:from="core_TotalInventories" xlink:to="core_Merchandise" xlink:type="arc"/>
        <link:definitionArc order="6" xlink:arcrole="http://xbrl.org/int/dim/arcrole/domain-member" xlink:from="core_TotalInventories" xlink:to="core_OtherInventories" xlink:type="arc"/>
        <link:definitionArc order="3" xlink:arcrole="http://xbrl.org/int/dim/arcrole/domain-member" xlink:from="core_TotalInventories" xlink:to="core_ProductionSupplies" xlink:type="arc"/>
        <link:definitionArc order="1" xlink:arcrole="http://xbrl.org/int/dim/arcrole/domain-member" xlink:from="core_TotalInventories" xlink:to="core_RawMaterials" xlink:type="arc"/>
        <link:definitionArc order="4" xlink:arcrole="http://xbrl.org/int/dim/arcrole/domain-member" xlink:from="core_TotalInventories" xlink:to="core_WorkInProgress" xlink:type="arc"/>
        <link:definitionArc order="3" xlink:arcrole="http://xbrl.org/int/dim/arcrole/domain-member" xlink:from="dpl-frc_Sub-totalsNotIncludedElsewhereHeading" xlink:to="core_DepreciationAmortisationExpense" xlink:type="arc"/>
        <link:definitionArc order="2" xlink:arcrole="http://xbrl.org/int/dim/arcrole/domain-member" xlink:from="dpl-frc_Sub-totalsNotIncludedElsewhereHeading" xlink:to="core_IncreaseDecreaseInStocksInventoriesFinishedGoodsWorkInProgress" xlink:type="arc"/>
        <link:definitionArc order="4" xlink:arcrole="http://xbrl.org/int/dim/arcrole/domain-member" xlink:from="dpl-frc_Sub-totalsNotIncludedElsewhereHeading" xlink:to="core_OtherOperatingExpensesByFunction" xlink:type="arc"/>
        <link:definitionArc order="5" xlink:arcrole="http://xbrl.org/int/dim/arcrole/domain-member" xlink:from="dpl-frc_Sub-totalsNotIncludedElsewhereHeading" xlink:to="core_OtherOperatingExpensesByNature" xlink:type="arc"/>
        <link:definitionArc order="1" xlink:arcrole="http://xbrl.org/int/dim/arcrole/domain-member" xlink:from="dpl-frc_Sub-totalsNotIncludedElsewhereHeading" xlink:to="core_RawMaterialsConsumables" xlink:type="arc"/>
        <link:definitionArc order="1" xlink:arcrole="http://xbrl.org/int/dim/arcrole/domain-member" xlink:from="dpl_AuditAccountancyCosts" xlink:to="dpl_AuditAccountancyAuditCosts" xlink:type="arc"/>
        <link:definitionArc order="3" xlink:arcrole="http://xbrl.org/int/dim/arcrole/domain-member" xlink:from="dpl_AuditAccountancyCosts" xlink:to="dpl_AuditAccountancyOtherServices" xlink:type="arc"/>
        <link:definitionArc order="2" xlink:arcrole="http://xbrl.org/int/dim/arcrole/domain-member" xlink:from="dpl_AuditAccountancyCosts" xlink:to="dpl_AuditAccountancyTaxServices" xlink:type="arc"/>
        <link:definitionArc order="2" xlink:arcrole="http://xbrl.org/int/dim/arcrole/domain-member" xlink:from="dpl_DepreciationAmortisationImpairmentCostsHeading" xlink:to="core_AmortisationExpenseIntangibleAssets" xlink:type="arc"/>
        <link:definitionArc order="1" xlink:arcrole="http://xbrl.org/int/dim/arcrole/domain-member" xlink:from="dpl_DepreciationAmortisationImpairmentCostsHeading" xlink:to="core_DepreciationExpensePropertyPlantEquipment" xlink:type="arc"/>
        <link:definitionArc order="4" xlink:arcrole="http://xbrl.org/int/dim/arcrole/domain-member" xlink:from="dpl_DepreciationAmortisationImpairmentCostsHeading" xlink:to="core_ImpairmentLossReversalIntangibleAssets" xlink:type="arc"/>
        <link:definitionArc order="5" xlink:arcrole="http://xbrl.org/int/dim/arcrole/domain-member" xlink:from="dpl_DepreciationAmortisationImpairmentCostsHeading" xlink:to="core_ImpairmentLossReversalInvestmentInSubsidiariesAssociatesJointVentures" xlink:type="arc"/>
        <link:definitionArc order="3" xlink:arcrole="http://xbrl.org/int/dim/arcrole/domain-member" xlink:from="dpl_DepreciationAmortisationImpairmentCostsHeading" xlink:to="core_ImpairmentLossReversalPropertyPlantEquipment" xlink:type="arc"/>
        <link:definitionArc order="2" xlink:arcrole="http://xbrl.org/int/dim/arcrole/domain-member" xlink:from="dpl_DescriptionSpecificActivity-ForUseWithGenericActivityDimensionTagsHeading" xlink:to="bus_DescriptionPrincipalActivities" xlink:type="arc"/>
        <link:definitionArc order="1" xlink:arcrole="http://xbrl.org/int/dim/arcrole/domain-member" xlink:from="dpl_DescriptionSpecificActivity-ForUseWithGenericActivityDimensionTagsHeading" xlink:to="dpl_DescriptionActivity" xlink:type="arc"/>
        <link:definitionArc order="8" xlink:arcrole="http://xbrl.org/int/dim/arcrole/domain-member" xlink:from="dpl_Finance-relatedCostsNetItemsHeading" xlink:to="core_ImpairmentLossReversalOnInvestments" xlink:type="arc"/>
        <link:definitionArc order="1" xlink:arcrole="http://xbrl.org/int/dim/arcrole/domain-member" xlink:from="dpl_Finance-relatedCostsNetItemsHeading" xlink:to="core_InterestExpenseOnBankOverdraftsBankLoansSimilarBorrowings" xlink:type="arc"/>
        <link:definitionArc order="3" xlink:arcrole="http://xbrl.org/int/dim/arcrole/domain-member" xlink:from="dpl_Finance-relatedCostsNetItemsHeading" xlink:to="core_InterestExpenseOnObligationsUnderFinanceLeasesHirePurchaseContracts" xlink:type="arc"/>
        <link:definitionArc order="4" xlink:arcrole="http://xbrl.org/int/dim/arcrole/domain-member" xlink:from="dpl_Finance-relatedCostsNetItemsHeading" xlink:to="core_InterestExpenseOnPreferenceSharesClassifiedAsDebt" xlink:type="arc"/>
        <link:definitionArc order="5" xlink:arcrole="http://xbrl.org/int/dim/arcrole/domain-member" xlink:from="dpl_Finance-relatedCostsNetItemsHeading" xlink:to="core_UnwindingDiscountOnProvisionsExpense" xlink:type="arc"/>
        <link:definitionArc order="6" xlink:arcrole="http://xbrl.org/int/dim/arcrole/domain-member" xlink:from="dpl_Finance-relatedCostsNetItemsHeading" xlink:to="dpl_BadDebtsImpairmentLosses" xlink:type="arc"/>
        <link:definitionArc order="10" xlink:arcrole="http://xbrl.org/int/dim/arcrole/domain-member" xlink:from="dpl_Finance-relatedCostsNetItemsHeading" xlink:to="dpl_BankCharges" xlink:type="arc"/>
        <link:definitionArc order="9" xlink:arcrole="http://xbrl.org/int/dim/arcrole/domain-member" xlink:from="dpl_Finance-relatedCostsNetItemsHeading" xlink:to="dpl_FinancialInstrumentFairValueLoss" xlink:type="arc"/>
        <link:definitionArc order="14" xlink:arcrole="http://xbrl.org/int/dim/arcrole/domain-member" xlink:from="dpl_Finance-relatedCostsNetItemsHeading" xlink:to="dpl_ForForeignExchangeCostClassifiedAsNon-operatingSeeNetItemUnderNon-operatingIncomeCross-reference" xlink:type="arc"/>
        <link:definitionArc order="13" xlink:arcrole="http://xbrl.org/int/dim/arcrole/domain-member" xlink:from="dpl_Finance-relatedCostsNetItemsHeading" xlink:to="dpl_ForForeignExchangeCostClassifiedAsOperatingSeeNetItemUnderOtherOperatingIncomeCross-reference" xlink:type="arc"/>
        <link:definitionArc order="12" xlink:arcrole="http://xbrl.org/int/dim/arcrole/domain-member" xlink:from="dpl_Finance-relatedCostsNetItemsHeading" xlink:to="dpl_ForForeignExchangeCostClassifiedUnderFinanceSeeNetItemUnderFinanceIncomeCross-reference" xlink:type="arc"/>
        <link:definitionArc order="15" xlink:arcrole="http://xbrl.org/int/dim/arcrole/domain-member" xlink:from="dpl_Finance-relatedCostsNetItemsHeading" xlink:to="dpl_ForOtherForeignExchangeCostSeeNetItemUnderOperationalAdministrationCostsCross-reference" xlink:type="arc"/>
        <link:definitionArc order="7" xlink:arcrole="http://xbrl.org/int/dim/arcrole/domain-member" xlink:from="dpl_Finance-relatedCostsNetItemsHeading" xlink:to="dpl_LoansWrittenOffOrDown" xlink:type="arc"/>
        <link:definitionArc order="2" xlink:arcrole="http://xbrl.org/int/dim/arcrole/domain-member" xlink:from="dpl_Finance-relatedCostsNetItemsHeading" xlink:to="dpl_Non-bankInterestSimilarCharges" xlink:type="arc"/>
        <link:definitionArc order="11" xlink:arcrole="http://xbrl.org/int/dim/arcrole/domain-member" xlink:from="dpl_Finance-relatedCostsNetItemsHeading" xlink:to="dpl_ResidualFinanceCosts" xlink:type="arc"/>
        <link:definitionArc order="5" xlink:arcrole="http://xbrl.org/int/dim/arcrole/domain-member" xlink:from="dpl_FinanceIncomeNetItemsHeading" xlink:to="core_IncreaseInAssetsDefinedBenefitPlanFromInterestIncome" xlink:type="arc"/>
        <link:definitionArc order="4" xlink:arcrole="http://xbrl.org/int/dim/arcrole/domain-member" xlink:from="dpl_FinanceIncomeNetItemsHeading" xlink:to="core_IncreaseInAssetsDefinedBenefitPlanFromReturnOnAssetsNetInterestIncome" xlink:type="arc"/>
        <link:definitionArc order="1" xlink:arcrole="http://xbrl.org/int/dim/arcrole/domain-member" xlink:from="dpl_FinanceIncomeNetItemsHeading" xlink:to="dpl_BankInterestSimilarIncomeReceivable" xlink:type="arc"/>
        <link:definitionArc order="3" xlink:arcrole="http://xbrl.org/int/dim/arcrole/domain-member" xlink:from="dpl_FinanceIncomeNetItemsHeading" xlink:to="dpl_FinancialInstrumentFairValueGain" xlink:type="arc"/>
        <link:definitionArc order="6" xlink:arcrole="http://xbrl.org/int/dim/arcrole/domain-member" xlink:from="dpl_FinanceIncomeNetItemsHeading" xlink:to="dpl_ForeignExchangeGainLossIncludedInFinancialIncome" xlink:type="arc"/>
        <link:definitionArc order="2" xlink:arcrole="http://xbrl.org/int/dim/arcrole/domain-member" xlink:from="dpl_FinanceIncomeNetItemsHeading" xlink:to="dpl_Non-bankInterestSimilarIncomeReceivable" xlink:type="arc"/>
        <link:definitionArc order="7" xlink:arcrole="http://xbrl.org/int/dim/arcrole/domain-member" xlink:from="dpl_FinanceIncomeNetItemsHeading" xlink:to="dpl_ResidualFinanceIncome" xlink:type="arc"/>
        <link:definitionArc order="3" xlink:arcrole="http://xbrl.org/int/dim/arcrole/domain-member" xlink:from="dpl_GeneralServicesExpensesHeading" xlink:to="core_RoyaltiesLicencesSimilarExpense" xlink:type="arc"/>
        <link:definitionArc order="2" xlink:arcrole="http://xbrl.org/int/dim/arcrole/domain-member" xlink:from="dpl_GeneralServicesExpensesHeading" xlink:to="dpl_ExternalCommissionCosts" xlink:type="arc"/>
        <link:definitionArc order="4" xlink:arcrole="http://xbrl.org/int/dim/arcrole/domain-member" xlink:from="dpl_GeneralServicesExpensesHeading" xlink:to="dpl_Inter-companyManagementFees" xlink:type="arc"/>
        <link:definitionArc order="5" xlink:arcrole="http://xbrl.org/int/dim/arcrole/domain-member" xlink:from="dpl_GeneralServicesExpensesHeading" xlink:to="dpl_Inter-companyRecharges" xlink:type="arc"/>
        <link:definitionArc order="1" xlink:arcrole="http://xbrl.org/int/dim/arcrole/domain-member" xlink:from="dpl_GeneralServicesExpensesHeading" xlink:to="dpl_LegalProfessionalCosts" xlink:type="arc"/>
        <link:definitionArc order="7" xlink:arcrole="http://xbrl.org/int/dim/arcrole/domain-member" xlink:from="dpl_ItemsInheritingDetailedProfitLossDimensions" xlink:to="dpl-frc_Sub-totalsNotIncludedElsewhereHeading" xlink:type="arc"/>
        <link:definitionArc order="9" xlink:arcrole="http://xbrl.org/int/dim/arcrole/domain-member" xlink:from="dpl_ItemsInheritingDetailedProfitLossDimensions" xlink:to="dpl_DescriptionSpecificActivity-ForUseWithGenericActivityDimensionTagsHeading" xlink:type="arc"/>
        <link:definitionArc order="11" xlink:arcrole="http://xbrl.org/int/dim/arcrole/domain-member" xlink:from="dpl_ItemsInheritingDetailedProfitLossDimensions" xlink:to="dpl_DetailedProfitLossFree-textComment" xlink:type="arc"/>
        <link:definitionArc order="5" xlink:arcrole="http://xbrl.org/int/dim/arcrole/domain-member" xlink:from="dpl_ItemsInheritingDetailedProfitLossDimensions" xlink:to="dpl_FinanceIncomeNetItemsHeading" xlink:type="arc"/>
        <link:definitionArc order="3" xlink:arcrole="http://xbrl.org/int/dim/arcrole/domain-member" xlink:from="dpl_ItemsInheritingDetailedProfitLossDimensions" xlink:to="dpl_Non-operatingIncomeNetItemsHeading" xlink:type="arc"/>
        <link:definitionArc order="4" xlink:arcrole="http://xbrl.org/int/dim/arcrole/domain-member" xlink:from="dpl_ItemsInheritingDetailedProfitLossDimensions" xlink:to="dpl_OtherItemsHeading" xlink:type="arc"/>
        <link:definitionArc order="2" xlink:arcrole="http://xbrl.org/int/dim/arcrole/domain-member" xlink:from="dpl_ItemsInheritingDetailedProfitLossDimensions" xlink:to="dpl_OtherOperatingIncomeNetItemsHeading" xlink:type="arc"/>
        <link:definitionArc order="8" xlink:arcrole="http://xbrl.org/int/dim/arcrole/domain-member" xlink:from="dpl_ItemsInheritingDetailedProfitLossDimensions" xlink:to="dpl_ProfitTaxTotalsHeadingCopy" xlink:type="arc"/>
        <link:definitionArc order="6" xlink:arcrole="http://xbrl.org/int/dim/arcrole/domain-member" xlink:from="dpl_ItemsInheritingDetailedProfitLossDimensions" xlink:to="dpl_TotalCosts" xlink:type="arc"/>
        <link:definitionArc order="1" xlink:arcrole="http://xbrl.org/int/dim/arcrole/domain-member" xlink:from="dpl_ItemsInheritingDetailedProfitLossDimensions" xlink:to="dpl_TradingIncomeHeading" xlink:type="arc"/>
        <link:definitionArc order="1" xlink:arcrole="http://xbrl.org/int/dim/arcrole/domain-member" xlink:from="dpl_MarketingClientRelatedCostsHeading" xlink:to="dpl_AdvertisingPromotionsMarketingCosts" xlink:type="arc"/>
        <link:definitionArc order="2" xlink:arcrole="http://xbrl.org/int/dim/arcrole/domain-member" xlink:from="dpl_MarketingClientRelatedCostsHeading" xlink:to="dpl_ClientEntertainingCosts" xlink:type="arc"/>
        <link:definitionArc order="3" xlink:arcrole="http://xbrl.org/int/dim/arcrole/domain-member" xlink:from="dpl_MarketingClientRelatedCostsHeading" xlink:to="dpl_OtherEntertainingCosts" xlink:type="arc"/>
        <link:definitionArc order="4" xlink:arcrole="http://xbrl.org/int/dim/arcrole/domain-member" xlink:from="dpl_Non-operatingIncomeNetItemsHeading" xlink:to="core_GainLossAfterTaxOnSaleDiscontinuedOperations" xlink:type="arc"/>
        <link:definitionArc order="6" xlink:arcrole="http://xbrl.org/int/dim/arcrole/domain-member" xlink:from="dpl_Non-operatingIncomeNetItemsHeading" xlink:to="core_GainLossFromFairValueAdjustmentBiologicalAssetsFairValueModel" xlink:type="arc"/>
        <link:definitionArc order="5" xlink:arcrole="http://xbrl.org/int/dim/arcrole/domain-member" xlink:from="dpl_Non-operatingIncomeNetItemsHeading" xlink:to="core_GainLossFromFairValueAdjustmentInvestmentPropertyRecognisedInProfitOrLoss" xlink:type="arc"/>
        <link:definitionArc order="7" xlink:arcrole="http://xbrl.org/int/dim/arcrole/domain-member" xlink:from="dpl_Non-operatingIncomeNetItemsHeading" xlink:to="core_Non-cashAssetsDeclaredForDistributionToOwnersAfterEndReportingPeriodFairValue" xlink:type="arc"/>
        <link:definitionArc order="8" xlink:arcrole="http://xbrl.org/int/dim/arcrole/domain-member" xlink:from="dpl_Non-operatingIncomeNetItemsHeading" xlink:to="core_OtherNon-operatingNetGainLossBeforeTax" xlink:type="arc"/>
        <link:definitionArc order="2" xlink:arcrole="http://xbrl.org/int/dim/arcrole/domain-member" xlink:from="dpl_Non-operatingIncomeNetItemsHeading" xlink:to="dpl-frc_IncomeFromOtherInvestments" xlink:type="arc"/>
        <link:definitionArc order="3" xlink:arcrole="http://xbrl.org/int/dim/arcrole/domain-member" xlink:from="dpl_Non-operatingIncomeNetItemsHeading" xlink:to="dpl_ForeignExchangeGainLossIncludedInNon-operatingIncome" xlink:type="arc"/>
        <link:definitionArc order="1" xlink:arcrole="http://xbrl.org/int/dim/arcrole/domain-member" xlink:from="dpl_Non-operatingIncomeNetItemsHeading" xlink:to="dpl_IncomeFromShares" xlink:type="arc"/>
        <link:definitionArc order="1" xlink:arcrole="http://xbrl.org/int/dim/arcrole/domain-member" xlink:from="dpl_OperationalAdministrationCostsHeading" xlink:to="core_InsuranceCosts" xlink:type="arc"/>
        <link:definitionArc order="8" xlink:arcrole="http://xbrl.org/int/dim/arcrole/domain-member" xlink:from="dpl_OperationalAdministrationCostsHeading" xlink:to="core_ResearchDevelopmentExpenseRecognisedInProfitOrLoss" xlink:type="arc"/>
        <link:definitionArc order="9" xlink:arcrole="http://xbrl.org/int/dim/arcrole/domain-member" xlink:from="dpl_OperationalAdministrationCostsHeading" xlink:to="core_RestructuringCosts" xlink:type="arc"/>
        <link:definitionArc order="12" xlink:arcrole="http://xbrl.org/int/dim/arcrole/domain-member" xlink:from="dpl_OperationalAdministrationCostsHeading" xlink:to="direp_PoliticalDonations" xlink:type="arc"/>
        <link:definitionArc order="11" xlink:arcrole="http://xbrl.org/int/dim/arcrole/domain-member" xlink:from="dpl_OperationalAdministrationCostsHeading" xlink:to="dpl-frc_CharitableDonations" xlink:type="arc"/>
        <link:definitionArc order="10" xlink:arcrole="http://xbrl.org/int/dim/arcrole/domain-member" xlink:from="dpl_OperationalAdministrationCostsHeading" xlink:to="dpl_EnvironmentalCosts" xlink:type="arc"/>
        <link:definitionArc order="14" xlink:arcrole="http://xbrl.org/int/dim/arcrole/domain-member" xlink:from="dpl_OperationalAdministrationCostsHeading" xlink:to="dpl_FinesPenalties" xlink:type="arc"/>
        <link:definitionArc order="6" xlink:arcrole="http://xbrl.org/int/dim/arcrole/domain-member" xlink:from="dpl_OperationalAdministrationCostsHeading" xlink:to="dpl_HealthSafetyCosts" xlink:type="arc"/>
        <link:definitionArc order="2" xlink:arcrole="http://xbrl.org/int/dim/arcrole/domain-member" xlink:from="dpl_OperationalAdministrationCostsHeading" xlink:to="dpl_ITComputingCosts" xlink:type="arc"/>
        <link:definitionArc order="15" xlink:arcrole="http://xbrl.org/int/dim/arcrole/domain-member" xlink:from="dpl_OperationalAdministrationCostsHeading" xlink:to="dpl_IrrecoverableVAT" xlink:type="arc"/>
        <link:definitionArc order="16" xlink:arcrole="http://xbrl.org/int/dim/arcrole/domain-member" xlink:from="dpl_OperationalAdministrationCostsHeading" xlink:to="dpl_OtherForeignExchangeLossGain" xlink:type="arc"/>
        <link:definitionArc order="17" xlink:arcrole="http://xbrl.org/int/dim/arcrole/domain-member" xlink:from="dpl_OperationalAdministrationCostsHeading" xlink:to="dpl_OtherOperationalAdministrationCosts" xlink:type="arc"/>
        <link:definitionArc order="4" xlink:arcrole="http://xbrl.org/int/dim/arcrole/domain-member" xlink:from="dpl_OperationalAdministrationCostsHeading" xlink:to="dpl_OutsourcedServicesCosts" xlink:type="arc"/>
        <link:definitionArc order="5" xlink:arcrole="http://xbrl.org/int/dim/arcrole/domain-member" xlink:from="dpl_OperationalAdministrationCostsHeading" xlink:to="dpl_PrintingPostageStationeryCosts" xlink:type="arc"/>
        <link:definitionArc order="7" xlink:arcrole="http://xbrl.org/int/dim/arcrole/domain-member" xlink:from="dpl_OperationalAdministrationCostsHeading" xlink:to="dpl_SecurityCosts" xlink:type="arc"/>
        <link:definitionArc order="13" xlink:arcrole="http://xbrl.org/int/dim/arcrole/domain-member" xlink:from="dpl_OperationalAdministrationCostsHeading" xlink:to="dpl_SubscriptionsCosts" xlink:type="arc"/>
        <link:definitionArc order="3" xlink:arcrole="http://xbrl.org/int/dim/arcrole/domain-member" xlink:from="dpl_OperationalAdministrationCostsHeading" xlink:to="dpl_TelecommunicationsCosts" xlink:type="arc"/>
        <link:definitionArc order="4" xlink:arcrole="http://xbrl.org/int/dim/arcrole/domain-member" xlink:from="dpl_OtherItemsHeading" xlink:to="core_GainLossFromChangesInProvisions" xlink:type="arc"/>
        <link:definitionArc order="3" xlink:arcrole="http://xbrl.org/int/dim/arcrole/domain-member" xlink:from="dpl_OtherItemsHeading" xlink:to="core_GainLossOnDisposalsIntangibleAssets" xlink:type="arc"/>
        <link:definitionArc order="2" xlink:arcrole="http://xbrl.org/int/dim/arcrole/domain-member" xlink:from="dpl_OtherItemsHeading" xlink:to="core_GainLossOnDisposalsPropertyPlantEquipment" xlink:type="arc"/>
        <link:definitionArc order="5" xlink:arcrole="http://xbrl.org/int/dim/arcrole/domain-member" xlink:from="dpl_OtherItemsHeading" xlink:to="core_GovernmentGrantIncome" xlink:type="arc"/>
        <link:definitionArc order="1" xlink:arcrole="http://xbrl.org/int/dim/arcrole/domain-member" xlink:from="dpl_OtherItemsHeading" xlink:to="core_OwnWorkCapitalised" xlink:type="arc"/>
        <link:definitionArc order="6" xlink:arcrole="http://xbrl.org/int/dim/arcrole/domain-member" xlink:from="dpl_OtherItemsHeading" xlink:to="dpl-frc_GainLossOnNegativeGoodwillbargainPurchasesReleasedToIncome" xlink:type="arc"/>
        <link:definitionArc order="8" xlink:arcrole="http://xbrl.org/int/dim/arcrole/domain-member" xlink:from="dpl_OtherItemsHeading" xlink:to="dpl_DepreciationExpenseTransferredToBalanceSheet" xlink:type="arc"/>
        <link:definitionArc order="7" xlink:arcrole="http://xbrl.org/int/dim/arcrole/domain-member" xlink:from="dpl_OtherItemsHeading" xlink:to="dpl_Hyper-inflationGainsLosses" xlink:type="arc"/>
        <link:definitionArc order="9" xlink:arcrole="http://xbrl.org/int/dim/arcrole/domain-member" xlink:from="dpl_OtherItemsHeading" xlink:to="dpl_OtherExpensesTransferredToBalanceSheet" xlink:type="arc"/>
        <link:definitionArc order="1" xlink:arcrole="http://xbrl.org/int/dim/arcrole/domain-member" xlink:from="dpl_OtherOperatingIncomeNetItemsHeading" xlink:to="core_OtherOperatingIncome" xlink:type="arc"/>
        <link:definitionArc order="2" xlink:arcrole="http://xbrl.org/int/dim/arcrole/domain-member" xlink:from="dpl_OtherOperatingIncomeNetItemsHeading" xlink:to="dpl_ForeignExchangeGainLossIncludedInOtherOperatingIncome" xlink:type="arc"/>
        <link:definitionArc order="3" xlink:arcrole="http://xbrl.org/int/dim/arcrole/domain-member" xlink:from="dpl_OtherOperatingIncomeNetItemsHeading" xlink:to="dpl_OtherOperatingIncomeExcludingForeignExchangeGainOrLoss" xlink:type="arc"/>
        <link:definitionArc order="1" xlink:arcrole="http://xbrl.org/int/dim/arcrole/domain-member" xlink:from="dpl_ProfitTaxTotalsHeadingCopy" xlink:to="core_GrossProfitLoss" xlink:type="arc"/>
        <link:definitionArc order="4" xlink:arcrole="http://xbrl.org/int/dim/arcrole/domain-member" xlink:from="dpl_ProfitTaxTotalsHeadingCopy" xlink:to="core_IncomeTaxExpenseCredit" xlink:type="arc"/>
        <link:definitionArc order="2" xlink:arcrole="http://xbrl.org/int/dim/arcrole/domain-member" xlink:from="dpl_ProfitTaxTotalsHeadingCopy" xlink:to="core_OperatingProfitLoss" xlink:type="arc"/>
        <link:definitionArc order="5" xlink:arcrole="http://xbrl.org/int/dim/arcrole/domain-member" xlink:from="dpl_ProfitTaxTotalsHeadingCopy" xlink:to="core_ProfitLoss" xlink:type="arc"/>
        <link:definitionArc order="3" xlink:arcrole="http://xbrl.org/int/dim/arcrole/domain-member" xlink:from="dpl_ProfitTaxTotalsHeadingCopy" xlink:to="core_ProfitLossBeforeTax" xlink:type="arc"/>
        <link:definitionArc order="5" xlink:arcrole="http://xbrl.org/int/dim/arcrole/domain-member" xlink:from="dpl_PropertyPlantRelatedCostsHeading" xlink:to="core_OtherRepairsMaintenanceExpense" xlink:type="arc"/>
        <link:definitionArc order="4" xlink:arcrole="http://xbrl.org/int/dim/arcrole/domain-member" xlink:from="dpl_PropertyPlantRelatedCostsHeading" xlink:to="core_RepairsMaintenanceExpenseProperty-related" xlink:type="arc"/>
        <link:definitionArc order="3" xlink:arcrole="http://xbrl.org/int/dim/arcrole/domain-member" xlink:from="dpl_PropertyPlantRelatedCostsHeading" xlink:to="core_TotalOperatingLeasePayments" xlink:type="arc"/>
        <link:definitionArc order="2" xlink:arcrole="http://xbrl.org/int/dim/arcrole/domain-member" xlink:from="dpl_PropertyPlantRelatedCostsHeading" xlink:to="core_UtilitiesCosts" xlink:type="arc"/>
        <link:definitionArc order="6" xlink:arcrole="http://xbrl.org/int/dim/arcrole/domain-member" xlink:from="dpl_PropertyPlantRelatedCostsHeading" xlink:to="dpl_CleaningCosts" xlink:type="arc"/>
        <link:definitionArc order="1" xlink:arcrole="http://xbrl.org/int/dim/arcrole/domain-member" xlink:from="dpl_PropertyPlantRelatedCostsHeading" xlink:to="dpl_RentRatesServicesCosts" xlink:type="arc"/>
        <link:definitionArc order="2" xlink:arcrole="http://xbrl.org/int/dim/arcrole/domain-member" xlink:from="dpl_StaffCostsDirectors" xlink:to="direp_BonusesDirectors" xlink:type="arc"/>
        <link:definitionArc order="4" xlink:arcrole="http://xbrl.org/int/dim/arcrole/domain-member" xlink:from="dpl_StaffCostsDirectors" xlink:to="direp_CompanyContributionsToDefinedBenefitPlansDirectors" xlink:type="arc"/>
        <link:definitionArc order="5" xlink:arcrole="http://xbrl.org/int/dim/arcrole/domain-member" xlink:from="dpl_StaffCostsDirectors" xlink:to="direp_CompanyContributionsToMoneyPurchasePlansDirectors" xlink:type="arc"/>
        <link:definitionArc order="8" xlink:arcrole="http://xbrl.org/int/dim/arcrole/domain-member" xlink:from="dpl_StaffCostsDirectors" xlink:to="direp_CompensationForLossOfficeDirectors" xlink:type="arc"/>
        <link:definitionArc order="9" xlink:arcrole="http://xbrl.org/int/dim/arcrole/domain-member" xlink:from="dpl_StaffCostsDirectors" xlink:to="direp_PaymentsToThirdPartiesForDirectorServices" xlink:type="arc"/>
        <link:definitionArc order="1" xlink:arcrole="http://xbrl.org/int/dim/arcrole/domain-member" xlink:from="dpl_StaffCostsDirectors" xlink:to="direp_SalariesFeesDirectors" xlink:type="arc"/>
        <link:definitionArc order="10" xlink:arcrole="http://xbrl.org/int/dim/arcrole/domain-member" xlink:from="dpl_StaffCostsDirectors" xlink:to="dpl_OtherStaffCostsDirectors" xlink:type="arc"/>
        <link:definitionArc order="7" xlink:arcrole="http://xbrl.org/int/dim/arcrole/domain-member" xlink:from="dpl_StaffCostsDirectors" xlink:to="dpl_RemunerationTrustExpensesDirectors" xlink:type="arc"/>
        <link:definitionArc order="6" xlink:arcrole="http://xbrl.org/int/dim/arcrole/domain-member" xlink:from="dpl_StaffCostsDirectors" xlink:to="dpl_Share-basedPaymentsDirectors" xlink:type="arc"/>
        <link:definitionArc order="3" xlink:arcrole="http://xbrl.org/int/dim/arcrole/domain-member" xlink:from="dpl_StaffCostsDirectors" xlink:to="dpl_SocialSecurityCostsDirectors" xlink:type="arc"/>
        <link:definitionArc order="6" xlink:arcrole="http://xbrl.org/int/dim/arcrole/domain-member" xlink:from="dpl_StaffCostsExcludingDirectors" xlink:to="dpl-frc_RedundancyCostsExcludingDirectors" xlink:type="arc"/>
        <link:definitionArc order="2" xlink:arcrole="http://xbrl.org/int/dim/arcrole/domain-member" xlink:from="dpl_StaffCostsExcludingDirectors" xlink:to="dpl_BonusesExcludingDirectors" xlink:type="arc"/>
        <link:definitionArc order="9" xlink:arcrole="http://xbrl.org/int/dim/arcrole/domain-member" xlink:from="dpl_StaffCostsExcludingDirectors" xlink:to="dpl_OtherStaffCostsExcludingDirectors" xlink:type="arc"/>
        <link:definitionArc order="4" xlink:arcrole="http://xbrl.org/int/dim/arcrole/domain-member" xlink:from="dpl_StaffCostsExcludingDirectors" xlink:to="dpl_PensionsCostsDefinedBenefitSchemesExcludingDirectors" xlink:type="arc"/>
        <link:definitionArc order="5" xlink:arcrole="http://xbrl.org/int/dim/arcrole/domain-member" xlink:from="dpl_StaffCostsExcludingDirectors" xlink:to="dpl_PensionsCostsDefinedContributionSchemesExcludingDirectors" xlink:type="arc"/>
        <link:definitionArc order="8" xlink:arcrole="http://xbrl.org/int/dim/arcrole/domain-member" xlink:from="dpl_StaffCostsExcludingDirectors" xlink:to="dpl_RemunerationTrustExpensesExcludingDirectors" xlink:type="arc"/>
        <link:definitionArc order="7" xlink:arcrole="http://xbrl.org/int/dim/arcrole/domain-member" xlink:from="dpl_StaffCostsExcludingDirectors" xlink:to="dpl_Share-basedPaymentsExcludingDirectors" xlink:type="arc"/>
        <link:definitionArc order="3" xlink:arcrole="http://xbrl.org/int/dim/arcrole/domain-member" xlink:from="dpl_StaffCostsExcludingDirectors" xlink:to="dpl_SocialSecurityCostsExcludingDirectors" xlink:type="arc"/>
        <link:definitionArc order="1" xlink:arcrole="http://xbrl.org/int/dim/arcrole/domain-member" xlink:from="dpl_StaffCostsExcludingDirectors" xlink:to="dpl_WagesSalariesExcludingDirectors" xlink:type="arc"/>
        <link:definitionArc order="1" xlink:arcrole="http://xbrl.org/int/dim/arcrole/domain-member" xlink:from="dpl_StaffEmploymentRelatedCostsHeading" xlink:to="core_StaffCostsEmployeeBenefitsExpense" xlink:type="arc"/>
        <link:definitionArc order="4" xlink:arcrole="http://xbrl.org/int/dim/arcrole/domain-member" xlink:from="dpl_StaffEmploymentRelatedCostsHeading" xlink:to="dpl_ConsultancyCosts" xlink:type="arc"/>
        <link:definitionArc order="10" xlink:arcrole="http://xbrl.org/int/dim/arcrole/domain-member" xlink:from="dpl_StaffEmploymentRelatedCostsHeading" xlink:to="dpl_OtherEmploymentCosts" xlink:type="arc"/>
        <link:definitionArc order="9" xlink:arcrole="http://xbrl.org/int/dim/arcrole/domain-member" xlink:from="dpl_StaffEmploymentRelatedCostsHeading" xlink:to="dpl_RecruitmentRemunerationServiceCosts" xlink:type="arc"/>
        <link:definitionArc order="3" xlink:arcrole="http://xbrl.org/int/dim/arcrole/domain-member" xlink:from="dpl_StaffEmploymentRelatedCostsHeading" xlink:to="dpl_StaffCostsDirectors" xlink:type="arc"/>
        <link:definitionArc order="2" xlink:arcrole="http://xbrl.org/int/dim/arcrole/domain-member" xlink:from="dpl_StaffEmploymentRelatedCostsHeading" xlink:to="dpl_StaffCostsExcludingDirectors" xlink:type="arc"/>
        <link:definitionArc order="8" xlink:arcrole="http://xbrl.org/int/dim/arcrole/domain-member" xlink:from="dpl_StaffEmploymentRelatedCostsHeading" xlink:to="dpl_StaffEntertainingCosts" xlink:type="arc"/>
        <link:definitionArc order="5" xlink:arcrole="http://xbrl.org/int/dim/arcrole/domain-member" xlink:from="dpl_StaffEmploymentRelatedCostsHeading" xlink:to="dpl_SubcontractorCosts" xlink:type="arc"/>
        <link:definitionArc order="7" xlink:arcrole="http://xbrl.org/int/dim/arcrole/domain-member" xlink:from="dpl_StaffEmploymentRelatedCostsHeading" xlink:to="dpl_TrainingCosts" xlink:type="arc"/>
        <link:definitionArc order="6" xlink:arcrole="http://xbrl.org/int/dim/arcrole/domain-member" xlink:from="dpl_StaffEmploymentRelatedCostsHeading" xlink:to="dpl_TravelSubsistenceCosts" xlink:type="arc"/>
        <link:definitionArc order="2" xlink:arcrole="http://xbrl.org/int/dim/arcrole/domain-member" xlink:from="dpl_StocksInventoriesHeading" xlink:to="core_IncreaseDecreaseInStocksInventoriesFinishedGoodsWorkInProgress" xlink:type="arc"/>
        <link:definitionArc order="1" xlink:arcrole="http://xbrl.org/int/dim/arcrole/domain-member" xlink:from="dpl_StocksInventoriesHeading" xlink:to="dpl_StocksInventoriesStartEndPeriodHeading" xlink:type="arc"/>
        <link:definitionArc order="1" xlink:arcrole="http://xbrl.org/int/dim/arcrole/domain-member" xlink:from="dpl_StocksInventoriesStartEndPeriodHeading" xlink:to="core_TotalInventories" xlink:type="arc"/>
        <link:definitionArc order="1" xlink:arcrole="http://xbrl.org/int/dim/arcrole/domain-member" xlink:from="dpl_TotalCosts" xlink:to="dpl_AuditAccountancyCosts" xlink:type="arc"/>
        <link:definitionArc order="4" xlink:arcrole="http://xbrl.org/int/dim/arcrole/domain-member" xlink:from="dpl_TotalCosts" xlink:to="dpl_DepreciationAmortisationImpairmentCostsHeading" xlink:type="arc"/>
        <link:definitionArc order="7" xlink:arcrole="http://xbrl.org/int/dim/arcrole/domain-member" xlink:from="dpl_TotalCosts" xlink:to="dpl_Finance-relatedCostsNetItemsHeading" xlink:type="arc"/>
        <link:definitionArc order="8" xlink:arcrole="http://xbrl.org/int/dim/arcrole/domain-member" xlink:from="dpl_TotalCosts" xlink:to="dpl_GeneralServicesExpensesHeading" xlink:type="arc"/>
        <link:definitionArc order="2" xlink:arcrole="http://xbrl.org/int/dim/arcrole/domain-member" xlink:from="dpl_TotalCosts" xlink:to="dpl_MarketingClientRelatedCostsHeading" xlink:type="arc"/>
        <link:definitionArc order="9" xlink:arcrole="http://xbrl.org/int/dim/arcrole/domain-member" xlink:from="dpl_TotalCosts" xlink:to="dpl_OperationalAdministrationCostsHeading" xlink:type="arc"/>
        <link:definitionArc order="10" xlink:arcrole="http://xbrl.org/int/dim/arcrole/domain-member" xlink:from="dpl_TotalCosts" xlink:to="dpl_OtherCosts" xlink:type="arc"/>
        <link:definitionArc order="3" xlink:arcrole="http://xbrl.org/int/dim/arcrole/domain-member" xlink:from="dpl_TotalCosts" xlink:to="dpl_PropertyPlantRelatedCostsHeading" xlink:type="arc"/>
        <link:definitionArc order="6" xlink:arcrole="http://xbrl.org/int/dim/arcrole/domain-member" xlink:from="dpl_TotalCosts" xlink:to="dpl_StaffEmploymentRelatedCostsHeading" xlink:type="arc"/>
        <link:definitionArc order="5" xlink:arcrole="http://xbrl.org/int/dim/arcrole/domain-member" xlink:from="dpl_TotalCosts" xlink:to="dpl_TransportStorageRelatedCostsHeading" xlink:type="arc"/>
        <link:definitionArc order="1" xlink:arcrole="http://xbrl.org/int/dim/arcrole/domain-member" xlink:from="dpl_TradingIncomeHeading" xlink:to="core_TurnoverRevenue" xlink:type="arc"/>
        <link:definitionArc order="2" xlink:arcrole="http://xbrl.org/int/dim/arcrole/domain-member" xlink:from="dpl_TradingIncomeHeading" xlink:to="dpl_StocksInventoriesHeading" xlink:type="arc"/>
        <link:definitionArc order="2" xlink:arcrole="http://xbrl.org/int/dim/arcrole/domain-member" xlink:from="dpl_TransportStorageRelatedCostsHeading" xlink:to="dpl_FreightHaulageCosts" xlink:type="arc"/>
        <link:definitionArc order="1" xlink:arcrole="http://xbrl.org/int/dim/arcrole/domain-member" xlink:from="dpl_TransportStorageRelatedCostsHeading" xlink:to="dpl_VehicleCosts" xlink:type="arc"/>
        <link:definitionArc order="3" xlink:arcrole="http://xbrl.org/int/dim/arcrole/domain-member" xlink:from="dpl_TransportStorageRelatedCostsHeading" xlink:to="dpl_WarehouseStorageCosts" xlink:type="arc"/>
        <link:definitionArc xbrldt:targetRole="http://xbrl.frc.org.uk/fr/core/roles/Dimension-ContinuingAndDiscontinuedOperations" order="1.1" xlink:arcrole="http://xbrl.org/int/dim/arcrole/hypercube-dimension" xlink:from="dpl_DetailedProfitLossHypercube" xlink:to="core_ContinuingDiscontinuedOperationsDimension" xlink:type="arc"/>
        <link:definitionArc xbrldt:targetRole="http://xbrl.frc.org.uk/fr/core/roles/Dimension-RestatementsAndFirstTimeAdoption" order="7" xlink:arcrole="http://xbrl.org/int/dim/arcrole/hypercube-dimension" xlink:from="dpl_DetailedProfitLossHypercube" xlink:to="core_RestatementsFirstTimeAdoptionDimension" xlink:type="arc"/>
    </link:definitionLink>
</link:linkbase>
