<?xml version="1.0" encoding="UTF-8" standalone="yes"?>
<link:linkbase xmlns:xsi="http://www.w3.org/2001/XMLSchema-instance" xmlns:link="http://www.xbrl.org/2003/linkbase" xmlns:xlink="http://www.w3.org/1999/xlink" xmlns:xsd="http://www.w3.org/2001/XMLSchema" xmlns:nonnum="http://www.xbrl.org/dtr/type/non-numeric" xmlns:xbrldt="http://xbrl.org/2005/xbrldt" xmlns:xbrli="http://www.xbrl.org/2003/instance" xsi:schemaLocation="http://www.xbrl.org/2003/linkbase http://www.xbrl.org/2003/xbrl-linkbase-2003-12-31.xsd http://www.w3.org/1999/xlink http://www.xbrl.org/2003/xlink-2003-12-31.xsd">
    <link:roleRef xlink:href="http://www.xbrl.org/lrr/role/deprecated-2009-12-16.xsd#deprecatedDateLabel" roleURI="http://www.xbrl.org/2009/role/deprecatedDateLabel" xlink:type="simple"/>
    <link:roleRef xlink:href="http://www.xbrl.org/lrr/role/deprecated-2009-12-16.xsd#deprecatedLabel" roleURI="http://www.xbrl.org/2009/role/deprecatedLabel" xlink:type="simple"/>
    <link:labelLink xlink:role="http://www.xbrl.org/2003/role/link" xlink:type="extended">
        <link:loc xlink:href="dpl-frc-2015-02-14.xsd#dpl-frc_CharitableDonations" xlink:type="locator" xlink:label="dpl-frc_CharitableDonations"></link:loc>
        <link:loc xlink:href="dpl-frc-2015-02-14.xsd#dpl-frc_GainLossOnNegativeGoodwillbargainPurchasesReleasedToIncome" xlink:type="locator" xlink:label="dpl-frc_GainLossOnNegativeGoodwillbargainPurchasesReleasedToIncome"></link:loc>
        <link:loc xlink:href="dpl-frc-2015-02-14.xsd#dpl-frc_IncomeFromOtherInvestments" xlink:type="locator" xlink:label="dpl-frc_IncomeFromOtherInvestments"></link:loc>
        <link:loc xlink:href="dpl-frc-2015-02-14.xsd#dpl-frc_RedundancyCostsExcludingDirectors" xlink:type="locator" xlink:label="dpl-frc_RedundancyCostsExcludingDirectors"></link:loc>
        <link:loc xlink:href="dpl-frc-2015-02-14.xsd#dpl-frc_Sub-totalsNotIncludedElsewhereHeading" xlink:type="locator" xlink:label="dpl-frc_Sub-totalsNotIncludedElsewhereHeading"></link:loc>
        <link:loc xlink:href="https://xbrl.frc.org.uk/cd/2014-09-01/business/bus-2014-09-01.xsd#bus_DescriptionPrincipalActivities" xlink:type="locator" xlink:label="bus_DescriptionPrincipalActivities"></link:loc>
        <link:label id="bus_DescriptionPrincipalActivities_deprDateLbl" xlink:role="http://www.xbrl.org/2009/role/deprecatedDateLabel" xml:lang="en" xlink:type="resource" xlink:label="bus_DescriptionPrincipalActivities_en">2015-10-12</link:label>
        <link:label id="bus_DescriptionPrincipalActivities_deprLbl" xlink:role="http://www.xbrl.org/2009/role/deprecatedLabel" xml:lang="en" xlink:type="resource" xlink:label="bus_DescriptionPrincipalActivities_en">Description of principal activities (Deprecated 2015-10-12)</link:label>
        <link:label id="dpl-frc_CharitableDonations_lbl" xlink:role="http://www.xbrl.org/2003/role/label" xml:lang="en" xlink:type="resource" xlink:label="dpl-frc_CharitableDonations_en">Charitable donations</link:label>
        <link:label id="dpl-frc_GainLossOnNegativeGoodwillbargainPurchasesReleasedToIncome_lbl" xlink:role="http://www.xbrl.org/2003/role/label" xml:lang="en" xlink:type="resource" xlink:label="dpl-frc_GainLossOnNegativeGoodwillbargainPurchasesReleasedToIncome_en">Gain (loss) on negative goodwill/bargain purchases released to income</link:label>
        <link:label id="dpl-frc_IncomeFromOtherInvestments_lbl" xlink:role="http://www.xbrl.org/2003/role/label" xml:lang="en" xlink:type="resource" xlink:label="dpl-frc_IncomeFromOtherInvestments_en">Income from other investments</link:label>
        <link:label id="dpl-frc_RedundancyCostsExcludingDirectors_lbl" xlink:role="http://www.xbrl.org/2003/role/label" xml:lang="en" xlink:type="resource" xlink:label="dpl-frc_RedundancyCostsExcludingDirectors_en">Redundancy costs, excluding directors</link:label>
        <link:label id="dpl-frc_Sub-totalsNotIncludedElsewhereHeading_lbl" xlink:role="http://www.xbrl.org/2003/role/label" xml:lang="en" xlink:type="resource" xlink:label="dpl-frc_Sub-totalsNotIncludedElsewhereHeading_en">Sub-totals not included elsewhere [heading]</link:label>
        <link:labelArc xlink:arcrole="http://www.xbrl.org/2003/arcrole/concept-label" xlink:from="bus_DescriptionPrincipalActivities" xlink:to="bus_DescriptionPrincipalActivities_en" xlink:type="arc"/>
        <link:labelArc xlink:arcrole="http://www.xbrl.org/2003/arcrole/concept-label" xlink:from="dpl-frc_CharitableDonations" xlink:to="dpl-frc_CharitableDonations_en" xlink:type="arc"/>
        <link:labelArc xlink:arcrole="http://www.xbrl.org/2003/arcrole/concept-label" xlink:from="dpl-frc_GainLossOnNegativeGoodwillbargainPurchasesReleasedToIncome" xlink:to="dpl-frc_GainLossOnNegativeGoodwillbargainPurchasesReleasedToIncome_en" xlink:type="arc"/>
        <link:labelArc xlink:arcrole="http://www.xbrl.org/2003/arcrole/concept-label" xlink:from="dpl-frc_IncomeFromOtherInvestments" xlink:to="dpl-frc_IncomeFromOtherInvestments_en" xlink:type="arc"/>
        <link:labelArc xlink:arcrole="http://www.xbrl.org/2003/arcrole/concept-label" xlink:from="dpl-frc_RedundancyCostsExcludingDirectors" xlink:to="dpl-frc_RedundancyCostsExcludingDirectors_en" xlink:type="arc"/>
        <link:labelArc xlink:arcrole="http://www.xbrl.org/2003/arcrole/concept-label" xlink:from="dpl-frc_Sub-totalsNotIncludedElsewhereHeading" xlink:to="dpl-frc_Sub-totalsNotIncludedElsewhereHeading_en" xlink:type="arc"/>
    </link:labelLink>
</link:linkbase>
