<?xml version="1.0" encoding="UTF-8" standalone="yes"?>
<link:linkbase xmlns:xsi="http://www.w3.org/2001/XMLSchema-instance" xmlns:link="http://www.xbrl.org/2003/linkbase" xmlns:xlink="http://www.w3.org/1999/xlink" xmlns:xsd="http://www.w3.org/2001/XMLSchema" xmlns:nonnum="http://www.xbrl.org/dtr/type/non-numeric" xmlns:xbrldt="http://xbrl.org/2005/xbrldt" xmlns:xbrli="http://www.xbrl.org/2003/instance" xsi:schemaLocation="http://www.xbrl.org/2003/linkbase http://www.xbrl.org/2003/xbrl-linkbase-2003-12-31.xsd http://www.w3.org/1999/xlink http://www.xbrl.org/2003/xlink-2003-12-31.xsd">
    <link:roleRef xlink:href="http://www.hmrc.gov.uk/schemas/ct/dpl/2013-10-01/dpl-core/2013-10-01/dpl-2013-10-01.xsd#fullDetailedProfitandLoss_18a782d" roleURI="http://www.govtalk.gov.uk/uk/fr/tax/dpl-core/2013-10-01/role/FullDetailedProfitandLoss" xlink:type="simple"/>
    <link:presentationLink xlink:role="http://www.govtalk.gov.uk/uk/fr/tax/dpl-core/2013-10-01/role/FullDetailedProfitandLoss" xlink:type="extended">
        <link:loc xlink:href="dpl-frc-2015-02-14.xsd#dpl-frc_CharitableDonations" xlink:type="locator" xlink:label="dpl-frc_CharitableDonations"></link:loc>
        <link:loc xlink:href="dpl-frc-2015-02-14.xsd#dpl-frc_GainLossOnNegativeGoodwillbargainPurchasesReleasedToIncome" xlink:type="locator" xlink:label="dpl-frc_GainLossOnNegativeGoodwillbargainPurchasesReleasedToIncome"></link:loc>
        <link:loc xlink:href="dpl-frc-2015-02-14.xsd#dpl-frc_IncomeFromOtherInvestments" xlink:type="locator" xlink:label="dpl-frc_IncomeFromOtherInvestments"></link:loc>
        <link:loc xlink:href="dpl-frc-2015-02-14.xsd#dpl-frc_RedundancyCostsExcludingDirectors" xlink:type="locator" xlink:label="dpl-frc_RedundancyCostsExcludingDirectors"></link:loc>
        <link:loc xlink:href="dpl-frc-2015-02-14.xsd#dpl-frc_Sub-totalsNotIncludedElsewhereHeading" xlink:type="locator" xlink:label="dpl-frc_Sub-totalsNotIncludedElsewhereHeading"></link:loc>
        <link:loc xlink:href="http://www.hmrc.gov.uk/schemas/ct/dpl/2013-10-01/dpl-core/2013-10-01/dpl-2013-10-01.xsd#dpl_Bonuses" xlink:type="locator" xlink:label="dpl_Bonuses"></link:loc>
        <link:loc xlink:href="http://www.hmrc.gov.uk/schemas/ct/dpl/2013-10-01/dpl-core/2013-10-01/dpl-2013-10-01.xsd#dpl_DepreciationAmortisationImpairmentCostsHeading" xlink:type="locator" xlink:label="dpl_DepreciationAmortisationImpairmentCostsHeading"></link:loc>
        <link:loc xlink:href="http://www.hmrc.gov.uk/schemas/ct/dpl/2013-10-01/dpl-core/2013-10-01/dpl-2013-10-01.xsd#dpl_DescriptionSpecificActivity-ForUseWithGenericActivityDimensionTagsHeading" xlink:type="locator" xlink:label="dpl_DescriptionSpecificActivity-ForUseWithGenericActivityDimensionTagsHeading"></link:loc>
        <link:loc xlink:href="http://www.hmrc.gov.uk/schemas/ct/dpl/2013-10-01/dpl-core/2013-10-01/dpl-2013-10-01.xsd#dpl_DetailedProfitLossHeading" xlink:type="locator" xlink:label="dpl_DetailedProfitLossHeading"></link:loc>
        <link:loc xlink:href="http://www.hmrc.gov.uk/schemas/ct/dpl/2013-10-01/dpl-core/2013-10-01/dpl-2013-10-01.xsd#dpl_DimensionTagsUsedWithDetailedProfitLossItemsHeading" xlink:type="locator" xlink:label="dpl_DimensionTagsUsedWithDetailedProfitLossItemsHeading"></link:loc>
        <link:loc xlink:href="http://www.hmrc.gov.uk/schemas/ct/dpl/2013-10-01/dpl-core/2013-10-01/dpl-2013-10-01.xsd#dpl_FairValueGainsLossesOnDistributionNon-cashAssets" xlink:type="locator" xlink:label="dpl_FairValueGainsLossesOnDistributionNon-cashAssets"></link:loc>
        <link:loc xlink:href="http://www.hmrc.gov.uk/schemas/ct/dpl/2013-10-01/dpl-core/2013-10-01/dpl-2013-10-01.xsd#dpl_Finance-relatedCostsNetItemsHeading" xlink:type="locator" xlink:label="dpl_Finance-relatedCostsNetItemsHeading"></link:loc>
        <link:loc xlink:href="http://www.hmrc.gov.uk/schemas/ct/dpl/2013-10-01/dpl-core/2013-10-01/dpl-2013-10-01.xsd#dpl_FinanceIncomeNetItemsHeading" xlink:type="locator" xlink:label="dpl_FinanceIncomeNetItemsHeading"></link:loc>
        <link:loc xlink:href="http://www.hmrc.gov.uk/schemas/ct/dpl/2013-10-01/dpl-core/2013-10-01/dpl-2013-10-01.xsd#dpl_GeneralServicesExpensesHeading" xlink:type="locator" xlink:label="dpl_GeneralServicesExpensesHeading"></link:loc>
        <link:loc xlink:href="http://www.hmrc.gov.uk/schemas/ct/dpl/2013-10-01/dpl-core/2013-10-01/dpl-2013-10-01.xsd#dpl_GovernmentGrantIncome" xlink:type="locator" xlink:label="dpl_GovernmentGrantIncome"></link:loc>
        <link:loc xlink:href="http://www.hmrc.gov.uk/schemas/ct/dpl/2013-10-01/dpl-core/2013-10-01/dpl-2013-10-01.xsd#dpl_IncreaseDecreaseInStocksInventories" xlink:type="locator" xlink:label="dpl_IncreaseDecreaseInStocksInventories"></link:loc>
        <link:loc xlink:href="http://www.hmrc.gov.uk/schemas/ct/dpl/2013-10-01/dpl-core/2013-10-01/dpl-2013-10-01.xsd#dpl_InsuranceCosts" xlink:type="locator" xlink:label="dpl_InsuranceCosts"></link:loc>
        <link:loc xlink:href="http://www.hmrc.gov.uk/schemas/ct/dpl/2013-10-01/dpl-core/2013-10-01/dpl-2013-10-01.xsd#dpl_Non-operatingIncomeNetItemsHeading" xlink:type="locator" xlink:label="dpl_Non-operatingIncomeNetItemsHeading"></link:loc>
        <link:loc xlink:href="http://www.hmrc.gov.uk/schemas/ct/dpl/2013-10-01/dpl-core/2013-10-01/dpl-2013-10-01.xsd#dpl_OperationalAdministrationCostsHeading" xlink:type="locator" xlink:label="dpl_OperationalAdministrationCostsHeading"></link:loc>
        <link:loc xlink:href="http://www.hmrc.gov.uk/schemas/ct/dpl/2013-10-01/dpl-core/2013-10-01/dpl-2013-10-01.xsd#dpl_OtherItemsHeading" xlink:type="locator" xlink:label="dpl_OtherItemsHeading"></link:loc>
        <link:loc xlink:href="http://www.hmrc.gov.uk/schemas/ct/dpl/2013-10-01/dpl-core/2013-10-01/dpl-2013-10-01.xsd#dpl_OtherOperatingIncomeNetItemsHeading" xlink:type="locator" xlink:label="dpl_OtherOperatingIncomeNetItemsHeading"></link:loc>
        <link:loc xlink:href="http://www.hmrc.gov.uk/schemas/ct/dpl/2013-10-01/dpl-core/2013-10-01/dpl-2013-10-01.xsd#dpl_OtherRepairsMaintenanceCosts" xlink:type="locator" xlink:label="dpl_OtherRepairsMaintenanceCosts"></link:loc>
        <link:loc xlink:href="http://www.hmrc.gov.uk/schemas/ct/dpl/2013-10-01/dpl-core/2013-10-01/dpl-2013-10-01.xsd#dpl_OtherStaffCosts" xlink:type="locator" xlink:label="dpl_OtherStaffCosts"></link:loc>
        <link:loc xlink:href="http://www.hmrc.gov.uk/schemas/ct/dpl/2013-10-01/dpl-core/2013-10-01/dpl-2013-10-01.xsd#dpl_ProfitTaxTotalsHeadingCopy" xlink:type="locator" xlink:label="dpl_ProfitTaxTotalsHeadingCopy"></link:loc>
        <link:loc xlink:href="http://www.hmrc.gov.uk/schemas/ct/dpl/2013-10-01/dpl-core/2013-10-01/dpl-2013-10-01.xsd#dpl_PropertyPlantRelatedCostsHeading" xlink:type="locator" xlink:label="dpl_PropertyPlantRelatedCostsHeading"></link:loc>
        <link:loc xlink:href="http://www.hmrc.gov.uk/schemas/ct/dpl/2013-10-01/dpl-core/2013-10-01/dpl-2013-10-01.xsd#dpl_PropertyRepairsMaintenanceCosts" xlink:type="locator" xlink:label="dpl_PropertyRepairsMaintenanceCosts"></link:loc>
        <link:loc xlink:href="http://www.hmrc.gov.uk/schemas/ct/dpl/2013-10-01/dpl-core/2013-10-01/dpl-2013-10-01.xsd#dpl_PurchaseRawMaterialsConsumables" xlink:type="locator" xlink:label="dpl_PurchaseRawMaterialsConsumables"></link:loc>
        <link:loc xlink:href="http://www.hmrc.gov.uk/schemas/ct/dpl/2013-10-01/dpl-core/2013-10-01/dpl-2013-10-01.xsd#dpl_RemunerationTrustExpenses" xlink:type="locator" xlink:label="dpl_RemunerationTrustExpenses"></link:loc>
        <link:loc xlink:href="http://www.hmrc.gov.uk/schemas/ct/dpl/2013-10-01/dpl-core/2013-10-01/dpl-2013-10-01.xsd#dpl_ResidualNon-operatingGainLoss" xlink:type="locator" xlink:label="dpl_ResidualNon-operatingGainLoss"></link:loc>
        <link:loc xlink:href="http://www.hmrc.gov.uk/schemas/ct/dpl/2013-10-01/dpl-core/2013-10-01/dpl-2013-10-01.xsd#dpl_RoyaltiesOrSimilarPaymentsForIntellectualProperty" xlink:type="locator" xlink:label="dpl_RoyaltiesOrSimilarPaymentsForIntellectualProperty"></link:loc>
        <link:loc xlink:href="http://www.hmrc.gov.uk/schemas/ct/dpl/2013-10-01/dpl-core/2013-10-01/dpl-2013-10-01.xsd#dpl_StaffCostsDirectors" xlink:type="locator" xlink:label="dpl_StaffCostsDirectors"></link:loc>
        <link:loc xlink:href="http://www.hmrc.gov.uk/schemas/ct/dpl/2013-10-01/dpl-core/2013-10-01/dpl-2013-10-01.xsd#dpl_StaffCostsExcludingDirectors" xlink:type="locator" xlink:label="dpl_StaffCostsExcludingDirectors"></link:loc>
        <link:loc xlink:href="http://www.hmrc.gov.uk/schemas/ct/dpl/2013-10-01/dpl-core/2013-10-01/dpl-2013-10-01.xsd#dpl_StaffEmploymentRelatedCostsHeading" xlink:type="locator" xlink:label="dpl_StaffEmploymentRelatedCostsHeading"></link:loc>
        <link:loc xlink:href="http://www.hmrc.gov.uk/schemas/ct/dpl/2013-10-01/dpl-core/2013-10-01/dpl-2013-10-01.xsd#dpl_StocksInventoriesHeading" xlink:type="locator" xlink:label="dpl_StocksInventoriesHeading"></link:loc>
        <link:loc xlink:href="http://www.hmrc.gov.uk/schemas/ct/dpl/2013-10-01/dpl-core/2013-10-01/dpl-2013-10-01.xsd#dpl_StocksInventoriesStartEndPeriodHeading" xlink:type="locator" xlink:label="dpl_StocksInventoriesStartEndPeriodHeading"></link:loc>
        <link:loc xlink:href="http://www.hmrc.gov.uk/schemas/ct/dpl/2013-10-01/dpl-core/2013-10-01/dpl-2013-10-01.xsd#dpl_TradingIncomeHeading" xlink:type="locator" xlink:label="dpl_TradingIncomeHeading"></link:loc>
        <link:loc xlink:href="http://www.hmrc.gov.uk/schemas/ct/dpl/2013-10-01/dpl-core/2013-10-01/dpl-2013-10-01.xsd#dpl_UtilitiesCosts" xlink:type="locator" xlink:label="dpl_UtilitiesCosts"></link:loc>
        <link:loc xlink:href="https://xbrl.frc.org.uk/cd/2014-09-01/business/bus-2014-09-01.xsd#bus_DescriptionPrincipalActivities" xlink:type="locator" xlink:label="bus_DescriptionPrincipalActivities"></link:loc>
        <link:loc xlink:href="https://xbrl.frc.org.uk/fr/2014-09-01/core/frc-core-2014-09-01.xsd#core_AccountingPolicyChangeIncreaseDecrease" xlink:type="locator" xlink:label="core_AccountingPolicyChangeIncreaseDecrease"></link:loc>
        <link:loc xlink:href="https://xbrl.frc.org.uk/fr/2014-09-01/core/frc-core-2014-09-01.xsd#core_AmortisationExpenseIntangibleAssets" xlink:type="locator" xlink:label="core_AmortisationExpenseIntangibleAssets"></link:loc>
        <link:loc xlink:href="https://xbrl.frc.org.uk/fr/2014-09-01/core/frc-core-2014-09-01.xsd#core_ContinuingDiscontinuedOperationsDimension" xlink:type="locator" xlink:label="core_ContinuingDiscontinuedOperationsDimension"></link:loc>
        <link:loc xlink:href="https://xbrl.frc.org.uk/fr/2014-09-01/core/frc-core-2014-09-01.xsd#core_ContinuingDiscontinuedOperationsTotalDefault" xlink:type="locator" xlink:label="core_ContinuingDiscontinuedOperationsTotalDefault"></link:loc>
        <link:loc xlink:href="https://xbrl.frc.org.uk/fr/2014-09-01/core/frc-core-2014-09-01.xsd#core_ContinuingOperations" xlink:type="locator" xlink:label="core_ContinuingOperations"></link:loc>
        <link:loc xlink:href="https://xbrl.frc.org.uk/fr/2014-09-01/core/frc-core-2014-09-01.xsd#core_DepreciationAmortisationExpense" xlink:type="locator" xlink:label="core_DepreciationAmortisationExpense"></link:loc>
        <link:loc xlink:href="https://xbrl.frc.org.uk/fr/2014-09-01/core/frc-core-2014-09-01.xsd#core_DepreciationExpensePropertyPlantEquipment" xlink:type="locator" xlink:label="core_DepreciationExpensePropertyPlantEquipment"></link:loc>
        <link:loc xlink:href="https://xbrl.frc.org.uk/fr/2014-09-01/core/frc-core-2014-09-01.xsd#core_DiscontinuedOperations" xlink:type="locator" xlink:label="core_DiscontinuedOperations"></link:loc>
        <link:loc xlink:href="https://xbrl.frc.org.uk/fr/2014-09-01/core/frc-core-2014-09-01.xsd#core_FinishedGoods" xlink:type="locator" xlink:label="core_FinishedGoods"></link:loc>
        <link:loc xlink:href="https://xbrl.frc.org.uk/fr/2014-09-01/core/frc-core-2014-09-01.xsd#core_GainLossAfterTaxOnSaleDiscontinuedOperations" xlink:type="locator" xlink:label="core_GainLossAfterTaxOnSaleDiscontinuedOperations"></link:loc>
        <link:loc xlink:href="https://xbrl.frc.org.uk/fr/2014-09-01/core/frc-core-2014-09-01.xsd#core_GainLossFromChangesInProvisions" xlink:type="locator" xlink:label="core_GainLossFromChangesInProvisions"></link:loc>
        <link:loc xlink:href="https://xbrl.frc.org.uk/fr/2014-09-01/core/frc-core-2014-09-01.xsd#core_GainLossFromFairValueAdjustmentBiologicalAssetsFairValueModel" xlink:type="locator" xlink:label="core_GainLossFromFairValueAdjustmentBiologicalAssetsFairValueModel"></link:loc>
        <link:loc xlink:href="https://xbrl.frc.org.uk/fr/2014-09-01/core/frc-core-2014-09-01.xsd#core_GainLossFromFairValueAdjustmentInvestmentPropertyRecognisedInProfitOrLoss" xlink:type="locator" xlink:label="core_GainLossFromFairValueAdjustmentInvestmentPropertyRecognisedInProfitOrLoss"></link:loc>
        <link:loc xlink:href="https://xbrl.frc.org.uk/fr/2014-09-01/core/frc-core-2014-09-01.xsd#core_GainLossOnDisposalsIntangibleAssets" xlink:type="locator" xlink:label="core_GainLossOnDisposalsIntangibleAssets"></link:loc>
        <link:loc xlink:href="https://xbrl.frc.org.uk/fr/2014-09-01/core/frc-core-2014-09-01.xsd#core_GainLossOnDisposalsPropertyPlantEquipment" xlink:type="locator" xlink:label="core_GainLossOnDisposalsPropertyPlantEquipment"></link:loc>
        <link:loc xlink:href="https://xbrl.frc.org.uk/fr/2014-09-01/core/frc-core-2014-09-01.xsd#core_GovernmentGrantIncome" xlink:type="locator" xlink:label="core_GovernmentGrantIncome"></link:loc>
        <link:loc xlink:href="https://xbrl.frc.org.uk/fr/2014-09-01/core/frc-core-2014-09-01.xsd#core_GrossProfitLoss" xlink:type="locator" xlink:label="core_GrossProfitLoss"></link:loc>
        <link:loc xlink:href="https://xbrl.frc.org.uk/fr/2014-09-01/core/frc-core-2014-09-01.xsd#core_ImpairmentLossReversalIntangibleAssets" xlink:type="locator" xlink:label="core_ImpairmentLossReversalIntangibleAssets"></link:loc>
        <link:loc xlink:href="https://xbrl.frc.org.uk/fr/2014-09-01/core/frc-core-2014-09-01.xsd#core_ImpairmentLossReversalInvestmentInSubsidiariesAssociatesJointVentures" xlink:type="locator" xlink:label="core_ImpairmentLossReversalInvestmentInSubsidiariesAssociatesJointVentures"></link:loc>
        <link:loc xlink:href="https://xbrl.frc.org.uk/fr/2014-09-01/core/frc-core-2014-09-01.xsd#core_ImpairmentLossReversalOnInvestments" xlink:type="locator" xlink:label="core_ImpairmentLossReversalOnInvestments"></link:loc>
        <link:loc xlink:href="https://xbrl.frc.org.uk/fr/2014-09-01/core/frc-core-2014-09-01.xsd#core_ImpairmentLossReversalPropertyPlantEquipment" xlink:type="locator" xlink:label="core_ImpairmentLossReversalPropertyPlantEquipment"></link:loc>
        <link:loc xlink:href="https://xbrl.frc.org.uk/fr/2014-09-01/core/frc-core-2014-09-01.xsd#core_IncomeTaxExpenseCredit" xlink:type="locator" xlink:label="core_IncomeTaxExpenseCredit"></link:loc>
        <link:loc xlink:href="https://xbrl.frc.org.uk/fr/2014-09-01/core/frc-core-2014-09-01.xsd#core_IncreaseDecreaseInStocksInventoriesFinishedGoodsWorkInProgress" xlink:type="locator" xlink:label="core_IncreaseDecreaseInStocksInventoriesFinishedGoodsWorkInProgress"></link:loc>
        <link:loc xlink:href="https://xbrl.frc.org.uk/fr/2014-09-01/core/frc-core-2014-09-01.xsd#core_IncreaseInAssetsDefinedBenefitPlanFromInterestIncome" xlink:type="locator" xlink:label="core_IncreaseInAssetsDefinedBenefitPlanFromInterestIncome"></link:loc>
        <link:loc xlink:href="https://xbrl.frc.org.uk/fr/2014-09-01/core/frc-core-2014-09-01.xsd#core_IncreaseInAssetsDefinedBenefitPlanFromReturnOnAssetsNetInterestIncome" xlink:type="locator" xlink:label="core_IncreaseInAssetsDefinedBenefitPlanFromReturnOnAssetsNetInterestIncome"></link:loc>
        <link:loc xlink:href="https://xbrl.frc.org.uk/fr/2014-09-01/core/frc-core-2014-09-01.xsd#core_InsuranceCosts" xlink:type="locator" xlink:label="core_InsuranceCosts"></link:loc>
        <link:loc xlink:href="https://xbrl.frc.org.uk/fr/2014-09-01/core/frc-core-2014-09-01.xsd#core_InterestExpenseOnBankOverdraftsBankLoansSimilarBorrowings" xlink:type="locator" xlink:label="core_InterestExpenseOnBankOverdraftsBankLoansSimilarBorrowings"></link:loc>
        <link:loc xlink:href="https://xbrl.frc.org.uk/fr/2014-09-01/core/frc-core-2014-09-01.xsd#core_InterestExpenseOnObligationsUnderFinanceLeasesHirePurchaseContracts" xlink:type="locator" xlink:label="core_InterestExpenseOnObligationsUnderFinanceLeasesHirePurchaseContracts"></link:loc>
        <link:loc xlink:href="https://xbrl.frc.org.uk/fr/2014-09-01/core/frc-core-2014-09-01.xsd#core_InterestExpenseOnPreferenceSharesClassifiedAsDebt" xlink:type="locator" xlink:label="core_InterestExpenseOnPreferenceSharesClassifiedAsDebt"></link:loc>
        <link:loc xlink:href="https://xbrl.frc.org.uk/fr/2014-09-01/core/frc-core-2014-09-01.xsd#core_Merchandise" xlink:type="locator" xlink:label="core_Merchandise"></link:loc>
        <link:loc xlink:href="https://xbrl.frc.org.uk/fr/2014-09-01/core/frc-core-2014-09-01.xsd#core_Non-cashAssetsDeclaredForDistributionToOwnersAfterEndReportingPeriodFairValue" xlink:type="locator" xlink:label="core_Non-cashAssetsDeclaredForDistributionToOwnersAfterEndReportingPeriodFairValue"></link:loc>
        <link:loc xlink:href="https://xbrl.frc.org.uk/fr/2014-09-01/core/frc-core-2014-09-01.xsd#core_Non-currentAssetsDisposalGroupsHeldForSale" xlink:type="locator" xlink:label="core_Non-currentAssetsDisposalGroupsHeldForSale"></link:loc>
        <link:loc xlink:href="https://xbrl.frc.org.uk/fr/2014-09-01/core/frc-core-2014-09-01.xsd#core_OperatingProfitLoss" xlink:type="locator" xlink:label="core_OperatingProfitLoss"></link:loc>
        <link:loc xlink:href="https://xbrl.frc.org.uk/fr/2014-09-01/core/frc-core-2014-09-01.xsd#core_OriginalAmountDefault" xlink:type="locator" xlink:label="core_OriginalAmountDefault"></link:loc>
        <link:loc xlink:href="https://xbrl.frc.org.uk/fr/2014-09-01/core/frc-core-2014-09-01.xsd#core_OtherInventories" xlink:type="locator" xlink:label="core_OtherInventories"></link:loc>
        <link:loc xlink:href="https://xbrl.frc.org.uk/fr/2014-09-01/core/frc-core-2014-09-01.xsd#core_OtherNon-operatingNetGainLossBeforeTax" xlink:type="locator" xlink:label="core_OtherNon-operatingNetGainLossBeforeTax"></link:loc>
        <link:loc xlink:href="https://xbrl.frc.org.uk/fr/2014-09-01/core/frc-core-2014-09-01.xsd#core_OtherOperatingExpensesByFunction" xlink:type="locator" xlink:label="core_OtherOperatingExpensesByFunction"></link:loc>
        <link:loc xlink:href="https://xbrl.frc.org.uk/fr/2014-09-01/core/frc-core-2014-09-01.xsd#core_OtherOperatingExpensesByNature" xlink:type="locator" xlink:label="core_OtherOperatingExpensesByNature"></link:loc>
        <link:loc xlink:href="https://xbrl.frc.org.uk/fr/2014-09-01/core/frc-core-2014-09-01.xsd#core_OtherOperatingIncome" xlink:type="locator" xlink:label="core_OtherOperatingIncome"></link:loc>
        <link:loc xlink:href="https://xbrl.frc.org.uk/fr/2014-09-01/core/frc-core-2014-09-01.xsd#core_OtherRepairsMaintenanceExpense" xlink:type="locator" xlink:label="core_OtherRepairsMaintenanceExpense"></link:loc>
        <link:loc xlink:href="https://xbrl.frc.org.uk/fr/2014-09-01/core/frc-core-2014-09-01.xsd#core_OwnWorkCapitalised" xlink:type="locator" xlink:label="core_OwnWorkCapitalised"></link:loc>
        <link:loc xlink:href="https://xbrl.frc.org.uk/fr/2014-09-01/core/frc-core-2014-09-01.xsd#core_PensionCostsDefinedBenefitPlan" xlink:type="locator" xlink:label="core_PensionCostsDefinedBenefitPlan"></link:loc>
        <link:loc xlink:href="https://xbrl.frc.org.uk/fr/2014-09-01/core/frc-core-2014-09-01.xsd#core_PensionCostsDefinedContributionPlan" xlink:type="locator" xlink:label="core_PensionCostsDefinedContributionPlan"></link:loc>
        <link:loc xlink:href="https://xbrl.frc.org.uk/fr/2014-09-01/core/frc-core-2014-09-01.xsd#core_PriorPeriodErrorIncreaseDecrease" xlink:type="locator" xlink:label="core_PriorPeriodErrorIncreaseDecrease"></link:loc>
        <link:loc xlink:href="https://xbrl.frc.org.uk/fr/2014-09-01/core/frc-core-2014-09-01.xsd#core_PriorPeriodIncreaseDecrease" xlink:type="locator" xlink:label="core_PriorPeriodIncreaseDecrease"></link:loc>
        <link:loc xlink:href="https://xbrl.frc.org.uk/fr/2014-09-01/core/frc-core-2014-09-01.xsd#core_ProductionSupplies" xlink:type="locator" xlink:label="core_ProductionSupplies"></link:loc>
        <link:loc xlink:href="https://xbrl.frc.org.uk/fr/2014-09-01/core/frc-core-2014-09-01.xsd#core_ProfitLoss" xlink:type="locator" xlink:label="core_ProfitLoss"></link:loc>
        <link:loc xlink:href="https://xbrl.frc.org.uk/fr/2014-09-01/core/frc-core-2014-09-01.xsd#core_ProfitLossBeforeTax" xlink:type="locator" xlink:label="core_ProfitLossBeforeTax"></link:loc>
        <link:loc xlink:href="https://xbrl.frc.org.uk/fr/2014-09-01/core/frc-core-2014-09-01.xsd#core_RawMaterials" xlink:type="locator" xlink:label="core_RawMaterials"></link:loc>
        <link:loc xlink:href="https://xbrl.frc.org.uk/fr/2014-09-01/core/frc-core-2014-09-01.xsd#core_RawMaterialsConsumables" xlink:type="locator" xlink:label="core_RawMaterialsConsumables"></link:loc>
        <link:loc xlink:href="https://xbrl.frc.org.uk/fr/2014-09-01/core/frc-core-2014-09-01.xsd#core_RawMaterialsConsumablesUsed" xlink:type="locator" xlink:label="core_RawMaterialsConsumablesUsed"></link:loc>
        <link:loc xlink:href="https://xbrl.frc.org.uk/fr/2014-09-01/core/frc-core-2014-09-01.xsd#core_RedundancyCosts" xlink:type="locator" xlink:label="core_RedundancyCosts"></link:loc>
        <link:loc xlink:href="https://xbrl.frc.org.uk/fr/2014-09-01/core/frc-core-2014-09-01.xsd#core_RepairsMaintenanceExpenseProperty-related" xlink:type="locator" xlink:label="core_RepairsMaintenanceExpenseProperty-related"></link:loc>
        <link:loc xlink:href="https://xbrl.frc.org.uk/fr/2014-09-01/core/frc-core-2014-09-01.xsd#core_ResearchDevelopmentExpenseRecognisedInProfitOrLoss" xlink:type="locator" xlink:label="core_ResearchDevelopmentExpenseRecognisedInProfitOrLoss"></link:loc>
        <link:loc xlink:href="https://xbrl.frc.org.uk/fr/2014-09-01/core/frc-core-2014-09-01.xsd#core_RestatedAmount" xlink:type="locator" xlink:label="core_RestatedAmount"></link:loc>
        <link:loc xlink:href="https://xbrl.frc.org.uk/fr/2014-09-01/core/frc-core-2014-09-01.xsd#core_RestatementsFirstTimeAdoptionDimension" xlink:type="locator" xlink:label="core_RestatementsFirstTimeAdoptionDimension"></link:loc>
        <link:loc xlink:href="https://xbrl.frc.org.uk/fr/2014-09-01/core/frc-core-2014-09-01.xsd#core_RestructuringCosts" xlink:type="locator" xlink:label="core_RestructuringCosts"></link:loc>
        <link:loc xlink:href="https://xbrl.frc.org.uk/fr/2014-09-01/core/frc-core-2014-09-01.xsd#core_RoyaltiesLicencesSimilarExpense" xlink:type="locator" xlink:label="core_RoyaltiesLicencesSimilarExpense"></link:loc>
        <link:loc xlink:href="https://xbrl.frc.org.uk/fr/2014-09-01/core/frc-core-2014-09-01.xsd#core_Share-basedPaymentExpenseCashSettled" xlink:type="locator" xlink:label="core_Share-basedPaymentExpenseCashSettled"></link:loc>
        <link:loc xlink:href="https://xbrl.frc.org.uk/fr/2014-09-01/core/frc-core-2014-09-01.xsd#core_Share-basedPaymentExpenseEquitySettled" xlink:type="locator" xlink:label="core_Share-basedPaymentExpenseEquitySettled"></link:loc>
        <link:loc xlink:href="https://xbrl.frc.org.uk/fr/2014-09-01/core/frc-core-2014-09-01.xsd#core_SocialSecurityCosts" xlink:type="locator" xlink:label="core_SocialSecurityCosts"></link:loc>
        <link:loc xlink:href="https://xbrl.frc.org.uk/fr/2014-09-01/core/frc-core-2014-09-01.xsd#core_StaffCostsEmployeeBenefitsExpense" xlink:type="locator" xlink:label="core_StaffCostsEmployeeBenefitsExpense"></link:loc>
        <link:loc xlink:href="https://xbrl.frc.org.uk/fr/2014-09-01/core/frc-core-2014-09-01.xsd#core_TotalInventories" xlink:type="locator" xlink:label="core_TotalInventories"></link:loc>
        <link:loc xlink:href="https://xbrl.frc.org.uk/fr/2014-09-01/core/frc-core-2014-09-01.xsd#core_TotalOperatingLeasePayments" xlink:type="locator" xlink:label="core_TotalOperatingLeasePayments"></link:loc>
        <link:loc xlink:href="https://xbrl.frc.org.uk/fr/2014-09-01/core/frc-core-2014-09-01.xsd#core_TurnoverRevenue" xlink:type="locator" xlink:label="core_TurnoverRevenue"></link:loc>
        <link:loc xlink:href="https://xbrl.frc.org.uk/fr/2014-09-01/core/frc-core-2014-09-01.xsd#core_UnwindingDiscountOnProvisionsExpense" xlink:type="locator" xlink:label="core_UnwindingDiscountOnProvisionsExpense"></link:loc>
        <link:loc xlink:href="https://xbrl.frc.org.uk/fr/2014-09-01/core/frc-core-2014-09-01.xsd#core_UtilitiesCosts" xlink:type="locator" xlink:label="core_UtilitiesCosts"></link:loc>
        <link:loc xlink:href="https://xbrl.frc.org.uk/fr/2014-09-01/core/frc-core-2014-09-01.xsd#core_WagesSalaries" xlink:type="locator" xlink:label="core_WagesSalaries"></link:loc>
        <link:loc xlink:href="https://xbrl.frc.org.uk/fr/2014-09-01/core/frc-core-2014-09-01.xsd#core_WorkInProgress" xlink:type="locator" xlink:label="core_WorkInProgress"></link:loc>
        <link:loc xlink:href="https://xbrl.frc.org.uk/reports/2014-09-01/direp/direp-2014-09-01.xsd#direp_BonusesDirectors" xlink:type="locator" xlink:label="direp_BonusesDirectors"></link:loc>
        <link:loc xlink:href="https://xbrl.frc.org.uk/reports/2014-09-01/direp/direp-2014-09-01.xsd#direp_CompanyContributionsToDefinedBenefitPlansDirectors" xlink:type="locator" xlink:label="direp_CompanyContributionsToDefinedBenefitPlansDirectors"></link:loc>
        <link:loc xlink:href="https://xbrl.frc.org.uk/reports/2014-09-01/direp/direp-2014-09-01.xsd#direp_CompanyContributionsToMoneyPurchasePlansDirectors" xlink:type="locator" xlink:label="direp_CompanyContributionsToMoneyPurchasePlansDirectors"></link:loc>
        <link:loc xlink:href="https://xbrl.frc.org.uk/reports/2014-09-01/direp/direp-2014-09-01.xsd#direp_CompensationForLossOfficeDirectors" xlink:type="locator" xlink:label="direp_CompensationForLossOfficeDirectors"></link:loc>
        <link:loc xlink:href="https://xbrl.frc.org.uk/reports/2014-09-01/direp/direp-2014-09-01.xsd#direp_PaymentsToThirdPartiesForDirectorServices" xlink:type="locator" xlink:label="direp_PaymentsToThirdPartiesForDirectorServices"></link:loc>
        <link:loc xlink:href="https://xbrl.frc.org.uk/reports/2014-09-01/direp/direp-2014-09-01.xsd#direp_PoliticalDonations" xlink:type="locator" xlink:label="direp_PoliticalDonations"></link:loc>
        <link:loc xlink:href="https://xbrl.frc.org.uk/reports/2014-09-01/direp/direp-2014-09-01.xsd#direp_SalariesFeesDirectors" xlink:type="locator" xlink:label="direp_SalariesFeesDirectors"></link:loc>
        <link:presentationArc order="1" xlink:arcrole="http://www.xbrl.org/2003/arcrole/parent-child" xlink:from="core_ContinuingDiscontinuedOperationsDimension" xlink:to="core_ContinuingDiscontinuedOperationsTotalDefault" xlink:type="arc"/>
        <link:presentationArc order="1" xlink:arcrole="http://www.xbrl.org/2003/arcrole/parent-child" xlink:from="core_ContinuingDiscontinuedOperationsTotalDefault" xlink:to="core_ContinuingOperations" xlink:type="arc"/>
        <link:presentationArc order="2" xlink:arcrole="http://www.xbrl.org/2003/arcrole/parent-child" xlink:from="core_ContinuingDiscontinuedOperationsTotalDefault" xlink:to="core_DiscontinuedOperations" xlink:type="arc"/>
        <link:presentationArc order="3" xlink:arcrole="http://www.xbrl.org/2003/arcrole/parent-child" xlink:from="core_ContinuingDiscontinuedOperationsTotalDefault" xlink:to="core_Non-currentAssetsDisposalGroupsHeldForSale" xlink:type="arc"/>
        <link:presentationArc order="1" xlink:arcrole="http://www.xbrl.org/2003/arcrole/parent-child" xlink:from="core_IncreaseDecreaseInStocksInventoriesFinishedGoodsWorkInProgress" xlink:to="core_RawMaterialsConsumablesUsed" xlink:type="arc"/>
        <link:presentationArc order="1" xlink:arcrole="http://www.xbrl.org/2003/arcrole/parent-child" xlink:from="core_PriorPeriodIncreaseDecrease" xlink:to="core_AccountingPolicyChangeIncreaseDecrease" xlink:type="arc"/>
        <link:presentationArc order="2" xlink:arcrole="http://www.xbrl.org/2003/arcrole/parent-child" xlink:from="core_PriorPeriodIncreaseDecrease" xlink:to="core_PriorPeriodErrorIncreaseDecrease" xlink:type="arc"/>
        <link:presentationArc order="2" xlink:arcrole="http://www.xbrl.org/2003/arcrole/parent-child" xlink:from="core_RestatedAmount" xlink:to="core_OriginalAmountDefault" xlink:type="arc"/>
        <link:presentationArc order="1" xlink:arcrole="http://www.xbrl.org/2003/arcrole/parent-child" xlink:from="core_RestatedAmount" xlink:to="core_PriorPeriodIncreaseDecrease" xlink:type="arc"/>
        <link:presentationArc order="2" xlink:arcrole="http://www.xbrl.org/2003/arcrole/parent-child" xlink:from="core_RestatementsFirstTimeAdoptionDimension" xlink:to="core_OriginalAmountDefault" xlink:type="arc"/>
        <link:presentationArc order="1" xlink:arcrole="http://www.xbrl.org/2003/arcrole/parent-child" xlink:from="core_RestatementsFirstTimeAdoptionDimension" xlink:to="core_RestatedAmount" xlink:type="arc"/>
        <link:presentationArc order="5" xlink:arcrole="http://www.xbrl.org/2003/arcrole/parent-child" xlink:from="core_StaffCostsEmployeeBenefitsExpense" xlink:to="core_PensionCostsDefinedBenefitPlan" xlink:type="arc"/>
        <link:presentationArc order="4" xlink:arcrole="http://www.xbrl.org/2003/arcrole/parent-child" xlink:from="core_StaffCostsEmployeeBenefitsExpense" xlink:to="core_PensionCostsDefinedContributionPlan" xlink:type="arc"/>
        <link:presentationArc order="6" xlink:arcrole="http://www.xbrl.org/2003/arcrole/parent-child" xlink:from="core_StaffCostsEmployeeBenefitsExpense" xlink:to="core_RedundancyCosts" xlink:type="arc"/>
        <link:presentationArc order="8" xlink:arcrole="http://www.xbrl.org/2003/arcrole/parent-child" xlink:from="core_StaffCostsEmployeeBenefitsExpense" xlink:to="core_Share-basedPaymentExpenseCashSettled" xlink:type="arc"/>
        <link:presentationArc order="7" xlink:arcrole="http://www.xbrl.org/2003/arcrole/parent-child" xlink:from="core_StaffCostsEmployeeBenefitsExpense" xlink:to="core_Share-basedPaymentExpenseEquitySettled" xlink:type="arc"/>
        <link:presentationArc order="3" xlink:arcrole="http://www.xbrl.org/2003/arcrole/parent-child" xlink:from="core_StaffCostsEmployeeBenefitsExpense" xlink:to="core_SocialSecurityCosts" xlink:type="arc"/>
        <link:presentationArc order="1" xlink:arcrole="http://www.xbrl.org/2003/arcrole/parent-child" xlink:from="core_StaffCostsEmployeeBenefitsExpense" xlink:to="core_WagesSalaries" xlink:type="arc"/>
        <link:presentationArc order="2" xlink:arcrole="http://www.xbrl.org/2003/arcrole/parent-child" xlink:from="core_StaffCostsEmployeeBenefitsExpense" xlink:to="dpl_Bonuses" xlink:type="arc"/>
        <link:presentationArc order="10" xlink:arcrole="http://www.xbrl.org/2003/arcrole/parent-child" xlink:from="core_StaffCostsEmployeeBenefitsExpense" xlink:to="dpl_OtherStaffCosts" xlink:type="arc"/>
        <link:presentationArc order="9" xlink:arcrole="http://www.xbrl.org/2003/arcrole/parent-child" xlink:from="core_StaffCostsEmployeeBenefitsExpense" xlink:to="dpl_RemunerationTrustExpenses" xlink:type="arc"/>
        <link:presentationArc order="5" xlink:arcrole="http://www.xbrl.org/2003/arcrole/parent-child" xlink:from="core_TotalInventories" xlink:to="core_FinishedGoods" xlink:type="arc"/>
        <link:presentationArc order="2" xlink:arcrole="http://www.xbrl.org/2003/arcrole/parent-child" xlink:from="core_TotalInventories" xlink:to="core_Merchandise" xlink:type="arc"/>
        <link:presentationArc order="6" xlink:arcrole="http://www.xbrl.org/2003/arcrole/parent-child" xlink:from="core_TotalInventories" xlink:to="core_OtherInventories" xlink:type="arc"/>
        <link:presentationArc order="3" xlink:arcrole="http://www.xbrl.org/2003/arcrole/parent-child" xlink:from="core_TotalInventories" xlink:to="core_ProductionSupplies" xlink:type="arc"/>
        <link:presentationArc order="1" xlink:arcrole="http://www.xbrl.org/2003/arcrole/parent-child" xlink:from="core_TotalInventories" xlink:to="core_RawMaterials" xlink:type="arc"/>
        <link:presentationArc order="4" xlink:arcrole="http://www.xbrl.org/2003/arcrole/parent-child" xlink:from="core_TotalInventories" xlink:to="core_WorkInProgress" xlink:type="arc"/>
        <link:presentationArc order="3" xlink:arcrole="http://www.xbrl.org/2003/arcrole/parent-child" xlink:from="dpl-frc_Sub-totalsNotIncludedElsewhereHeading" xlink:to="core_DepreciationAmortisationExpense" xlink:type="arc"/>
        <link:presentationArc order="2" xlink:arcrole="http://www.xbrl.org/2003/arcrole/parent-child" xlink:from="dpl-frc_Sub-totalsNotIncludedElsewhereHeading" xlink:to="core_IncreaseDecreaseInStocksInventoriesFinishedGoodsWorkInProgress" xlink:type="arc"/>
        <link:presentationArc order="4" xlink:arcrole="http://www.xbrl.org/2003/arcrole/parent-child" xlink:from="dpl-frc_Sub-totalsNotIncludedElsewhereHeading" xlink:to="core_OtherOperatingExpensesByFunction" xlink:type="arc"/>
        <link:presentationArc order="5" xlink:arcrole="http://www.xbrl.org/2003/arcrole/parent-child" xlink:from="dpl-frc_Sub-totalsNotIncludedElsewhereHeading" xlink:to="core_OtherOperatingExpensesByNature" xlink:type="arc"/>
        <link:presentationArc order="1" xlink:arcrole="http://www.xbrl.org/2003/arcrole/parent-child" xlink:from="dpl-frc_Sub-totalsNotIncludedElsewhereHeading" xlink:to="core_RawMaterialsConsumables" xlink:type="arc"/>
        <link:presentationArc order="2" xlink:arcrole="http://www.xbrl.org/2003/arcrole/parent-child" xlink:from="dpl_DepreciationAmortisationImpairmentCostsHeading" xlink:to="core_AmortisationExpenseIntangibleAssets" xlink:type="arc"/>
        <link:presentationArc order="1" xlink:arcrole="http://www.xbrl.org/2003/arcrole/parent-child" xlink:from="dpl_DepreciationAmortisationImpairmentCostsHeading" xlink:to="core_DepreciationExpensePropertyPlantEquipment" xlink:type="arc"/>
        <link:presentationArc order="4" xlink:arcrole="http://www.xbrl.org/2003/arcrole/parent-child" xlink:from="dpl_DepreciationAmortisationImpairmentCostsHeading" xlink:to="core_ImpairmentLossReversalIntangibleAssets" xlink:type="arc"/>
        <link:presentationArc order="5" xlink:arcrole="http://www.xbrl.org/2003/arcrole/parent-child" xlink:from="dpl_DepreciationAmortisationImpairmentCostsHeading" xlink:to="core_ImpairmentLossReversalInvestmentInSubsidiariesAssociatesJointVentures" xlink:type="arc"/>
        <link:presentationArc order="3" xlink:arcrole="http://www.xbrl.org/2003/arcrole/parent-child" xlink:from="dpl_DepreciationAmortisationImpairmentCostsHeading" xlink:to="core_ImpairmentLossReversalPropertyPlantEquipment" xlink:type="arc"/>
        <link:presentationArc preferredLabel="http://www.xbrl.org/2009/role/deprecatedLabel" order="2" xlink:arcrole="http://www.xbrl.org/2003/arcrole/parent-child" xlink:from="dpl_DescriptionSpecificActivity-ForUseWithGenericActivityDimensionTagsHeading" xlink:to="bus_DescriptionPrincipalActivities" xlink:type="arc"/>
        <link:presentationArc order="6.1" xlink:arcrole="http://www.xbrl.org/2003/arcrole/parent-child" xlink:from="dpl_DetailedProfitLossHeading" xlink:to="dpl-frc_Sub-totalsNotIncludedElsewhereHeading" xlink:type="arc"/>
        <link:presentationArc order="1.1" xlink:arcrole="http://www.xbrl.org/2003/arcrole/parent-child" xlink:from="dpl_DimensionTagsUsedWithDetailedProfitLossItemsHeading" xlink:to="core_ContinuingDiscontinuedOperationsDimension" xlink:type="arc"/>
        <link:presentationArc order="7" xlink:arcrole="http://www.xbrl.org/2003/arcrole/parent-child" xlink:from="dpl_DimensionTagsUsedWithDetailedProfitLossItemsHeading" xlink:to="core_RestatementsFirstTimeAdoptionDimension" xlink:type="arc"/>
        <link:presentationArc order="3.1" xlink:arcrole="http://www.xbrl.org/2003/arcrole/parent-child" xlink:from="dpl_Finance-relatedCostsNetItemsHeading" xlink:to="core_ImpairmentLossReversalOnInvestments" xlink:type="arc"/>
        <link:presentationArc order="0.1" xlink:arcrole="http://www.xbrl.org/2003/arcrole/parent-child" xlink:from="dpl_Finance-relatedCostsNetItemsHeading" xlink:to="core_InterestExpenseOnBankOverdraftsBankLoansSimilarBorrowings" xlink:type="arc"/>
        <link:presentationArc order="1.1" xlink:arcrole="http://www.xbrl.org/2003/arcrole/parent-child" xlink:from="dpl_Finance-relatedCostsNetItemsHeading" xlink:to="core_InterestExpenseOnObligationsUnderFinanceLeasesHirePurchaseContracts" xlink:type="arc"/>
        <link:presentationArc order="1.2" xlink:arcrole="http://www.xbrl.org/2003/arcrole/parent-child" xlink:from="dpl_Finance-relatedCostsNetItemsHeading" xlink:to="core_InterestExpenseOnPreferenceSharesClassifiedAsDebt" xlink:type="arc"/>
        <link:presentationArc order="1.3" xlink:arcrole="http://www.xbrl.org/2003/arcrole/parent-child" xlink:from="dpl_Finance-relatedCostsNetItemsHeading" xlink:to="core_UnwindingDiscountOnProvisionsExpense" xlink:type="arc"/>
        <link:presentationArc order="3.2" xlink:arcrole="http://www.xbrl.org/2003/arcrole/parent-child" xlink:from="dpl_FinanceIncomeNetItemsHeading" xlink:to="core_IncreaseInAssetsDefinedBenefitPlanFromInterestIncome" xlink:type="arc"/>
        <link:presentationArc order="3.1" xlink:arcrole="http://www.xbrl.org/2003/arcrole/parent-child" xlink:from="dpl_FinanceIncomeNetItemsHeading" xlink:to="core_IncreaseInAssetsDefinedBenefitPlanFromReturnOnAssetsNetInterestIncome" xlink:type="arc"/>
        <link:presentationArc order="3" xlink:arcrole="http://www.xbrl.org/2003/arcrole/parent-child" xlink:from="dpl_GeneralServicesExpensesHeading" xlink:to="core_RoyaltiesLicencesSimilarExpense" xlink:type="arc"/>
        <link:presentationArc order="3" use="prohibited" xlink:arcrole="http://www.xbrl.org/2003/arcrole/parent-child" xlink:from="dpl_GeneralServicesExpensesHeading" xlink:to="dpl_RoyaltiesOrSimilarPaymentsForIntellectualProperty" xlink:type="arc"/>
        <link:presentationArc order="3" xlink:arcrole="http://www.xbrl.org/2003/arcrole/parent-child" xlink:from="dpl_Non-operatingIncomeNetItemsHeading" xlink:to="core_GainLossAfterTaxOnSaleDiscontinuedOperations" xlink:type="arc"/>
        <link:presentationArc order="5" xlink:arcrole="http://www.xbrl.org/2003/arcrole/parent-child" xlink:from="dpl_Non-operatingIncomeNetItemsHeading" xlink:to="core_GainLossFromFairValueAdjustmentBiologicalAssetsFairValueModel" xlink:type="arc"/>
        <link:presentationArc order="4" xlink:arcrole="http://www.xbrl.org/2003/arcrole/parent-child" xlink:from="dpl_Non-operatingIncomeNetItemsHeading" xlink:to="core_GainLossFromFairValueAdjustmentInvestmentPropertyRecognisedInProfitOrLoss" xlink:type="arc"/>
        <link:presentationArc order="6" xlink:arcrole="http://www.xbrl.org/2003/arcrole/parent-child" xlink:from="dpl_Non-operatingIncomeNetItemsHeading" xlink:to="core_Non-cashAssetsDeclaredForDistributionToOwnersAfterEndReportingPeriodFairValue" xlink:type="arc"/>
        <link:presentationArc order="7" xlink:arcrole="http://www.xbrl.org/2003/arcrole/parent-child" xlink:from="dpl_Non-operatingIncomeNetItemsHeading" xlink:to="core_OtherNon-operatingNetGainLossBeforeTax" xlink:type="arc"/>
        <link:presentationArc order="1.1" xlink:arcrole="http://www.xbrl.org/2003/arcrole/parent-child" xlink:from="dpl_Non-operatingIncomeNetItemsHeading" xlink:to="dpl-frc_IncomeFromOtherInvestments" xlink:type="arc"/>
        <link:presentationArc order="3" use="prohibited" xlink:arcrole="http://www.xbrl.org/2003/arcrole/parent-child" xlink:from="dpl_Non-operatingIncomeNetItemsHeading" xlink:to="dpl_FairValueGainsLossesOnDistributionNon-cashAssets" xlink:type="arc"/>
        <link:presentationArc order="4" use="prohibited" xlink:arcrole="http://www.xbrl.org/2003/arcrole/parent-child" xlink:from="dpl_Non-operatingIncomeNetItemsHeading" xlink:to="dpl_ResidualNon-operatingGainLoss" xlink:type="arc"/>
        <link:presentationArc order="1" xlink:arcrole="http://www.xbrl.org/2003/arcrole/parent-child" xlink:from="dpl_OperationalAdministrationCostsHeading" xlink:to="core_InsuranceCosts" xlink:type="arc"/>
        <link:presentationArc order="7.1" xlink:arcrole="http://www.xbrl.org/2003/arcrole/parent-child" xlink:from="dpl_OperationalAdministrationCostsHeading" xlink:to="core_ResearchDevelopmentExpenseRecognisedInProfitOrLoss" xlink:type="arc"/>
        <link:presentationArc order="7.2" xlink:arcrole="http://www.xbrl.org/2003/arcrole/parent-child" xlink:from="dpl_OperationalAdministrationCostsHeading" xlink:to="core_RestructuringCosts" xlink:type="arc"/>
        <link:presentationArc order="8.2" xlink:arcrole="http://www.xbrl.org/2003/arcrole/parent-child" xlink:from="dpl_OperationalAdministrationCostsHeading" xlink:to="direp_PoliticalDonations" xlink:type="arc"/>
        <link:presentationArc order="8.1" xlink:arcrole="http://www.xbrl.org/2003/arcrole/parent-child" xlink:from="dpl_OperationalAdministrationCostsHeading" xlink:to="dpl-frc_CharitableDonations" xlink:type="arc"/>
        <link:presentationArc order="1" use="prohibited" xlink:arcrole="http://www.xbrl.org/2003/arcrole/parent-child" xlink:from="dpl_OperationalAdministrationCostsHeading" xlink:to="dpl_InsuranceCosts" xlink:type="arc"/>
        <link:presentationArc order="0.4" xlink:arcrole="http://www.xbrl.org/2003/arcrole/parent-child" xlink:from="dpl_OtherItemsHeading" xlink:to="core_GainLossFromChangesInProvisions" xlink:type="arc"/>
        <link:presentationArc order="0.3" xlink:arcrole="http://www.xbrl.org/2003/arcrole/parent-child" xlink:from="dpl_OtherItemsHeading" xlink:to="core_GainLossOnDisposalsIntangibleAssets" xlink:type="arc"/>
        <link:presentationArc order="0.2" xlink:arcrole="http://www.xbrl.org/2003/arcrole/parent-child" xlink:from="dpl_OtherItemsHeading" xlink:to="core_GainLossOnDisposalsPropertyPlantEquipment" xlink:type="arc"/>
        <link:presentationArc order="0.5" xlink:arcrole="http://www.xbrl.org/2003/arcrole/parent-child" xlink:from="dpl_OtherItemsHeading" xlink:to="core_GovernmentGrantIncome" xlink:type="arc"/>
        <link:presentationArc order="0.1" xlink:arcrole="http://www.xbrl.org/2003/arcrole/parent-child" xlink:from="dpl_OtherItemsHeading" xlink:to="core_OwnWorkCapitalised" xlink:type="arc"/>
        <link:presentationArc order="0.6" xlink:arcrole="http://www.xbrl.org/2003/arcrole/parent-child" xlink:from="dpl_OtherItemsHeading" xlink:to="dpl-frc_GainLossOnNegativeGoodwillbargainPurchasesReleasedToIncome" xlink:type="arc"/>
        <link:presentationArc order="1" use="prohibited" xlink:arcrole="http://www.xbrl.org/2003/arcrole/parent-child" xlink:from="dpl_OtherItemsHeading" xlink:to="dpl_GovernmentGrantIncome" xlink:type="arc"/>
        <link:presentationArc order="0.1" xlink:arcrole="http://www.xbrl.org/2003/arcrole/parent-child" xlink:from="dpl_OtherOperatingIncomeNetItemsHeading" xlink:to="core_OtherOperatingIncome" xlink:type="arc"/>
        <link:presentationArc order="1" xlink:arcrole="http://www.xbrl.org/2003/arcrole/parent-child" xlink:from="dpl_ProfitTaxTotalsHeadingCopy" xlink:to="core_GrossProfitLoss" xlink:type="arc"/>
        <link:presentationArc order="4" xlink:arcrole="http://www.xbrl.org/2003/arcrole/parent-child" xlink:from="dpl_ProfitTaxTotalsHeadingCopy" xlink:to="core_IncomeTaxExpenseCredit" xlink:type="arc"/>
        <link:presentationArc order="2" xlink:arcrole="http://www.xbrl.org/2003/arcrole/parent-child" xlink:from="dpl_ProfitTaxTotalsHeadingCopy" xlink:to="core_OperatingProfitLoss" xlink:type="arc"/>
        <link:presentationArc order="5" xlink:arcrole="http://www.xbrl.org/2003/arcrole/parent-child" xlink:from="dpl_ProfitTaxTotalsHeadingCopy" xlink:to="core_ProfitLoss" xlink:type="arc"/>
        <link:presentationArc order="3" xlink:arcrole="http://www.xbrl.org/2003/arcrole/parent-child" xlink:from="dpl_ProfitTaxTotalsHeadingCopy" xlink:to="core_ProfitLossBeforeTax" xlink:type="arc"/>
        <link:presentationArc order="1.4" xlink:arcrole="http://www.xbrl.org/2003/arcrole/parent-child" xlink:from="dpl_PropertyPlantRelatedCostsHeading" xlink:to="core_OtherRepairsMaintenanceExpense" xlink:type="arc"/>
        <link:presentationArc order="1.3" xlink:arcrole="http://www.xbrl.org/2003/arcrole/parent-child" xlink:from="dpl_PropertyPlantRelatedCostsHeading" xlink:to="core_RepairsMaintenanceExpenseProperty-related" xlink:type="arc"/>
        <link:presentationArc order="1.2" xlink:arcrole="http://www.xbrl.org/2003/arcrole/parent-child" xlink:from="dpl_PropertyPlantRelatedCostsHeading" xlink:to="core_TotalOperatingLeasePayments" xlink:type="arc"/>
        <link:presentationArc order="1.1" xlink:arcrole="http://www.xbrl.org/2003/arcrole/parent-child" xlink:from="dpl_PropertyPlantRelatedCostsHeading" xlink:to="core_UtilitiesCosts" xlink:type="arc"/>
        <link:presentationArc order="4" use="prohibited" xlink:arcrole="http://www.xbrl.org/2003/arcrole/parent-child" xlink:from="dpl_PropertyPlantRelatedCostsHeading" xlink:to="dpl_OtherRepairsMaintenanceCosts" xlink:type="arc"/>
        <link:presentationArc order="3" use="prohibited" xlink:arcrole="http://www.xbrl.org/2003/arcrole/parent-child" xlink:from="dpl_PropertyPlantRelatedCostsHeading" xlink:to="dpl_PropertyRepairsMaintenanceCosts" xlink:type="arc"/>
        <link:presentationArc order="2" use="prohibited" xlink:arcrole="http://www.xbrl.org/2003/arcrole/parent-child" xlink:from="dpl_PropertyPlantRelatedCostsHeading" xlink:to="dpl_UtilitiesCosts" xlink:type="arc"/>
        <link:presentationArc order="0.2" xlink:arcrole="http://www.xbrl.org/2003/arcrole/parent-child" xlink:from="dpl_StaffCostsDirectors" xlink:to="direp_BonusesDirectors" xlink:type="arc"/>
        <link:presentationArc order="1.1" xlink:arcrole="http://www.xbrl.org/2003/arcrole/parent-child" xlink:from="dpl_StaffCostsDirectors" xlink:to="direp_CompanyContributionsToDefinedBenefitPlansDirectors" xlink:type="arc"/>
        <link:presentationArc order="1.2" xlink:arcrole="http://www.xbrl.org/2003/arcrole/parent-child" xlink:from="dpl_StaffCostsDirectors" xlink:to="direp_CompanyContributionsToMoneyPurchasePlansDirectors" xlink:type="arc"/>
        <link:presentationArc order="3.1" xlink:arcrole="http://www.xbrl.org/2003/arcrole/parent-child" xlink:from="dpl_StaffCostsDirectors" xlink:to="direp_CompensationForLossOfficeDirectors" xlink:type="arc"/>
        <link:presentationArc order="3.2" xlink:arcrole="http://www.xbrl.org/2003/arcrole/parent-child" xlink:from="dpl_StaffCostsDirectors" xlink:to="direp_PaymentsToThirdPartiesForDirectorServices" xlink:type="arc"/>
        <link:presentationArc order="0.1" xlink:arcrole="http://www.xbrl.org/2003/arcrole/parent-child" xlink:from="dpl_StaffCostsDirectors" xlink:to="direp_SalariesFeesDirectors" xlink:type="arc"/>
        <link:presentationArc order="5.1" xlink:arcrole="http://www.xbrl.org/2003/arcrole/parent-child" xlink:from="dpl_StaffCostsExcludingDirectors" xlink:to="dpl-frc_RedundancyCostsExcludingDirectors" xlink:type="arc"/>
        <link:presentationArc order="1" xlink:arcrole="http://www.xbrl.org/2003/arcrole/parent-child" xlink:from="dpl_StaffEmploymentRelatedCostsHeading" xlink:to="core_StaffCostsEmployeeBenefitsExpense" xlink:type="arc"/>
        <link:presentationArc order="1" use="prohibited" xlink:arcrole="http://www.xbrl.org/2003/arcrole/parent-child" xlink:from="dpl_StaffEmploymentRelatedCostsHeading" xlink:to="dpl_Bonuses" xlink:type="arc"/>
        <link:presentationArc order="3" use="prohibited" xlink:arcrole="http://www.xbrl.org/2003/arcrole/parent-child" xlink:from="dpl_StaffEmploymentRelatedCostsHeading" xlink:to="dpl_OtherStaffCosts" xlink:type="arc"/>
        <link:presentationArc order="2" use="prohibited" xlink:arcrole="http://www.xbrl.org/2003/arcrole/parent-child" xlink:from="dpl_StaffEmploymentRelatedCostsHeading" xlink:to="dpl_RemunerationTrustExpenses" xlink:type="arc"/>
        <link:presentationArc order="2" xlink:arcrole="http://www.xbrl.org/2003/arcrole/parent-child" xlink:from="dpl_StocksInventoriesHeading" xlink:to="core_IncreaseDecreaseInStocksInventoriesFinishedGoodsWorkInProgress" xlink:type="arc"/>
        <link:presentationArc order="2" use="prohibited" xlink:arcrole="http://www.xbrl.org/2003/arcrole/parent-child" xlink:from="dpl_StocksInventoriesHeading" xlink:to="dpl_IncreaseDecreaseInStocksInventories" xlink:type="arc"/>
        <link:presentationArc order="3" use="prohibited" xlink:arcrole="http://www.xbrl.org/2003/arcrole/parent-child" xlink:from="dpl_StocksInventoriesHeading" xlink:to="dpl_PurchaseRawMaterialsConsumables" xlink:type="arc"/>
        <link:presentationArc order="1" xlink:arcrole="http://www.xbrl.org/2003/arcrole/parent-child" xlink:from="dpl_StocksInventoriesStartEndPeriodHeading" xlink:to="core_TotalInventories" xlink:type="arc"/>
        <link:presentationArc order="1" xlink:arcrole="http://www.xbrl.org/2003/arcrole/parent-child" xlink:from="dpl_TradingIncomeHeading" xlink:to="core_TurnoverRevenue" xlink:type="arc"/>
    </link:presentationLink>
</link:linkbase>
