<?xml version='1.0' encoding='UTF-8'?>
<link:linkbase xmlns:link="http://www.xbrl.org/2003/linkbase" xmlns:xlink="http://www.w3.org/1999/xlink" xmlns:xsi="http://www.w3.org/2001/XMLSchema-instance" xsi:schemaLocation="http://www.xbrl.org/2003/linkbase http://www.xbrl.org/2003/xbrl-linkbase-2003-12-31.xsd">
   <link:roleRef roleURI="http://xbrl.frc.org.uk/direp/roles/DirectorsReport" xlink:href="https://xbrl.frc.org.uk/reports/2014-09-01/direp/direp-2014-09-01.xsd#DirectorsReport" xlink:type="simple"/>
   <link:roleRef roleURI="http://xbrl.frc.org.uk/aurep/roles/AuditReport" xlink:href="https://xbrl.frc.org.uk/reports/2014-09-01/aurep/aurep-2014-09-01.xsd#AuditReport" xlink:type="simple"/>
   <link:roleRef roleURI="http://xbrl.frc.org.uk/cd/roles/Taxonomy-Tagging-Information" xlink:href="https://xbrl.frc.org.uk/cd/2014-09-01/business/bus-2014-09-01.xsd#Taxonomy-Tagging-Information" xlink:type="simple"/>
   <link:roleRef roleURI="http://xbrl.frc.org.uk/cd/roles/Entity-Information" xlink:href="https://xbrl.frc.org.uk/cd/2014-09-01/business/bus-2014-09-01.xsd#Entity-Information" xlink:type="simple"/>
   <link:roleRef roleURI="http://xbrl.frc.org.uk/fr/core/roles/AdditionalIndustrySectorDataFRS101" xlink:href="https://xbrl.frc.org.uk/fr/2014-09-01/core/frc-core-2014-09-01.xsd#additionalIndustrySectorDataFRS101" xlink:type="simple"/>
   <link:roleRef roleURI="http://xbrl.frc.org.uk/cd/roles/Dimensions-Content" xlink:href="https://xbrl.frc.org.uk/cd/2014-09-01/business/bus-2014-09-01.xsd#Dimensions-Content" xlink:type="simple"/>
   <link:roleRef roleURI="http://xbrl.frc.org.uk/fr/core/roles/NotesAndDetailedDisclosuresFRS101" xlink:href="https://xbrl.frc.org.uk/fr/2014-09-01/core/frc-core-2014-09-01.xsd#notesAndDetailedDisclosuresFRS101" xlink:type="simple"/>
   <link:presentationLink xlink:role="http://xbrl.frc.org.uk/fr/core/roles/NotesAndDetailedDisclosuresFRS101" xlink:type="extended">
      <link:loc xlink:href="https://xbrl.frc.org.uk/fr/2014-09-01/core/frc-core-2014-09-01.xsd#core_FinancialAssetsLiabilitiesPoliciesHeading" xlink:label="lbl_FinancialAssetsLiabilitiesPoliciesHeading" xlink:type="locator"/>
      <link:presentationArc order="7.5" xlink:arcrole="http://www.xbrl.org/2003/arcrole/parent-child" xlink:from="lbl_FinancialAssetsLiabilitiesPoliciesHeading" xlink:to="lbl_DebtorsPolicy1" xlink:type="arc"/>
      <link:loc xlink:href="https://xbrl.frc.org.uk/reports/2014-09-01/aurep/aurep-2014-09-01.xsd#aurep_AuditFeesExpenses" xlink:label="lbl_AuditFeesExpenses" xlink:type="locator"/>
      <link:loc xlink:href="https://xbrl.frc.org.uk/fr/2014-09-01/core/frc-core-2014-09-01.xsd#core_IncomeTaxHeading" xlink:label="lbl_IncomeTaxHeading" xlink:type="locator"/>
      <link:presentationArc order="1.0" xlink:arcrole="http://www.xbrl.org/2003/arcrole/parent-child" xlink:from="lbl_IncomeTaxHeading" xlink:to="lbl_UseTaxJurisdictionDimensionToIdentifyROIAndForeignTaxIfRequiredGuidance1" xlink:type="arc"/>
      <link:loc xlink:href="https://xbrl.frc.org.uk/fr/2014-09-01/core/frc-core-2014-09-01.xsd#core_UseTaxJurisdictionDimensionToIdentifyUKForeignTaxIfRequiredGuidance" xlink:label="lbl_UseTaxJurisdictionDimensionToIdentifyUKForeignTaxIfRequiredGuidance" xlink:type="locator"/>
      <link:presentationArc order="1.0" priority="1" use="prohibited" xlink:arcrole="http://www.xbrl.org/2003/arcrole/parent-child" xlink:from="lbl_IncomeTaxHeading" xlink:to="lbl_UseTaxJurisdictionDimensionToIdentifyUKForeignTaxIfRequiredGuidance" xlink:type="arc"/>
      <link:loc xlink:href="https://xbrl.frc.org.uk/fr/2014-09-01/core/frc-core-2014-09-01.xsd#core_ReconciliationShowingAccountingProfitMultipliedByApplicableTaxRateHeading" xlink:label="lbl_ReconciliationShowingAccountingProfitMultipliedByApplicableTaxRateHeading" xlink:type="locator"/>
      <link:presentationArc order="4.0" xlink:arcrole="http://www.xbrl.org/2003/arcrole/parent-child" xlink:from="lbl_ReconciliationShowingAccountingProfitMultipliedByApplicableTaxRateHeading" xlink:to="lbl_TaxIncreaseDecreaseFromEffectDifferentROITaxRatesOnSomeEarnings" xlink:type="arc"/>
      <link:loc xlink:href="https://xbrl.frc.org.uk/fr/2014-09-01/core/frc-core-2014-09-01.xsd#core_TaxIncreaseDecreaseFromEffectDifferentUKTaxRatesOnSomeEarnings" xlink:label="lbl_TaxIncreaseDecreaseFromEffectDifferentUKTaxRatesOnSomeEarnings" xlink:type="locator"/>
      <link:presentationArc order="4.0" priority="1" use="prohibited" xlink:arcrole="http://www.xbrl.org/2003/arcrole/parent-child" xlink:from="lbl_ReconciliationShowingAccountingProfitMultipliedByApplicableTaxRateHeading" xlink:to="lbl_TaxIncreaseDecreaseFromEffectDifferentUKTaxRatesOnSomeEarnings" xlink:type="arc"/>
      <link:presentationArc order="23.0" xlink:arcrole="http://www.xbrl.org/2003/arcrole/parent-child" xlink:from="lbl_ReconciliationShowingAccountingProfitMultipliedByApplicableTaxRateHeading" xlink:to="lbl_TaxIncreaseDecreaseFromEffectDividendsFromROICompanies" xlink:type="arc"/>
      <link:loc xlink:href="https://xbrl.frc.org.uk/fr/2014-09-01/core/frc-core-2014-09-01.xsd#core_TaxIncreaseDecreaseFromEffectDividendsFromUKCompanies" xlink:label="lbl_TaxIncreaseDecreaseFromEffectDividendsFromUKCompanies" xlink:type="locator"/>
      <link:presentationArc order="23.0" priority="1" use="prohibited" xlink:arcrole="http://www.xbrl.org/2003/arcrole/parent-child" xlink:from="lbl_ReconciliationShowingAccountingProfitMultipliedByApplicableTaxRateHeading" xlink:to="lbl_TaxIncreaseDecreaseFromEffectDividendsFromUKCompanies" xlink:type="arc"/>
      <link:loc xlink:href="https://xbrl.frc.org.uk/fr/2014-09-01/core/frc-core-2014-09-01.xsd#core_ReconciliationShowingAverageEffectiveTaxRateApplicableTaxRateHeading" xlink:label="lbl_ReconciliationShowingAverageEffectiveTaxRateApplicableTaxRateHeading" xlink:type="locator"/>
      <link:presentationArc order="1.0" xlink:arcrole="http://www.xbrl.org/2003/arcrole/parent-child" xlink:from="lbl_ReconciliationShowingAverageEffectiveTaxRateApplicableTaxRateHeading" xlink:to="lbl_TaxRateIncreaseDecreaseFromEffectDifferentROITaxRatesOnSomeEarnings" xlink:type="arc"/>
      <link:loc xlink:href="https://xbrl.frc.org.uk/fr/2014-09-01/core/frc-core-2014-09-01.xsd#core_TaxRateIncreaseDecreaseFromEffectDifferentUKTaxRatesOnSomeEarnings" xlink:label="lbl_TaxRateIncreaseDecreaseFromEffectDifferentUKTaxRatesOnSomeEarnings" xlink:type="locator"/>
      <link:presentationArc order="1.0" priority="1" use="prohibited" xlink:arcrole="http://www.xbrl.org/2003/arcrole/parent-child" xlink:from="lbl_ReconciliationShowingAverageEffectiveTaxRateApplicableTaxRateHeading" xlink:to="lbl_TaxRateIncreaseDecreaseFromEffectDifferentUKTaxRatesOnSomeEarnings" xlink:type="arc"/>
      <link:presentationArc order="8.5" xlink:arcrole="http://www.xbrl.org/2003/arcrole/parent-child" xlink:from="lbl_ReconciliationShowingAverageEffectiveTaxRateApplicableTaxRateHeading" xlink:to="lbl_TaxRateIncreaseDecreaseFromEffectDividendsFromROICompanies" xlink:type="arc"/>
      <link:loc xlink:href="https://xbrl.frc.org.uk/fr/2014-09-01/core/frc-core-2014-09-01.xsd#core_TaxRateIncreaseDecreaseFromEffectDividendsFromUKCompanies" xlink:label="lbl_TaxRateIncreaseDecreaseFromEffectDividendsFromUKCompanies" xlink:type="locator"/>
      <link:presentationArc order="8.5" priority="1" use="prohibited" xlink:arcrole="http://www.xbrl.org/2003/arcrole/parent-child" xlink:from="lbl_ReconciliationShowingAverageEffectiveTaxRateApplicableTaxRateHeading" xlink:to="lbl_TaxRateIncreaseDecreaseFromEffectDividendsFromUKCompanies" xlink:type="arc"/>
      <link:loc xlink:href="https://xbrl.frc.org.uk/fr/2014-09-01/core/frc-core-2014-09-01.xsd#core_IncreaseDecreaseInPropertyPlantEquipment" xlink:label="lbl_IncreaseDecreaseInPropertyPlantEquipment" xlink:type="locator"/>
      <link:presentationArc order="6.5" xlink:arcrole="http://www.xbrl.org/2003/arcrole/parent-child" xlink:from="lbl_IncreaseDecreaseInPropertyPlantEquipment" xlink:to="lbl_IncreaseDecreaseDueToIntercompanyTransfersIntoOrOutPropertyPlantEquipment" xlink:type="arc"/>
      <link:loc xlink:href="https://xbrl.frc.org.uk/fr/2014-09-01/core/frc-core-2014-09-01.xsd#core_IncreaseDecreaseInDepreciationImpairmentPropertyPlantEquipment" xlink:label="lbl_IncreaseDecreaseInDepreciationImpairmentPropertyPlantEquipment" xlink:type="locator"/>
      <link:presentationArc order="8.5" xlink:arcrole="http://www.xbrl.org/2003/arcrole/parent-child" xlink:from="lbl_IncreaseDecreaseInDepreciationImpairmentPropertyPlantEquipment" xlink:to="lbl_IntercompanyTransfersBetweenPPEClassesIncreaseDecreaseInDepreciationAndImpairment1" xlink:type="arc"/>
      <link:loc xlink:href="https://xbrl.frc.org.uk/fr/2014-09-01/core/frc-core-2014-09-01.xsd#core_IncreaseDecreaseInIntangibleAssets" xlink:label="lbl_IncreaseDecreaseInIntangibleAssets" xlink:type="locator"/>
      <link:presentationArc order="7.5" xlink:arcrole="http://www.xbrl.org/2003/arcrole/parent-child" xlink:from="lbl_IncreaseDecreaseInIntangibleAssets" xlink:to="lbl_IncreaseDecreaseFromIntercompanyTransfersBetweenGroupCompanies1" xlink:type="arc"/>
      <link:loc xlink:href="https://xbrl.frc.org.uk/fr/2014-09-01/core/frc-core-2014-09-01.xsd#core_IncreaseDecreaseInAmortisationImpairmentIntangibleAssets" xlink:label="lbl_IncreaseDecreaseInAmortisationImpairmentIntangibleAssets" xlink:type="locator"/>
      <link:presentationArc order="9.5" xlink:arcrole="http://www.xbrl.org/2003/arcrole/parent-child" xlink:from="lbl_IncreaseDecreaseInAmortisationImpairmentIntangibleAssets" xlink:to="lbl_IntercompanyTransfersBetweenIntangibleClassesIncreaseDecreaseInAmortisationAndImpairment1" xlink:type="arc"/>
      <link:loc xlink:href="https://xbrl.frc.org.uk/fr/2014-09-01/core/frc-core-2014-09-01.xsd#core_InformationOnIndividualSubsidiaryHeading" xlink:label="lbl_InformationOnIndividualSubsidiaryHeading" xlink:type="locator"/>
      <link:presentationArc order="12.0" xlink:arcrole="http://www.xbrl.org/2003/arcrole/parent-child" xlink:from="lbl_InformationOnIndividualSubsidiaryHeading" xlink:to="lbl_SubsidiaryExemptFromProvidingAuditedAccountsUnderCompaniesAuditingAccountingAct2003Truefalse" xlink:type="arc"/>
      <link:loc xlink:href="https://xbrl.frc.org.uk/fr/2014-09-01/core/frc-core-2014-09-01.xsd#core_SubsidiaryExemptFromProvidingAuditedAccountsUnderSection479ACompaniesActTruefalse" xlink:label="lbl_SubsidiaryExemptFromProvidingAuditedAccountsUnderSection479ACompaniesActTruefalse" xlink:type="locator"/>
      <link:presentationArc order="12.0" priority="1" use="prohibited" xlink:arcrole="http://www.xbrl.org/2003/arcrole/parent-child" xlink:from="lbl_InformationOnIndividualSubsidiaryHeading" xlink:to="lbl_SubsidiaryExemptFromProvidingAuditedAccountsUnderSection479ACompaniesActTruefalse" xlink:type="arc"/>
      <link:loc xlink:href="https://xbrl.frc.org.uk/reports/2014-09-01/direp/direp-2014-09-01.xsd#direp_DirectorsAdvancesCreditsGuaranteesHeading" xlink:label="lbl_DirectorsAdvancesCreditsGuaranteesHeading" xlink:type="locator"/>
      <link:loc xlink:href="https://xbrl.frc.org.uk/reports/2014-09-01/direp/direp-2014-09-01.xsd#direp_UseEntityOfficersDimensionMembersToIdentifyTotalsForDirectorsIndividualDirectorsGuidance" xlink:label="lbl_UseEntityOfficersDimensionMembersToIdentifyTotalsForDirectorsIndividualDirectorsGuidance" xlink:type="locator"/>
      <link:presentationArc order="1.0" priority="1" use="prohibited" xlink:arcrole="http://www.xbrl.org/2003/arcrole/parent-child" xlink:from="lbl_DirectorsAdvancesCreditsGuaranteesHeading" xlink:to="lbl_UseEntityOfficersDimensionMembersToIdentifyTotalsForDirectorsIndividualDirectorsGuidance" xlink:type="arc"/>
      <link:loc xlink:href="../../fr/2016-12-01/ie-fr-2016-12-01.xsd#id_DebtorsPolicy" xlink:label="lbl_DebtorsPolicy1" xlink:type="locator"/>
      <link:loc xlink:href="../../common/2016-12-01/ie-common-2016-12-01.xsd#id_OtherAuditServicesFees" xlink:label="lbl_OtherAuditServicesFees1" xlink:type="locator"/>
      <link:presentationArc order="3.0" xlink:arcrole="http://www.xbrl.org/2003/arcrole/parent-child" xlink:from="lbl_AuditFeesExpenses" xlink:to="lbl_OtherAuditServicesFees1" xlink:type="arc"/>
      <link:presentationArc order="1.0" xlink:arcrole="http://www.xbrl.org/2003/arcrole/parent-child" xlink:from="lbl_OtherAuditServicesFees1" xlink:to="lbl_OtherAuditServicesPensionSchemesFees1" xlink:type="arc"/>
      <link:presentationArc order="2.0" xlink:arcrole="http://www.xbrl.org/2003/arcrole/parent-child" xlink:from="lbl_OtherAuditServicesFees1" xlink:to="lbl_OtherAuditServicesEntityAndSubsidiariesFees1" xlink:type="arc"/>
      <link:loc xlink:href="../../common/2016-12-01/ie-common-2016-12-01.xsd#id_OtherAuditServicesPensionSchemesFees" xlink:label="lbl_OtherAuditServicesPensionSchemesFees1" xlink:type="locator"/>
      <link:loc xlink:href="../../common/2016-12-01/ie-common-2016-12-01.xsd#ie-common_OtherAuditServicesEntitySubsidiariesFees" xlink:label="lbl_OtherAuditServicesEntityAndSubsidiariesFees1" xlink:type="locator"/>
      <link:loc xlink:href="../../fr/2016-12-01/ie-fr-2016-12-01.xsd#ie-fr_UseTaxJurisdictionDimensionToIdentifyROIForeignTaxIfRequiredGuidance" xlink:label="lbl_UseTaxJurisdictionDimensionToIdentifyROIAndForeignTaxIfRequiredGuidance1" xlink:type="locator"/>
      <link:loc xlink:href="../../fr/2016-12-01/ie-fr-2016-12-01.xsd#ie-fr_IntercompanyTransfersBetweenPPEClassesIncreaseDecreaseInDepreciationImpairment" xlink:label="lbl_IntercompanyTransfersBetweenPPEClassesIncreaseDecreaseInDepreciationAndImpairment1" xlink:type="locator"/>
      <link:loc xlink:href="../../fr/2016-12-01/ie-fr-2016-12-01.xsd#id_IncreaseDecreaseFromIntercompanyTransfersBetweenGroupCompanies" xlink:label="lbl_IncreaseDecreaseFromIntercompanyTransfersBetweenGroupCompanies1" xlink:type="locator"/>
      <link:loc xlink:href="../../fr/2016-12-01/ie-fr-2016-12-01.xsd#ie-fr_IntercompanyTransfersBetweenIntangibleClassesIncreaseDecreaseInAmortisationImpairment" xlink:label="lbl_IntercompanyTransfersBetweenIntangibleClassesIncreaseDecreaseInAmortisationAndImpairment1" xlink:type="locator"/>
      <link:loc xlink:href="../../common/2016-12-01/ie-common-2016-12-01.xsd#ie-common_DirectorsLoansQuasiLoansHeading" xlink:label="lbl_DirectorsLoansAndQuasiLoansHeading1" xlink:type="locator"/>
      <link:presentationArc order="1.0" xlink:arcrole="http://www.xbrl.org/2003/arcrole/parent-child" xlink:from="lbl_DirectorsLoansAndQuasiLoansHeading1" xlink:to="lbl_UseEntityOfficersDimensionMembersToIdentifyTotalsForDirectorsIndividualDirectorsGuidance" xlink:type="arc"/>
      <link:presentationArc order="2.0" xlink:arcrole="http://www.xbrl.org/2003/arcrole/parent-child" xlink:from="lbl_DirectorsLoansAndQuasiLoansHeading1" xlink:to="lbl_LoansAndQuasiLoansDirectors1" xlink:type="arc"/>
      <link:presentationArc order="3.0" xlink:arcrole="http://www.xbrl.org/2003/arcrole/parent-child" xlink:from="lbl_DirectorsLoansAndQuasiLoansHeading1" xlink:to="lbl_LoansAndQuasiLoansMadeInPeriodDirectors1" xlink:type="arc"/>
      <link:presentationArc order="4.0" xlink:arcrole="http://www.xbrl.org/2003/arcrole/parent-child" xlink:from="lbl_DirectorsLoansAndQuasiLoansHeading1" xlink:to="lbl_LoansAndQuasiLoansRepaidInPeriodDirectors1" xlink:type="arc"/>
      <link:presentationArc order="7.0" xlink:arcrole="http://www.xbrl.org/2003/arcrole/parent-child" xlink:from="lbl_DirectorsLoansAndQuasiLoansHeading1" xlink:to="lbl_DirectorsLoansQuasiLoansFree-textComment" xlink:type="arc"/>
      <link:loc xlink:href="../../common/2016-12-01/ie-common-2016-12-01.xsd#ie-common_LoansQuasiLoansDirectors" xlink:label="lbl_LoansAndQuasiLoansDirectors1" xlink:type="locator"/>
      <link:loc xlink:href="../../common/2016-12-01/ie-common-2016-12-01.xsd#ie-common_LoansQuasiLoansMadeInPeriodDirectors" xlink:label="lbl_LoansAndQuasiLoansMadeInPeriodDirectors1" xlink:type="locator"/>
      <link:loc xlink:href="../../common/2016-12-01/ie-common-2016-12-01.xsd#ie-common_LoansQuasiLoansRepaidInPeriodDirectors" xlink:label="lbl_LoansAndQuasiLoansRepaidInPeriodDirectors1" xlink:type="locator"/>
      <link:loc xlink:href="https://xbrl.frc.org.uk/fr/2014-09-01/core/frc-core-2014-09-01.xsd#core_RelatedPartiesHeading" xlink:label="lbl_RelatedPartiesHeading" xlink:type="locator"/>
      <link:presentationArc order="8.5" xlink:arcrole="http://www.xbrl.org/2003/arcrole/parent-child" xlink:from="lbl_RelatedPartiesHeading" xlink:to="lbl_DirectorsLoansAndQuasiLoansHeading1" xlink:type="arc"/>
      <link:loc xlink:href="../../fr/2016-12-01/ie-fr-2016-12-01.xsd#ie-fr_TaxIncreaseDecreaseFromEffectDifferentROITaxRatesOnSomeEarnings" xlink:label="lbl_TaxIncreaseDecreaseFromEffectDifferentROITaxRatesOnSomeEarnings" xlink:type="locator"/>
      <link:loc xlink:href="../../fr/2016-12-01/ie-fr-2016-12-01.xsd#ie-fr_TaxIncreaseDecreaseFromEffectDividendsFromROICompanies" xlink:label="lbl_TaxIncreaseDecreaseFromEffectDividendsFromROICompanies" xlink:type="locator"/>
      <link:loc xlink:href="../../fr/2016-12-01/ie-fr-2016-12-01.xsd#ie-fr_TaxRateIncreaseDecreaseFromEffectDifferentROITaxRatesOnSomeEarnings" xlink:label="lbl_TaxRateIncreaseDecreaseFromEffectDifferentROITaxRatesOnSomeEarnings" xlink:type="locator"/>
      <link:loc xlink:href="../../common/2016-12-01/ie-common-2016-12-01.xsd#ie-common_SpecificLoanOrQuasiLoanDirectorsGrouping" xlink:label="lbl_SpecificLoanOrQuasiLoanDirectorsGrouping" xlink:type="locator"/>
      <link:presentationArc order="6.0" xlink:arcrole="http://www.xbrl.org/2003/arcrole/parent-child" xlink:from="lbl_DirectorsLoansAndQuasiLoansHeading1" xlink:to="lbl_SpecificLoanOrQuasiLoanDirectorsGrouping" xlink:type="arc"/>
      <link:presentationArc order="1.0" xlink:arcrole="http://www.xbrl.org/2003/arcrole/parent-child" xlink:from="lbl_SpecificLoanOrQuasiLoanDirectorsGrouping" xlink:to="lbl_DescriptionSpecificLoanOrQuasiLoanItsConditionsDirectors" xlink:type="arc"/>
      <link:presentationArc order="3.0" xlink:arcrole="http://www.xbrl.org/2003/arcrole/parent-child" xlink:from="lbl_SpecificLoanOrQuasiLoanDirectorsGrouping" xlink:to="lbl_AmountSpecificLoanOrQuasiLoanMadeInPeriodDirectors" xlink:type="arc"/>
      <link:presentationArc order="4.0" xlink:arcrole="http://www.xbrl.org/2003/arcrole/parent-child" xlink:from="lbl_SpecificLoanOrQuasiLoanDirectorsGrouping" xlink:to="lbl_AmountSpecificLoanOrQuasiLoanRepaidInPeriodDirectors" xlink:type="arc"/>
      <link:presentationArc order="2.0" xlink:arcrole="http://www.xbrl.org/2003/arcrole/parent-child" xlink:from="lbl_SpecificLoanOrQuasiLoanDirectorsGrouping" xlink:to="lbl_AmountSpecificLoanOrQuasiLoanDirectors" xlink:type="arc"/>
      <link:loc xlink:href="../../common/2016-12-01/ie-common-2016-12-01.xsd#ie-common_DescriptionSpecificLoanOrQuasiLoanItsConditionsDirectors" xlink:label="lbl_DescriptionSpecificLoanOrQuasiLoanItsConditionsDirectors" xlink:type="locator"/>
      <link:loc xlink:href="../../common/2016-12-01/ie-common-2016-12-01.xsd#ie-common_AmountSpecificLoanOrQuasiLoanDirectors" xlink:label="lbl_AmountSpecificLoanOrQuasiLoanDirectors" xlink:type="locator"/>
      <link:loc xlink:href="../../common/2016-12-01/ie-common-2016-12-01.xsd#ie-common_AmountSpecificLoanOrQuasiLoanRepaidInPeriodDirectors" xlink:label="lbl_AmountSpecificLoanOrQuasiLoanRepaidInPeriodDirectors" xlink:type="locator"/>
      <link:loc xlink:href="../../common/2016-12-01/ie-common-2016-12-01.xsd#ie-common_AmountSpecificLoanOrQuasiLoanMadeInPeriodDirectors" xlink:label="lbl_AmountSpecificLoanOrQuasiLoanMadeInPeriodDirectors" xlink:type="locator"/>
      <link:loc xlink:href="../../fr/2016-12-01/ie-fr-2016-12-01.xsd#ie-fr_TaxRateIncreaseDecreaseFromEffectDividendsFromROICompanies" xlink:label="lbl_TaxRateIncreaseDecreaseFromEffectDividendsFromROICompanies" xlink:type="locator"/>
      <link:loc xlink:href="../../fr/2016-12-01/ie-fr-2016-12-01.xsd#ie-fr_SubsidiaryExemptFromProvidingAuditedAccountsUnderCompaniesAuditingAccountingAct2003Truefalse" xlink:label="lbl_SubsidiaryExemptFromProvidingAuditedAccountsUnderCompaniesAuditingAccountingAct2003Truefalse" xlink:type="locator"/>
      <link:loc xlink:href="../../common/2016-12-01/ie-common-2016-12-01.xsd#ie-common_DirectorsLoansQuasiLoansFree-textComment" xlink:label="lbl_DirectorsLoansQuasiLoansFree-textComment" xlink:type="locator"/>
      <link:loc xlink:href="../../fr/2016-12-01/ie-fr-2016-12-01.xsd#ie-fr_IncreaseDecreaseDueToIntercompanyTransfersIntoOrOutPropertyPlantEquipment" xlink:label="lbl_IncreaseDecreaseDueToIntercompanyTransfersIntoOrOutPropertyPlantEquipment" xlink:type="locator"/>
   </link:presentationLink>
   <link:presentationLink xlink:role="http://xbrl.frc.org.uk/fr/core/roles/AdditionalIndustrySectorDataFRS101" xlink:type="extended">
      <link:loc xlink:href="https://xbrl.frc.org.uk/fr/2014-09-01/core/frc-core-2014-09-01.xsd#core_CashBalancesCentralBanksHeading" xlink:label="lbl_CashBalancesCentralBanksHeading" xlink:type="locator"/>
      <link:presentationArc order="1.0" xlink:arcrole="http://www.xbrl.org/2003/arcrole/parent-child" xlink:from="lbl_CashBalancesCentralBanksHeading" xlink:to="lbl_CurrentAccountWithTheROICentralBank1" xlink:type="arc"/>
      <link:loc xlink:href="https://xbrl.frc.org.uk/fr/2014-09-01/core/frc-core-2014-09-01.xsd#core_CurrentAccountWithUKCentralBank" xlink:label="lbl_CurrentAccountWithUKCentralBank" xlink:type="locator"/>
      <link:presentationArc order="1.0" priority="1" use="prohibited" xlink:arcrole="http://www.xbrl.org/2003/arcrole/parent-child" xlink:from="lbl_CashBalancesCentralBanksHeading" xlink:to="lbl_CurrentAccountWithUKCentralBank" xlink:type="arc"/>
      <link:loc xlink:href="https://xbrl.frc.org.uk/fr/2014-09-01/core/frc-core-2014-09-01.xsd#core_DepositsWithCentralBanks" xlink:label="lbl_DepositsWithCentralBanks" xlink:type="locator"/>
      <link:loc xlink:href="https://xbrl.frc.org.uk/fr/2014-09-01/core/frc-core-2014-09-01.xsd#core_MandatoryReserveDepositsWithUKCentralBank" xlink:label="lbl_MandatoryReserveDepositsWithUKCentralBank" xlink:type="locator"/>
      <link:loc xlink:href="https://xbrl.frc.org.uk/fr/2014-09-01/core/frc-core-2014-09-01.xsd#core_DepositsWithUKCentralBank" xlink:label="lbl_DepositsWithUKCentralBank" xlink:type="locator"/>
      <link:presentationArc order="1.0" priority="1" use="prohibited" xlink:arcrole="http://www.xbrl.org/2003/arcrole/parent-child" xlink:from="lbl_DepositsWithUKCentralBank" xlink:to="lbl_MandatoryReserveDepositsWithUKCentralBank" xlink:type="arc"/>
      <link:loc xlink:href="https://xbrl.frc.org.uk/fr/2014-09-01/core/frc-core-2014-09-01.xsd#core_BalancesWithUKCentralBankOtherThanMandatoryReserveDeposits" xlink:label="lbl_BalancesWithUKCentralBankOtherThanMandatoryReserveDeposits" xlink:type="locator"/>
      <link:presentationArc order="2.0" priority="1" use="prohibited" xlink:arcrole="http://www.xbrl.org/2003/arcrole/parent-child" xlink:from="lbl_DepositsWithUKCentralBank" xlink:to="lbl_BalancesWithUKCentralBankOtherThanMandatoryReserveDeposits" xlink:type="arc"/>
      <link:presentationArc order="1.0" priority="1" use="prohibited" xlink:arcrole="http://www.xbrl.org/2003/arcrole/parent-child" xlink:from="lbl_DepositsWithCentralBanks" xlink:to="lbl_DepositsWithUKCentralBank" xlink:type="arc"/>
      <link:loc xlink:href="../../fr/2016-12-01/ie-fr-2016-12-01.xsd#ie-fr_CurrentAccountWithROICentralBank" xlink:label="lbl_CurrentAccountWithTheROICentralBank1" xlink:type="locator"/>
      <link:loc xlink:href="../../fr/2016-12-01/ie-fr-2016-12-01.xsd#id_MandatoryReserveDepositsWithROICentralBank" xlink:label="lbl_MandatoryReserveDepositsWithROICentralBank1" xlink:type="locator"/>
      <link:loc xlink:href="../../fr/2016-12-01/ie-fr-2016-12-01.xsd#ie-fr_DepositsWithROICentralBank" xlink:label="lbl_DepositsWithROICentralBank" xlink:type="locator"/>
      <link:presentationArc order="1.0" xlink:arcrole="http://www.xbrl.org/2003/arcrole/parent-child" xlink:from="lbl_DepositsWithCentralBanks" xlink:to="lbl_DepositsWithROICentralBank" xlink:type="arc"/>
      <link:presentationArc order="1.0" xlink:arcrole="http://www.xbrl.org/2003/arcrole/parent-child" xlink:from="lbl_DepositsWithROICentralBank" xlink:to="lbl_MandatoryReserveDepositsWithROICentralBank1" xlink:type="arc"/>
      <link:presentationArc order="2.0" xlink:arcrole="http://www.xbrl.org/2003/arcrole/parent-child" xlink:from="lbl_DepositsWithROICentralBank" xlink:to="lbl_BalancesWithROICentralBankOtherThanMandatoryReserveDeposits" xlink:type="arc"/>
      <link:loc xlink:href="../../fr/2016-12-01/ie-fr-2016-12-01.xsd#ie-fr_BalancesWithROICentralBankOtherThanMandatoryReserveDeposits" xlink:label="lbl_BalancesWithROICentralBankOtherThanMandatoryReserveDeposits" xlink:type="locator"/>
   </link:presentationLink>
</link:linkbase>
