<?xml version="1.0" encoding="UTF-8" standalone="yes"?>
<linkbase xmlns="http://www.xbrl.org/2003/linkbase" xmlns:xsi="http://www.w3.org/2001/XMLSchema-instance" xmlns:xlink="http://www.w3.org/1999/xlink" xsi:schemaLocation=" http://www.xbrl.org/2003/linkbase http://www.xbrl.org/2003/xbrl-linkbase-2003-12-31.xsd">
  <roleRef xlink:type="simple" xlink:href="../../fr/2014-09-01/core/frc-core-2014-09-01.xsd#Dimension-FinancialInstrumentsClassesAndCategories" roleURI="http://xbrl.frc.org.uk/fr/core/roles/Dimension-FinancialInstrumentsClassesAndCategories"/>
  <arcroleRef xlink:type="simple" xlink:href="http://www.xbrl.org/2005/xbrldt-2005.xsd#domain-member" arcroleURI="http://xbrl.org/int/dim/arcrole/domain-member"/>
  <roleRef xlink:type="simple" xlink:href="../../fr/2014-09-01/core/frc-core-2014-09-01.xsd#Dimension-FinancialAssetsClassesAndCategories" roleURI="http://xbrl.frc.org.uk/fr/core/roles/Dimension-FinancialAssetsClassesAndCategories"/>
  <definitionLink xlink:type="extended" xlink:role="http://xbrl.frc.org.uk/fr/core/roles/Dimension-FinancialInstrumentsClassesAndCategories">
    <loc xlink:type="locator" xlink:href="../../fr/2014-09-01/core/frc-core-2014-09-01.xsd#core_FinancialAssetsAmortisedCost" xlink:label="core_FinancialAssetsAmortisedCost"/>
    <loc xlink:type="locator" xlink:href="../../fr/2014-09-01/core/frc-core-2014-09-01.xsd#core_LoansReceivables" xlink:label="core_LoansReceivables"/>
    <definitionArc xlink:type="arc" xlink:arcrole="http://xbrl.org/int/dim/arcrole/domain-member" xlink:from="core_FinancialAssetsAmortisedCost" xlink:to="core_LoansReceivables" order="1" priority="1" use="prohibited"/>
    <loc xlink:type="locator" xlink:href="../../fr/2014-09-01/core/frc-core-2014-09-01.xsd#core_Held-to-maturityFinancialAssets" xlink:label="core_Held-to-maturityFinancialAssets"/>
    <definitionArc xlink:type="arc" xlink:arcrole="http://xbrl.org/int/dim/arcrole/domain-member" xlink:from="core_FinancialAssetsAmortisedCost" xlink:to="core_Held-to-maturityFinancialAssets" order="2" priority="1" use="prohibited"/>
    <loc xlink:type="locator" xlink:href="../../fr/2014-09-01/core/frc-core-2014-09-01.xsd#core_FinancialInstrumentsFairValue" xlink:label="core_FinancialInstrumentsFairValue" xlink:title="definition: FinancialInstrumentsFairValue to FinancialInstrumentsFairValueThroughProfitOrLoss"/>
    <loc xlink:type="locator" xlink:href="../../fr/2014-09-01/core/frc-core-2014-09-01.xsd#core_FinancialInstrumentsFairValueThroughProfitOrLoss" xlink:label="core_FinancialInstrumentsFairValueThroughProfitOrLoss" xlink:title="definition: FinancialInstrumentsFairValue to FinancialInstrumentsFairValueThroughProfitOrLoss"/>
    <definitionArc xlink:type="arc" xlink:arcrole="http://xbrl.org/int/dim/arcrole/domain-member" xlink:from="core_FinancialInstrumentsFairValue" xlink:to="core_FinancialInstrumentsFairValueThroughProfitOrLoss" xlink:title="definition: FinancialInstrumentsFairValue to FinancialInstrumentsFairValueThroughProfitOrLoss" order="1" priority="1" use="prohibited"/>
    <loc xlink:type="locator" xlink:href="../../fr/2014-09-01/core/frc-core-2014-09-01.xsd#core_FinancialInstrumentsDesignatedFairValueThroughProfitOrLoss" xlink:label="core_FinancialInstrumentsDesignatedFairValueThroughProfitOrLoss" xlink:title="definition: FinancialInstrumentsFairValueThroughProfitOrLoss to FinancialInstrumentsDesignatedFairValueThroughProfitOrLoss"/>
    <definitionArc xlink:type="arc" xlink:arcrole="http://xbrl.org/int/dim/arcrole/domain-member" xlink:from="core_FinancialInstrumentsFairValueThroughProfitOrLoss" xlink:to="core_FinancialInstrumentsDesignatedFairValueThroughProfitOrLoss" xlink:title="definition: FinancialInstrumentsFairValueThroughProfitOrLoss to FinancialInstrumentsDesignatedFairValueThroughProfitOrLoss" order="1" priority="1" use="prohibited"/>
    <loc xlink:type="locator" xlink:href="../../fr/2014-09-01/core/frc-core-2014-09-01.xsd#core_FinancialInstrumentsHeldForTrading" xlink:label="core_FinancialInstrumentsHeldForTrading" xlink:title="definition: FinancialInstrumentsFairValueThroughProfitOrLoss to FinancialInstrumentsHeldForTrading"/>
    <definitionArc xlink:type="arc" xlink:arcrole="http://xbrl.org/int/dim/arcrole/domain-member" xlink:from="core_FinancialInstrumentsFairValueThroughProfitOrLoss" xlink:to="core_FinancialInstrumentsHeldForTrading" xlink:title="definition: FinancialInstrumentsFairValueThroughProfitOrLoss to FinancialInstrumentsHeldForTrading" order="2" priority="1" use="prohibited"/>
    <loc xlink:type="locator" xlink:href="../../fr/2014-09-01/core/frc-core-2014-09-01.xsd#core_Available-for-saleFinancialAssets" xlink:label="core_Available-for-saleFinancialAssets" xlink:title="definition: FinancialInstrumentsFairValue to Available-for-saleFinancialAssets"/>
    <definitionArc xlink:type="arc" xlink:arcrole="http://xbrl.org/int/dim/arcrole/domain-member" xlink:from="core_FinancialInstrumentsFairValue" xlink:to="core_Available-for-saleFinancialAssets" xlink:title="definition: FinancialInstrumentsFairValue to Available-for-saleFinancialAssets" order="2" priority="1" use="prohibited"/>
    <definitionArc xlink:type="arc" xlink:arcrole="http://xbrl.org/int/dim/arcrole/domain-member" xlink:from="core_FinancialInstrumentsFairValue" xlink:to="core_FinancialInstrumentsDesignatedFairValueThroughProfitOrLoss" xlink:title="definition: FinancialInstrumentsFairValue to FinancialInstrumentsDesignatedFairValueThroughProfitOrLoss" order="3" use="optional"/>
    <definitionArc xlink:type="arc" xlink:arcrole="http://xbrl.org/int/dim/arcrole/domain-member" xlink:from="core_FinancialInstrumentsFairValue" xlink:to="core_FinancialInstrumentsHeldForTrading" xlink:title="definition: FinancialInstrumentsFairValue to FinancialInstrumentsHeldForTrading" order="4" use="optional"/>
  </definitionLink>
  <definitionLink xlink:type="extended" xlink:role="http://xbrl.frc.org.uk/fr/core/roles/Dimension-FinancialAssetsClassesAndCategories">
    <loc xlink:type="locator" xlink:href="../../fr/2014-09-01/core/frc-core-2014-09-01.xsd#core_FinancialAssetsAmortisedCost" xlink:label="core_FinancialAssetsAmortisedCost" xlink:title="definition: FinancialAssetsAmortisedCost to LoansReceivables"/>
    <loc xlink:type="locator" xlink:href="../../fr/2014-09-01/core/frc-core-2014-09-01.xsd#core_LoansReceivables" xlink:label="core_LoansReceivables" xlink:title="definition: FinancialAssetsAmortisedCost to LoansReceivables"/>
    <definitionArc xlink:type="arc" xlink:arcrole="http://xbrl.org/int/dim/arcrole/domain-member" xlink:from="core_FinancialAssetsAmortisedCost" xlink:to="core_LoansReceivables" xlink:title="definition: FinancialAssetsAmortisedCost to LoansReceivables" order="1" priority="1" use="prohibited"/>
    <loc xlink:type="locator" xlink:href="../../fr/2014-09-01/core/frc-core-2014-09-01.xsd#core_Held-to-maturityFinancialAssets" xlink:label="core_Held-to-maturityFinancialAssets" xlink:title="definition: FinancialAssetsAmortisedCost to Held-to-maturityFinancialAssets"/>
    <definitionArc xlink:type="arc" xlink:arcrole="http://xbrl.org/int/dim/arcrole/domain-member" xlink:from="core_FinancialAssetsAmortisedCost" xlink:to="core_Held-to-maturityFinancialAssets" xlink:title="definition: FinancialAssetsAmortisedCost to Held-to-maturityFinancialAssets" order="2" priority="1" use="prohibited"/>
    <loc xlink:type="locator" xlink:href="../../fr/2014-09-01/core/frc-core-2014-09-01.xsd#core_FinancialAssetsFairValue" xlink:label="core_FinancialAssetsFairValue" xlink:title="definition: FinancialAssetsFairValue to FinancialAssetsFairValueThroughProfitOrLoss"/>
    <loc xlink:type="locator" xlink:href="../../fr/2014-09-01/core/frc-core-2014-09-01.xsd#core_FinancialAssetsFairValueThroughProfitOrLoss" xlink:label="core_FinancialAssetsFairValueThroughProfitOrLoss" xlink:title="definition: FinancialAssetsFairValue to FinancialAssetsFairValueThroughProfitOrLoss"/>
    <definitionArc xlink:type="arc" xlink:arcrole="http://xbrl.org/int/dim/arcrole/domain-member" xlink:from="core_FinancialAssetsFairValue" xlink:to="core_FinancialAssetsFairValueThroughProfitOrLoss" xlink:title="definition: FinancialAssetsFairValue to FinancialAssetsFairValueThroughProfitOrLoss" order="1" priority="1" use="prohibited"/>
    <loc xlink:type="locator" xlink:href="../../fr/2014-09-01/core/frc-core-2014-09-01.xsd#core_FinancialAssetsDesignatedFairValueThroughProfitOrLoss" xlink:label="core_FinancialAssetsDesignatedFairValueThroughProfitOrLoss" xlink:title="definition: FinancialAssetsFairValueThroughProfitOrLoss to FinancialAssetsDesignatedFairValueThroughProfitOrLoss"/>
    <definitionArc xlink:type="arc" xlink:arcrole="http://xbrl.org/int/dim/arcrole/domain-member" xlink:from="core_FinancialAssetsFairValueThroughProfitOrLoss" xlink:to="core_FinancialAssetsDesignatedFairValueThroughProfitOrLoss" xlink:title="definition: FinancialAssetsFairValueThroughProfitOrLoss to FinancialAssetsDesignatedFairValueThroughProfitOrLoss" order="1" priority="1" use="prohibited"/>
    <loc xlink:type="locator" xlink:href="../../fr/2014-09-01/core/frc-core-2014-09-01.xsd#core_FinancialAssetsHeldForTrading" xlink:label="core_FinancialAssetsHeldForTrading" xlink:title="definition: FinancialAssetsFairValueThroughProfitOrLoss to FinancialAssetsHeldForTrading"/>
    <definitionArc xlink:type="arc" xlink:arcrole="http://xbrl.org/int/dim/arcrole/domain-member" xlink:from="core_FinancialAssetsFairValueThroughProfitOrLoss" xlink:to="core_FinancialAssetsHeldForTrading" xlink:title="definition: FinancialAssetsFairValueThroughProfitOrLoss to FinancialAssetsHeldForTrading" order="2" priority="1" use="prohibited"/>
    <loc xlink:type="locator" xlink:href="../../fr/2014-09-01/core/frc-core-2014-09-01.xsd#core_Available-for-saleFinancialAssets" xlink:label="core_Available-for-saleFinancialAssets" xlink:title="definition: FinancialAssetsFairValue to Available-for-saleFinancialAssets"/>
    <definitionArc xlink:type="arc" xlink:arcrole="http://xbrl.org/int/dim/arcrole/domain-member" xlink:from="core_FinancialAssetsFairValue" xlink:to="core_Available-for-saleFinancialAssets" xlink:title="definition: FinancialAssetsFairValue to Available-for-saleFinancialAssets" order="2" priority="1" use="prohibited"/>
    <definitionArc xlink:type="arc" xlink:arcrole="http://xbrl.org/int/dim/arcrole/domain-member" xlink:from="core_FinancialAssetsFairValue" xlink:to="core_FinancialAssetsDesignatedFairValueThroughProfitOrLoss" xlink:title="definition: FinancialAssetsFairValue to FinancialAssetsDesignatedFairValueThroughProfitOrLoss" order="3" use="optional"/>
    <definitionArc xlink:type="arc" xlink:arcrole="http://xbrl.org/int/dim/arcrole/domain-member" xlink:from="core_FinancialAssetsFairValue" xlink:to="core_FinancialAssetsHeldForTrading" xlink:title="definition: FinancialAssetsFairValue to FinancialAssetsHeldForTrading" order="4" use="optional"/>
  </definitionLink>
</linkbase>
