<?xml version="1.0" encoding="UTF-8" standalone="yes"?>
<linkbase xmlns="http://www.xbrl.org/2003/linkbase" xmlns:xsi="http://www.w3.org/2001/XMLSchema-instance" xmlns:xlink="http://www.w3.org/1999/xlink" xmlns:xbrldt="http://xbrl.org/2005/xbrldt" xsi:schemaLocation=" http://www.xbrl.org/2003/linkbase http://www.xbrl.org/2003/xbrl-linkbase-2003-12-31.xsd http://xbrl.org/2005/xbrldt http://www.xbrl.org/2005/xbrldt-2005.xsd">
  <roleRef xlink:type="simple" xlink:href="currencies-2014-09-01.xsd#Dimension-Currencies" roleURI="http://xbrl.frc.org.uk/cd/roles/Dimension-Currencies"/>
  <arcroleRef xlink:type="simple" xlink:href="http://www.xbrl.org/2005/xbrldt-2005.xsd#dimension-default" arcroleURI="http://xbrl.org/int/dim/arcrole/dimension-default"/>
  <arcroleRef xlink:type="simple" xlink:href="http://www.xbrl.org/2005/xbrldt-2005.xsd#dimension-domain" arcroleURI="http://xbrl.org/int/dim/arcrole/dimension-domain"/>
  <arcroleRef xlink:type="simple" xlink:href="http://www.xbrl.org/2005/xbrldt-2005.xsd#domain-member" arcroleURI="http://xbrl.org/int/dim/arcrole/domain-member"/>
  <definitionLink xlink:type="extended" xlink:role="http://xbrl.frc.org.uk/cd/roles/Dimension-Currencies">
    <loc xlink:type="locator" xlink:href="currencies-2014-09-01.xsd#curr_CurrenciesDimension" xlink:label="curr_CurrenciesDimension"/>
    <loc xlink:type="locator" xlink:href="currencies-2014-09-01.xsd#curr_CurrenciesHeading" xlink:label="curr_CurrenciesHeading"/>
    <definitionArc xlink:type="arc" xlink:arcrole="http://xbrl.org/int/dim/arcrole/dimension-domain" xlink:from="curr_CurrenciesDimension" xlink:to="curr_CurrenciesHeading" order="1" use="optional" xbrldt:usable="false"/>
    <loc xlink:type="locator" xlink:href="currencies-2014-09-01.xsd#curr_AllCurrencies" xlink:label="curr_AllCurrencies"/>
    <definitionArc xlink:type="arc" xlink:arcrole="http://xbrl.org/int/dim/arcrole/domain-member" xlink:from="curr_CurrenciesHeading" xlink:to="curr_AllCurrencies" order="1" use="optional"/>
    <loc xlink:type="locator" xlink:href="currencies-2014-09-01.xsd#curr_OtherCurrencies" xlink:label="curr_OtherCurrencies"/>
    <definitionArc xlink:type="arc" xlink:arcrole="http://xbrl.org/int/dim/arcrole/domain-member" xlink:from="curr_CurrenciesHeading" xlink:to="curr_OtherCurrencies" order="2" use="optional"/>
    <loc xlink:type="locator" xlink:href="currencies-2014-09-01.xsd#curr_MainCurrenciesHeading" xlink:label="curr_MainCurrenciesHeading"/>
    <definitionArc xlink:type="arc" xlink:arcrole="http://xbrl.org/int/dim/arcrole/domain-member" xlink:from="curr_CurrenciesHeading" xlink:to="curr_MainCurrenciesHeading" order="3" use="optional" xbrldt:usable="false"/>
    <loc xlink:type="locator" xlink:href="currencies-2014-09-01.xsd#curr_PoundSterling" xlink:label="curr_PoundSterling"/>
    <definitionArc xlink:type="arc" xlink:arcrole="http://xbrl.org/int/dim/arcrole/domain-member" xlink:from="curr_MainCurrenciesHeading" xlink:to="curr_PoundSterling" order="1" use="optional"/>
    <loc xlink:type="locator" xlink:href="currencies-2014-09-01.xsd#curr_USDollar" xlink:label="curr_USDollar"/>
    <definitionArc xlink:type="arc" xlink:arcrole="http://xbrl.org/int/dim/arcrole/domain-member" xlink:from="curr_MainCurrenciesHeading" xlink:to="curr_USDollar" order="2" use="optional"/>
    <loc xlink:type="locator" xlink:href="currencies-2014-09-01.xsd#curr_Euro" xlink:label="curr_Euro"/>
    <definitionArc xlink:type="arc" xlink:arcrole="http://xbrl.org/int/dim/arcrole/domain-member" xlink:from="curr_MainCurrenciesHeading" xlink:to="curr_Euro" order="3" use="optional"/>
    <loc xlink:type="locator" xlink:href="currencies-2014-09-01.xsd#curr_JapaneseYen" xlink:label="curr_JapaneseYen"/>
    <definitionArc xlink:type="arc" xlink:arcrole="http://xbrl.org/int/dim/arcrole/domain-member" xlink:from="curr_MainCurrenciesHeading" xlink:to="curr_JapaneseYen" order="4" use="optional"/>
    <loc xlink:type="locator" xlink:href="currencies-2014-09-01.xsd#curr_CanadianDollar" xlink:label="curr_CanadianDollar"/>
    <definitionArc xlink:type="arc" xlink:arcrole="http://xbrl.org/int/dim/arcrole/domain-member" xlink:from="curr_MainCurrenciesHeading" xlink:to="curr_CanadianDollar" order="5" use="optional"/>
    <loc xlink:type="locator" xlink:href="currencies-2014-09-01.xsd#curr_FullCurrenciesListHeading" xlink:label="curr_FullCurrenciesListHeading"/>
    <definitionArc xlink:type="arc" xlink:arcrole="http://xbrl.org/int/dim/arcrole/domain-member" xlink:from="curr_CurrenciesHeading" xlink:to="curr_FullCurrenciesListHeading" order="4" use="optional" xbrldt:usable="false"/>
    <loc xlink:type="locator" xlink:href="currencies-2014-09-01.xsd#curr_AfghanAfghani" xlink:label="curr_AfghanAfghani"/>
    <definitionArc xlink:type="arc" xlink:arcrole="http://xbrl.org/int/dim/arcrole/domain-member" xlink:from="curr_FullCurrenciesListHeading" xlink:to="curr_AfghanAfghani" order="1" use="optional"/>
    <loc xlink:type="locator" xlink:href="currencies-2014-09-01.xsd#curr_AlbanianLek" xlink:label="curr_AlbanianLek"/>
    <definitionArc xlink:type="arc" xlink:arcrole="http://xbrl.org/int/dim/arcrole/domain-member" xlink:from="curr_FullCurrenciesListHeading" xlink:to="curr_AlbanianLek" order="2" use="optional"/>
    <loc xlink:type="locator" xlink:href="currencies-2014-09-01.xsd#curr_AlgerianDinar" xlink:label="curr_AlgerianDinar"/>
    <definitionArc xlink:type="arc" xlink:arcrole="http://xbrl.org/int/dim/arcrole/domain-member" xlink:from="curr_FullCurrenciesListHeading" xlink:to="curr_AlgerianDinar" order="3" use="optional"/>
    <loc xlink:type="locator" xlink:href="currencies-2014-09-01.xsd#curr_AngolanKwanza" xlink:label="curr_AngolanKwanza"/>
    <definitionArc xlink:type="arc" xlink:arcrole="http://xbrl.org/int/dim/arcrole/domain-member" xlink:from="curr_FullCurrenciesListHeading" xlink:to="curr_AngolanKwanza" order="3.5" use="optional"/>
    <loc xlink:type="locator" xlink:href="currencies-2014-09-01.xsd#curr_ArgentinePeso" xlink:label="curr_ArgentinePeso"/>
    <definitionArc xlink:type="arc" xlink:arcrole="http://xbrl.org/int/dim/arcrole/domain-member" xlink:from="curr_FullCurrenciesListHeading" xlink:to="curr_ArgentinePeso" order="4" use="optional"/>
    <loc xlink:type="locator" xlink:href="currencies-2014-09-01.xsd#curr_ArmenianDram" xlink:label="curr_ArmenianDram"/>
    <definitionArc xlink:type="arc" xlink:arcrole="http://xbrl.org/int/dim/arcrole/domain-member" xlink:from="curr_FullCurrenciesListHeading" xlink:to="curr_ArmenianDram" order="5" use="optional"/>
    <loc xlink:type="locator" xlink:href="currencies-2014-09-01.xsd#curr_ArubanFlorin" xlink:label="curr_ArubanFlorin"/>
    <definitionArc xlink:type="arc" xlink:arcrole="http://xbrl.org/int/dim/arcrole/domain-member" xlink:from="curr_FullCurrenciesListHeading" xlink:to="curr_ArubanFlorin" order="6" use="optional"/>
    <loc xlink:type="locator" xlink:href="currencies-2014-09-01.xsd#curr_AustralianDollar" xlink:label="curr_AustralianDollar"/>
    <definitionArc xlink:type="arc" xlink:arcrole="http://xbrl.org/int/dim/arcrole/domain-member" xlink:from="curr_FullCurrenciesListHeading" xlink:to="curr_AustralianDollar" order="7" use="optional"/>
    <loc xlink:type="locator" xlink:href="currencies-2014-09-01.xsd#curr_AzerbaijanianManat" xlink:label="curr_AzerbaijanianManat"/>
    <definitionArc xlink:type="arc" xlink:arcrole="http://xbrl.org/int/dim/arcrole/domain-member" xlink:from="curr_FullCurrenciesListHeading" xlink:to="curr_AzerbaijanianManat" order="8" use="optional"/>
    <loc xlink:type="locator" xlink:href="currencies-2014-09-01.xsd#curr_BahamianDollar" xlink:label="curr_BahamianDollar"/>
    <definitionArc xlink:type="arc" xlink:arcrole="http://xbrl.org/int/dim/arcrole/domain-member" xlink:from="curr_FullCurrenciesListHeading" xlink:to="curr_BahamianDollar" order="9" use="optional"/>
    <loc xlink:type="locator" xlink:href="currencies-2014-09-01.xsd#curr_BahrainiDinar" xlink:label="curr_BahrainiDinar"/>
    <definitionArc xlink:type="arc" xlink:arcrole="http://xbrl.org/int/dim/arcrole/domain-member" xlink:from="curr_FullCurrenciesListHeading" xlink:to="curr_BahrainiDinar" order="10" use="optional"/>
    <loc xlink:type="locator" xlink:href="currencies-2014-09-01.xsd#curr_BangladeshiTaka" xlink:label="curr_BangladeshiTaka"/>
    <definitionArc xlink:type="arc" xlink:arcrole="http://xbrl.org/int/dim/arcrole/domain-member" xlink:from="curr_FullCurrenciesListHeading" xlink:to="curr_BangladeshiTaka" order="11" use="optional"/>
    <loc xlink:type="locator" xlink:href="currencies-2014-09-01.xsd#curr_BarbadosDollar" xlink:label="curr_BarbadosDollar"/>
    <definitionArc xlink:type="arc" xlink:arcrole="http://xbrl.org/int/dim/arcrole/domain-member" xlink:from="curr_FullCurrenciesListHeading" xlink:to="curr_BarbadosDollar" order="12" use="optional"/>
    <loc xlink:type="locator" xlink:href="currencies-2014-09-01.xsd#curr_BelarussianRuble" xlink:label="curr_BelarussianRuble"/>
    <definitionArc xlink:type="arc" xlink:arcrole="http://xbrl.org/int/dim/arcrole/domain-member" xlink:from="curr_FullCurrenciesListHeading" xlink:to="curr_BelarussianRuble" order="13" use="optional"/>
    <loc xlink:type="locator" xlink:href="currencies-2014-09-01.xsd#curr_BelizeDollar" xlink:label="curr_BelizeDollar"/>
    <definitionArc xlink:type="arc" xlink:arcrole="http://xbrl.org/int/dim/arcrole/domain-member" xlink:from="curr_FullCurrenciesListHeading" xlink:to="curr_BelizeDollar" order="14" use="optional"/>
    <loc xlink:type="locator" xlink:href="currencies-2014-09-01.xsd#curr_BermudianDollar" xlink:label="curr_BermudianDollar"/>
    <definitionArc xlink:type="arc" xlink:arcrole="http://xbrl.org/int/dim/arcrole/domain-member" xlink:from="curr_FullCurrenciesListHeading" xlink:to="curr_BermudianDollar" order="15" use="optional"/>
    <loc xlink:type="locator" xlink:href="currencies-2014-09-01.xsd#curr_BhutanNgultrum" xlink:label="curr_BhutanNgultrum"/>
    <definitionArc xlink:type="arc" xlink:arcrole="http://xbrl.org/int/dim/arcrole/domain-member" xlink:from="curr_FullCurrenciesListHeading" xlink:to="curr_BhutanNgultrum" order="16" use="optional"/>
    <loc xlink:type="locator" xlink:href="currencies-2014-09-01.xsd#curr_BolivianBoliviano" xlink:label="curr_BolivianBoliviano"/>
    <definitionArc xlink:type="arc" xlink:arcrole="http://xbrl.org/int/dim/arcrole/domain-member" xlink:from="curr_FullCurrenciesListHeading" xlink:to="curr_BolivianBoliviano" order="17" use="optional"/>
    <loc xlink:type="locator" xlink:href="currencies-2014-09-01.xsd#curr_BolivianMvdol" xlink:label="curr_BolivianMvdol"/>
    <definitionArc xlink:type="arc" xlink:arcrole="http://xbrl.org/int/dim/arcrole/domain-member" xlink:from="curr_FullCurrenciesListHeading" xlink:to="curr_BolivianMvdol" order="18" use="optional"/>
    <loc xlink:type="locator" xlink:href="currencies-2014-09-01.xsd#curr_BosniaHerzegovinaConvertibleMark" xlink:label="curr_BosniaHerzegovinaConvertibleMark"/>
    <definitionArc xlink:type="arc" xlink:arcrole="http://xbrl.org/int/dim/arcrole/domain-member" xlink:from="curr_FullCurrenciesListHeading" xlink:to="curr_BosniaHerzegovinaConvertibleMark" order="19" use="optional"/>
    <loc xlink:type="locator" xlink:href="currencies-2014-09-01.xsd#curr_BotswanaPula" xlink:label="curr_BotswanaPula"/>
    <definitionArc xlink:type="arc" xlink:arcrole="http://xbrl.org/int/dim/arcrole/domain-member" xlink:from="curr_FullCurrenciesListHeading" xlink:to="curr_BotswanaPula" order="20" use="optional"/>
    <loc xlink:type="locator" xlink:href="currencies-2014-09-01.xsd#curr_BrazilianReal" xlink:label="curr_BrazilianReal"/>
    <definitionArc xlink:type="arc" xlink:arcrole="http://xbrl.org/int/dim/arcrole/domain-member" xlink:from="curr_FullCurrenciesListHeading" xlink:to="curr_BrazilianReal" order="21" use="optional"/>
    <loc xlink:type="locator" xlink:href="currencies-2014-09-01.xsd#curr_BruneiDollar" xlink:label="curr_BruneiDollar"/>
    <definitionArc xlink:type="arc" xlink:arcrole="http://xbrl.org/int/dim/arcrole/domain-member" xlink:from="curr_FullCurrenciesListHeading" xlink:to="curr_BruneiDollar" order="22" use="optional"/>
    <loc xlink:type="locator" xlink:href="currencies-2014-09-01.xsd#curr_BulgarianLev" xlink:label="curr_BulgarianLev"/>
    <definitionArc xlink:type="arc" xlink:arcrole="http://xbrl.org/int/dim/arcrole/domain-member" xlink:from="curr_FullCurrenciesListHeading" xlink:to="curr_BulgarianLev" order="23" use="optional"/>
    <loc xlink:type="locator" xlink:href="currencies-2014-09-01.xsd#curr_BurundianFranc" xlink:label="curr_BurundianFranc"/>
    <definitionArc xlink:type="arc" xlink:arcrole="http://xbrl.org/int/dim/arcrole/domain-member" xlink:from="curr_FullCurrenciesListHeading" xlink:to="curr_BurundianFranc" order="24" use="optional"/>
    <loc xlink:type="locator" xlink:href="currencies-2014-09-01.xsd#curr_CambodianRiel" xlink:label="curr_CambodianRiel"/>
    <definitionArc xlink:type="arc" xlink:arcrole="http://xbrl.org/int/dim/arcrole/domain-member" xlink:from="curr_FullCurrenciesListHeading" xlink:to="curr_CambodianRiel" order="25" use="optional"/>
    <definitionArc xlink:type="arc" xlink:arcrole="http://xbrl.org/int/dim/arcrole/domain-member" xlink:from="curr_FullCurrenciesListHeading" xlink:to="curr_CanadianDollar" order="26" use="optional"/>
    <loc xlink:type="locator" xlink:href="currencies-2014-09-01.xsd#curr_CapeVerdeEscudo" xlink:label="curr_CapeVerdeEscudo"/>
    <definitionArc xlink:type="arc" xlink:arcrole="http://xbrl.org/int/dim/arcrole/domain-member" xlink:from="curr_FullCurrenciesListHeading" xlink:to="curr_CapeVerdeEscudo" order="27" use="optional"/>
    <loc xlink:type="locator" xlink:href="currencies-2014-09-01.xsd#curr_CaymanIslandsDollar" xlink:label="curr_CaymanIslandsDollar"/>
    <definitionArc xlink:type="arc" xlink:arcrole="http://xbrl.org/int/dim/arcrole/domain-member" xlink:from="curr_FullCurrenciesListHeading" xlink:to="curr_CaymanIslandsDollar" order="28" use="optional"/>
    <loc xlink:type="locator" xlink:href="currencies-2014-09-01.xsd#curr_CFAFrancBCEAO" xlink:label="curr_CFAFrancBCEAO"/>
    <definitionArc xlink:type="arc" xlink:arcrole="http://xbrl.org/int/dim/arcrole/domain-member" xlink:from="curr_FullCurrenciesListHeading" xlink:to="curr_CFAFrancBCEAO" order="29" use="optional"/>
    <loc xlink:type="locator" xlink:href="currencies-2014-09-01.xsd#curr_CFAFrancBEAC" xlink:label="curr_CFAFrancBEAC"/>
    <definitionArc xlink:type="arc" xlink:arcrole="http://xbrl.org/int/dim/arcrole/domain-member" xlink:from="curr_FullCurrenciesListHeading" xlink:to="curr_CFAFrancBEAC" order="30" use="optional"/>
    <loc xlink:type="locator" xlink:href="currencies-2014-09-01.xsd#curr_CFPFrancPacificFranc" xlink:label="curr_CFPFrancPacificFranc"/>
    <definitionArc xlink:type="arc" xlink:arcrole="http://xbrl.org/int/dim/arcrole/domain-member" xlink:from="curr_FullCurrenciesListHeading" xlink:to="curr_CFPFrancPacificFranc" order="31" use="optional"/>
    <loc xlink:type="locator" xlink:href="currencies-2014-09-01.xsd#curr_ChileanPeso" xlink:label="curr_ChileanPeso"/>
    <definitionArc xlink:type="arc" xlink:arcrole="http://xbrl.org/int/dim/arcrole/domain-member" xlink:from="curr_FullCurrenciesListHeading" xlink:to="curr_ChileanPeso" order="32" use="optional"/>
    <loc xlink:type="locator" xlink:href="currencies-2014-09-01.xsd#curr_ChineseYuanRenminbi" xlink:label="curr_ChineseYuanRenminbi"/>
    <definitionArc xlink:type="arc" xlink:arcrole="http://xbrl.org/int/dim/arcrole/domain-member" xlink:from="curr_FullCurrenciesListHeading" xlink:to="curr_ChineseYuanRenminbi" order="33" use="optional"/>
    <loc xlink:type="locator" xlink:href="currencies-2014-09-01.xsd#curr_ColombianPeso" xlink:label="curr_ColombianPeso"/>
    <definitionArc xlink:type="arc" xlink:arcrole="http://xbrl.org/int/dim/arcrole/domain-member" xlink:from="curr_FullCurrenciesListHeading" xlink:to="curr_ColombianPeso" order="34" use="optional"/>
    <loc xlink:type="locator" xlink:href="currencies-2014-09-01.xsd#curr_ComoroFranc" xlink:label="curr_ComoroFranc"/>
    <definitionArc xlink:type="arc" xlink:arcrole="http://xbrl.org/int/dim/arcrole/domain-member" xlink:from="curr_FullCurrenciesListHeading" xlink:to="curr_ComoroFranc" order="35" use="optional"/>
    <loc xlink:type="locator" xlink:href="currencies-2014-09-01.xsd#curr_CongoleseFranc" xlink:label="curr_CongoleseFranc"/>
    <definitionArc xlink:type="arc" xlink:arcrole="http://xbrl.org/int/dim/arcrole/domain-member" xlink:from="curr_FullCurrenciesListHeading" xlink:to="curr_CongoleseFranc" order="36" use="optional"/>
    <loc xlink:type="locator" xlink:href="currencies-2014-09-01.xsd#curr_CostaRicanColon" xlink:label="curr_CostaRicanColon"/>
    <definitionArc xlink:type="arc" xlink:arcrole="http://xbrl.org/int/dim/arcrole/domain-member" xlink:from="curr_FullCurrenciesListHeading" xlink:to="curr_CostaRicanColon" order="37" use="optional"/>
    <loc xlink:type="locator" xlink:href="currencies-2014-09-01.xsd#curr_CroatianKuna" xlink:label="curr_CroatianKuna"/>
    <definitionArc xlink:type="arc" xlink:arcrole="http://xbrl.org/int/dim/arcrole/domain-member" xlink:from="curr_FullCurrenciesListHeading" xlink:to="curr_CroatianKuna" order="38" use="optional"/>
    <loc xlink:type="locator" xlink:href="currencies-2014-09-01.xsd#curr_CubanConvertiblePeso" xlink:label="curr_CubanConvertiblePeso"/>
    <definitionArc xlink:type="arc" xlink:arcrole="http://xbrl.org/int/dim/arcrole/domain-member" xlink:from="curr_FullCurrenciesListHeading" xlink:to="curr_CubanConvertiblePeso" order="38.5" use="optional"/>
    <loc xlink:type="locator" xlink:href="currencies-2014-09-01.xsd#curr_CubanPeso" xlink:label="curr_CubanPeso"/>
    <definitionArc xlink:type="arc" xlink:arcrole="http://xbrl.org/int/dim/arcrole/domain-member" xlink:from="curr_FullCurrenciesListHeading" xlink:to="curr_CubanPeso" order="39" use="optional"/>
    <loc xlink:type="locator" xlink:href="currencies-2014-09-01.xsd#curr_CzechKoruna" xlink:label="curr_CzechKoruna"/>
    <definitionArc xlink:type="arc" xlink:arcrole="http://xbrl.org/int/dim/arcrole/domain-member" xlink:from="curr_FullCurrenciesListHeading" xlink:to="curr_CzechKoruna" order="40" use="optional"/>
    <loc xlink:type="locator" xlink:href="currencies-2014-09-01.xsd#curr_DanishKrone" xlink:label="curr_DanishKrone"/>
    <definitionArc xlink:type="arc" xlink:arcrole="http://xbrl.org/int/dim/arcrole/domain-member" xlink:from="curr_FullCurrenciesListHeading" xlink:to="curr_DanishKrone" order="41" use="optional"/>
    <loc xlink:type="locator" xlink:href="currencies-2014-09-01.xsd#curr_DjiboutianFranc" xlink:label="curr_DjiboutianFranc"/>
    <definitionArc xlink:type="arc" xlink:arcrole="http://xbrl.org/int/dim/arcrole/domain-member" xlink:from="curr_FullCurrenciesListHeading" xlink:to="curr_DjiboutianFranc" order="42" use="optional"/>
    <loc xlink:type="locator" xlink:href="currencies-2014-09-01.xsd#curr_DominicanPeso" xlink:label="curr_DominicanPeso"/>
    <definitionArc xlink:type="arc" xlink:arcrole="http://xbrl.org/int/dim/arcrole/domain-member" xlink:from="curr_FullCurrenciesListHeading" xlink:to="curr_DominicanPeso" order="43" use="optional"/>
    <loc xlink:type="locator" xlink:href="currencies-2014-09-01.xsd#curr_EastCaribbeanDollar" xlink:label="curr_EastCaribbeanDollar"/>
    <definitionArc xlink:type="arc" xlink:arcrole="http://xbrl.org/int/dim/arcrole/domain-member" xlink:from="curr_FullCurrenciesListHeading" xlink:to="curr_EastCaribbeanDollar" order="44" use="optional"/>
    <loc xlink:type="locator" xlink:href="currencies-2014-09-01.xsd#curr_EgyptianPound" xlink:label="curr_EgyptianPound"/>
    <definitionArc xlink:type="arc" xlink:arcrole="http://xbrl.org/int/dim/arcrole/domain-member" xlink:from="curr_FullCurrenciesListHeading" xlink:to="curr_EgyptianPound" order="45" use="optional"/>
    <loc xlink:type="locator" xlink:href="currencies-2014-09-01.xsd#curr_EritreanNakfa" xlink:label="curr_EritreanNakfa"/>
    <definitionArc xlink:type="arc" xlink:arcrole="http://xbrl.org/int/dim/arcrole/domain-member" xlink:from="curr_FullCurrenciesListHeading" xlink:to="curr_EritreanNakfa" order="46" use="optional"/>
    <loc xlink:type="locator" xlink:href="currencies-2014-09-01.xsd#curr_EstonianKroon" xlink:label="curr_EstonianKroon"/>
    <definitionArc xlink:type="arc" xlink:arcrole="http://xbrl.org/int/dim/arcrole/domain-member" xlink:from="curr_FullCurrenciesListHeading" xlink:to="curr_EstonianKroon" order="47" use="optional"/>
    <loc xlink:type="locator" xlink:href="currencies-2014-09-01.xsd#curr_EthiopianBirr" xlink:label="curr_EthiopianBirr"/>
    <definitionArc xlink:type="arc" xlink:arcrole="http://xbrl.org/int/dim/arcrole/domain-member" xlink:from="curr_FullCurrenciesListHeading" xlink:to="curr_EthiopianBirr" order="48" use="optional"/>
    <definitionArc xlink:type="arc" xlink:arcrole="http://xbrl.org/int/dim/arcrole/domain-member" xlink:from="curr_FullCurrenciesListHeading" xlink:to="curr_Euro" order="49" use="optional"/>
    <loc xlink:type="locator" xlink:href="currencies-2014-09-01.xsd#curr_EuropeanCompositeUnitEURCO" xlink:label="curr_EuropeanCompositeUnitEURCO"/>
    <definitionArc xlink:type="arc" xlink:arcrole="http://xbrl.org/int/dim/arcrole/domain-member" xlink:from="curr_FullCurrenciesListHeading" xlink:to="curr_EuropeanCompositeUnitEURCO" order="50" use="optional"/>
    <loc xlink:type="locator" xlink:href="currencies-2014-09-01.xsd#curr_EuropeanMonetaryUnitEMU-6" xlink:label="curr_EuropeanMonetaryUnitEMU-6"/>
    <definitionArc xlink:type="arc" xlink:arcrole="http://xbrl.org/int/dim/arcrole/domain-member" xlink:from="curr_FullCurrenciesListHeading" xlink:to="curr_EuropeanMonetaryUnitEMU-6" order="51" use="optional"/>
    <loc xlink:type="locator" xlink:href="currencies-2014-09-01.xsd#curr_EuropeanUnitAccount17EUA-17" xlink:label="curr_EuropeanUnitAccount17EUA-17"/>
    <definitionArc xlink:type="arc" xlink:arcrole="http://xbrl.org/int/dim/arcrole/domain-member" xlink:from="curr_FullCurrenciesListHeading" xlink:to="curr_EuropeanUnitAccount17EUA-17" order="52" use="optional"/>
    <loc xlink:type="locator" xlink:href="currencies-2014-09-01.xsd#curr_EuropeanUnitAccount9EUA-9" xlink:label="curr_EuropeanUnitAccount9EUA-9"/>
    <definitionArc xlink:type="arc" xlink:arcrole="http://xbrl.org/int/dim/arcrole/domain-member" xlink:from="curr_FullCurrenciesListHeading" xlink:to="curr_EuropeanUnitAccount9EUA-9" order="53" use="optional"/>
    <loc xlink:type="locator" xlink:href="currencies-2014-09-01.xsd#curr_FalklandIslandsPound" xlink:label="curr_FalklandIslandsPound"/>
    <definitionArc xlink:type="arc" xlink:arcrole="http://xbrl.org/int/dim/arcrole/domain-member" xlink:from="curr_FullCurrenciesListHeading" xlink:to="curr_FalklandIslandsPound" order="54" use="optional"/>
    <loc xlink:type="locator" xlink:href="currencies-2014-09-01.xsd#curr_FijiDollar" xlink:label="curr_FijiDollar"/>
    <definitionArc xlink:type="arc" xlink:arcrole="http://xbrl.org/int/dim/arcrole/domain-member" xlink:from="curr_FullCurrenciesListHeading" xlink:to="curr_FijiDollar" order="55" use="optional"/>
    <loc xlink:type="locator" xlink:href="currencies-2014-09-01.xsd#curr_GambianDalasi" xlink:label="curr_GambianDalasi"/>
    <definitionArc xlink:type="arc" xlink:arcrole="http://xbrl.org/int/dim/arcrole/domain-member" xlink:from="curr_FullCurrenciesListHeading" xlink:to="curr_GambianDalasi" order="56" use="optional"/>
    <loc xlink:type="locator" xlink:href="currencies-2014-09-01.xsd#curr_GeorgianLari" xlink:label="curr_GeorgianLari"/>
    <definitionArc xlink:type="arc" xlink:arcrole="http://xbrl.org/int/dim/arcrole/domain-member" xlink:from="curr_FullCurrenciesListHeading" xlink:to="curr_GeorgianLari" order="57" use="optional"/>
    <loc xlink:type="locator" xlink:href="currencies-2014-09-01.xsd#curr_GhanaianCedi" xlink:label="curr_GhanaianCedi"/>
    <definitionArc xlink:type="arc" xlink:arcrole="http://xbrl.org/int/dim/arcrole/domain-member" xlink:from="curr_FullCurrenciesListHeading" xlink:to="curr_GhanaianCedi" order="58" use="optional"/>
    <loc xlink:type="locator" xlink:href="currencies-2014-09-01.xsd#curr_GibraltarPound" xlink:label="curr_GibraltarPound"/>
    <definitionArc xlink:type="arc" xlink:arcrole="http://xbrl.org/int/dim/arcrole/domain-member" xlink:from="curr_FullCurrenciesListHeading" xlink:to="curr_GibraltarPound" order="59" use="optional"/>
    <loc xlink:type="locator" xlink:href="currencies-2014-09-01.xsd#curr_GoldOneTroyOunce" xlink:label="curr_GoldOneTroyOunce"/>
    <definitionArc xlink:type="arc" xlink:arcrole="http://xbrl.org/int/dim/arcrole/domain-member" xlink:from="curr_FullCurrenciesListHeading" xlink:to="curr_GoldOneTroyOunce" order="60" use="optional"/>
    <loc xlink:type="locator" xlink:href="currencies-2014-09-01.xsd#curr_GuatemalanQuetzal" xlink:label="curr_GuatemalanQuetzal"/>
    <definitionArc xlink:type="arc" xlink:arcrole="http://xbrl.org/int/dim/arcrole/domain-member" xlink:from="curr_FullCurrenciesListHeading" xlink:to="curr_GuatemalanQuetzal" order="61" use="optional"/>
    <loc xlink:type="locator" xlink:href="currencies-2014-09-01.xsd#curr_GuineanFranc" xlink:label="curr_GuineanFranc"/>
    <definitionArc xlink:type="arc" xlink:arcrole="http://xbrl.org/int/dim/arcrole/domain-member" xlink:from="curr_FullCurrenciesListHeading" xlink:to="curr_GuineanFranc" order="62" use="optional"/>
    <loc xlink:type="locator" xlink:href="currencies-2014-09-01.xsd#curr_GuyanaeseDollar" xlink:label="curr_GuyanaeseDollar"/>
    <definitionArc xlink:type="arc" xlink:arcrole="http://xbrl.org/int/dim/arcrole/domain-member" xlink:from="curr_FullCurrenciesListHeading" xlink:to="curr_GuyanaeseDollar" order="63" use="optional"/>
    <loc xlink:type="locator" xlink:href="currencies-2014-09-01.xsd#curr_HaitianGourde" xlink:label="curr_HaitianGourde"/>
    <definitionArc xlink:type="arc" xlink:arcrole="http://xbrl.org/int/dim/arcrole/domain-member" xlink:from="curr_FullCurrenciesListHeading" xlink:to="curr_HaitianGourde" order="64" use="optional"/>
    <loc xlink:type="locator" xlink:href="currencies-2014-09-01.xsd#curr_HondurasLempira" xlink:label="curr_HondurasLempira"/>
    <definitionArc xlink:type="arc" xlink:arcrole="http://xbrl.org/int/dim/arcrole/domain-member" xlink:from="curr_FullCurrenciesListHeading" xlink:to="curr_HondurasLempira" order="65" use="optional"/>
    <loc xlink:type="locator" xlink:href="currencies-2014-09-01.xsd#curr_HongKongDollar" xlink:label="curr_HongKongDollar"/>
    <definitionArc xlink:type="arc" xlink:arcrole="http://xbrl.org/int/dim/arcrole/domain-member" xlink:from="curr_FullCurrenciesListHeading" xlink:to="curr_HongKongDollar" order="66" use="optional"/>
    <loc xlink:type="locator" xlink:href="currencies-2014-09-01.xsd#curr_HungarianForint" xlink:label="curr_HungarianForint"/>
    <definitionArc xlink:type="arc" xlink:arcrole="http://xbrl.org/int/dim/arcrole/domain-member" xlink:from="curr_FullCurrenciesListHeading" xlink:to="curr_HungarianForint" order="67" use="optional"/>
    <loc xlink:type="locator" xlink:href="currencies-2014-09-01.xsd#curr_IcelandKrona" xlink:label="curr_IcelandKrona"/>
    <definitionArc xlink:type="arc" xlink:arcrole="http://xbrl.org/int/dim/arcrole/domain-member" xlink:from="curr_FullCurrenciesListHeading" xlink:to="curr_IcelandKrona" order="68" use="optional"/>
    <loc xlink:type="locator" xlink:href="currencies-2014-09-01.xsd#curr_IndianRupee" xlink:label="curr_IndianRupee"/>
    <definitionArc xlink:type="arc" xlink:arcrole="http://xbrl.org/int/dim/arcrole/domain-member" xlink:from="curr_FullCurrenciesListHeading" xlink:to="curr_IndianRupee" order="69" use="optional"/>
    <loc xlink:type="locator" xlink:href="currencies-2014-09-01.xsd#curr_IndonesianRupiah" xlink:label="curr_IndonesianRupiah"/>
    <definitionArc xlink:type="arc" xlink:arcrole="http://xbrl.org/int/dim/arcrole/domain-member" xlink:from="curr_FullCurrenciesListHeading" xlink:to="curr_IndonesianRupiah" order="70" use="optional"/>
    <loc xlink:type="locator" xlink:href="currencies-2014-09-01.xsd#curr_IranianRial" xlink:label="curr_IranianRial"/>
    <definitionArc xlink:type="arc" xlink:arcrole="http://xbrl.org/int/dim/arcrole/domain-member" xlink:from="curr_FullCurrenciesListHeading" xlink:to="curr_IranianRial" order="71" use="optional"/>
    <loc xlink:type="locator" xlink:href="currencies-2014-09-01.xsd#curr_IraqiDinar" xlink:label="curr_IraqiDinar"/>
    <definitionArc xlink:type="arc" xlink:arcrole="http://xbrl.org/int/dim/arcrole/domain-member" xlink:from="curr_FullCurrenciesListHeading" xlink:to="curr_IraqiDinar" order="72" use="optional"/>
    <loc xlink:type="locator" xlink:href="currencies-2014-09-01.xsd#curr_IsraeliNewSheqel" xlink:label="curr_IsraeliNewSheqel"/>
    <definitionArc xlink:type="arc" xlink:arcrole="http://xbrl.org/int/dim/arcrole/domain-member" xlink:from="curr_FullCurrenciesListHeading" xlink:to="curr_IsraeliNewSheqel" order="73" use="optional"/>
    <loc xlink:type="locator" xlink:href="currencies-2014-09-01.xsd#curr_JamaicanDollar" xlink:label="curr_JamaicanDollar"/>
    <definitionArc xlink:type="arc" xlink:arcrole="http://xbrl.org/int/dim/arcrole/domain-member" xlink:from="curr_FullCurrenciesListHeading" xlink:to="curr_JamaicanDollar" order="74" use="optional"/>
    <definitionArc xlink:type="arc" xlink:arcrole="http://xbrl.org/int/dim/arcrole/domain-member" xlink:from="curr_FullCurrenciesListHeading" xlink:to="curr_JapaneseYen" order="75" use="optional"/>
    <loc xlink:type="locator" xlink:href="currencies-2014-09-01.xsd#curr_JordanianDinar" xlink:label="curr_JordanianDinar"/>
    <definitionArc xlink:type="arc" xlink:arcrole="http://xbrl.org/int/dim/arcrole/domain-member" xlink:from="curr_FullCurrenciesListHeading" xlink:to="curr_JordanianDinar" order="76" use="optional"/>
    <loc xlink:type="locator" xlink:href="currencies-2014-09-01.xsd#curr_KazakhstaniTenge" xlink:label="curr_KazakhstaniTenge"/>
    <definitionArc xlink:type="arc" xlink:arcrole="http://xbrl.org/int/dim/arcrole/domain-member" xlink:from="curr_FullCurrenciesListHeading" xlink:to="curr_KazakhstaniTenge" order="77" use="optional"/>
    <loc xlink:type="locator" xlink:href="currencies-2014-09-01.xsd#curr_KenyanShilling" xlink:label="curr_KenyanShilling"/>
    <definitionArc xlink:type="arc" xlink:arcrole="http://xbrl.org/int/dim/arcrole/domain-member" xlink:from="curr_FullCurrenciesListHeading" xlink:to="curr_KenyanShilling" order="78" use="optional"/>
    <loc xlink:type="locator" xlink:href="currencies-2014-09-01.xsd#curr_KuwaitiDinar" xlink:label="curr_KuwaitiDinar"/>
    <definitionArc xlink:type="arc" xlink:arcrole="http://xbrl.org/int/dim/arcrole/domain-member" xlink:from="curr_FullCurrenciesListHeading" xlink:to="curr_KuwaitiDinar" order="79" use="optional"/>
    <loc xlink:type="locator" xlink:href="currencies-2014-09-01.xsd#curr_KyrgyzstaniSom" xlink:label="curr_KyrgyzstaniSom"/>
    <definitionArc xlink:type="arc" xlink:arcrole="http://xbrl.org/int/dim/arcrole/domain-member" xlink:from="curr_FullCurrenciesListHeading" xlink:to="curr_KyrgyzstaniSom" order="80" use="optional"/>
    <loc xlink:type="locator" xlink:href="currencies-2014-09-01.xsd#curr_LaoKip" xlink:label="curr_LaoKip"/>
    <definitionArc xlink:type="arc" xlink:arcrole="http://xbrl.org/int/dim/arcrole/domain-member" xlink:from="curr_FullCurrenciesListHeading" xlink:to="curr_LaoKip" order="81" use="optional"/>
    <loc xlink:type="locator" xlink:href="currencies-2014-09-01.xsd#curr_LatvianLats" xlink:label="curr_LatvianLats"/>
    <definitionArc xlink:type="arc" xlink:arcrole="http://xbrl.org/int/dim/arcrole/domain-member" xlink:from="curr_FullCurrenciesListHeading" xlink:to="curr_LatvianLats" order="82" use="optional"/>
    <loc xlink:type="locator" xlink:href="currencies-2014-09-01.xsd#curr_LebanesePound" xlink:label="curr_LebanesePound"/>
    <definitionArc xlink:type="arc" xlink:arcrole="http://xbrl.org/int/dim/arcrole/domain-member" xlink:from="curr_FullCurrenciesListHeading" xlink:to="curr_LebanesePound" order="83" use="optional"/>
    <loc xlink:type="locator" xlink:href="currencies-2014-09-01.xsd#curr_LesothoLoti" xlink:label="curr_LesothoLoti"/>
    <definitionArc xlink:type="arc" xlink:arcrole="http://xbrl.org/int/dim/arcrole/domain-member" xlink:from="curr_FullCurrenciesListHeading" xlink:to="curr_LesothoLoti" order="84" use="optional"/>
    <loc xlink:type="locator" xlink:href="currencies-2014-09-01.xsd#curr_LiberianDollar" xlink:label="curr_LiberianDollar"/>
    <definitionArc xlink:type="arc" xlink:arcrole="http://xbrl.org/int/dim/arcrole/domain-member" xlink:from="curr_FullCurrenciesListHeading" xlink:to="curr_LiberianDollar" order="85" use="optional"/>
    <loc xlink:type="locator" xlink:href="currencies-2014-09-01.xsd#curr_LibyanDinar" xlink:label="curr_LibyanDinar"/>
    <definitionArc xlink:type="arc" xlink:arcrole="http://xbrl.org/int/dim/arcrole/domain-member" xlink:from="curr_FullCurrenciesListHeading" xlink:to="curr_LibyanDinar" order="86" use="optional"/>
    <loc xlink:type="locator" xlink:href="currencies-2014-09-01.xsd#curr_LithuanianLitas" xlink:label="curr_LithuanianLitas"/>
    <definitionArc xlink:type="arc" xlink:arcrole="http://xbrl.org/int/dim/arcrole/domain-member" xlink:from="curr_FullCurrenciesListHeading" xlink:to="curr_LithuanianLitas" order="87" use="optional"/>
    <loc xlink:type="locator" xlink:href="currencies-2014-09-01.xsd#curr_MacanesePataca" xlink:label="curr_MacanesePataca"/>
    <definitionArc xlink:type="arc" xlink:arcrole="http://xbrl.org/int/dim/arcrole/domain-member" xlink:from="curr_FullCurrenciesListHeading" xlink:to="curr_MacanesePataca" order="88" use="optional"/>
    <loc xlink:type="locator" xlink:href="currencies-2014-09-01.xsd#curr_MacedonianDenar" xlink:label="curr_MacedonianDenar"/>
    <definitionArc xlink:type="arc" xlink:arcrole="http://xbrl.org/int/dim/arcrole/domain-member" xlink:from="curr_FullCurrenciesListHeading" xlink:to="curr_MacedonianDenar" order="89" use="optional"/>
    <loc xlink:type="locator" xlink:href="currencies-2014-09-01.xsd#curr_MalagasyAriary" xlink:label="curr_MalagasyAriary"/>
    <definitionArc xlink:type="arc" xlink:arcrole="http://xbrl.org/int/dim/arcrole/domain-member" xlink:from="curr_FullCurrenciesListHeading" xlink:to="curr_MalagasyAriary" order="90" use="optional"/>
    <loc xlink:type="locator" xlink:href="currencies-2014-09-01.xsd#curr_MalawianKwacha" xlink:label="curr_MalawianKwacha"/>
    <definitionArc xlink:type="arc" xlink:arcrole="http://xbrl.org/int/dim/arcrole/domain-member" xlink:from="curr_FullCurrenciesListHeading" xlink:to="curr_MalawianKwacha" order="91" use="optional"/>
    <loc xlink:type="locator" xlink:href="currencies-2014-09-01.xsd#curr_MalaysianRinggit" xlink:label="curr_MalaysianRinggit"/>
    <definitionArc xlink:type="arc" xlink:arcrole="http://xbrl.org/int/dim/arcrole/domain-member" xlink:from="curr_FullCurrenciesListHeading" xlink:to="curr_MalaysianRinggit" order="92" use="optional"/>
    <loc xlink:type="locator" xlink:href="currencies-2014-09-01.xsd#curr_MaldivesRufiyaa" xlink:label="curr_MaldivesRufiyaa"/>
    <definitionArc xlink:type="arc" xlink:arcrole="http://xbrl.org/int/dim/arcrole/domain-member" xlink:from="curr_FullCurrenciesListHeading" xlink:to="curr_MaldivesRufiyaa" order="93" use="optional"/>
    <loc xlink:type="locator" xlink:href="currencies-2014-09-01.xsd#curr_MauritanianOuguiya" xlink:label="curr_MauritanianOuguiya"/>
    <definitionArc xlink:type="arc" xlink:arcrole="http://xbrl.org/int/dim/arcrole/domain-member" xlink:from="curr_FullCurrenciesListHeading" xlink:to="curr_MauritanianOuguiya" order="94" use="optional"/>
    <loc xlink:type="locator" xlink:href="currencies-2014-09-01.xsd#curr_MauritiusRupee" xlink:label="curr_MauritiusRupee"/>
    <definitionArc xlink:type="arc" xlink:arcrole="http://xbrl.org/int/dim/arcrole/domain-member" xlink:from="curr_FullCurrenciesListHeading" xlink:to="curr_MauritiusRupee" order="95" use="optional"/>
    <loc xlink:type="locator" xlink:href="currencies-2014-09-01.xsd#curr_MexicanPeso" xlink:label="curr_MexicanPeso"/>
    <definitionArc xlink:type="arc" xlink:arcrole="http://xbrl.org/int/dim/arcrole/domain-member" xlink:from="curr_FullCurrenciesListHeading" xlink:to="curr_MexicanPeso" order="96" use="optional"/>
    <loc xlink:type="locator" xlink:href="currencies-2014-09-01.xsd#curr_MexicanUnidadDeInversionUID" xlink:label="curr_MexicanUnidadDeInversionUID"/>
    <definitionArc xlink:type="arc" xlink:arcrole="http://xbrl.org/int/dim/arcrole/domain-member" xlink:from="curr_FullCurrenciesListHeading" xlink:to="curr_MexicanUnidadDeInversionUID" order="97" use="optional"/>
    <loc xlink:type="locator" xlink:href="currencies-2014-09-01.xsd#curr_MoldovanLeu" xlink:label="curr_MoldovanLeu"/>
    <definitionArc xlink:type="arc" xlink:arcrole="http://xbrl.org/int/dim/arcrole/domain-member" xlink:from="curr_FullCurrenciesListHeading" xlink:to="curr_MoldovanLeu" order="98" use="optional"/>
    <loc xlink:type="locator" xlink:href="currencies-2014-09-01.xsd#curr_MongolianTugrik" xlink:label="curr_MongolianTugrik"/>
    <definitionArc xlink:type="arc" xlink:arcrole="http://xbrl.org/int/dim/arcrole/domain-member" xlink:from="curr_FullCurrenciesListHeading" xlink:to="curr_MongolianTugrik" order="99" use="optional"/>
    <loc xlink:type="locator" xlink:href="currencies-2014-09-01.xsd#curr_MoroccanDirham" xlink:label="curr_MoroccanDirham"/>
    <definitionArc xlink:type="arc" xlink:arcrole="http://xbrl.org/int/dim/arcrole/domain-member" xlink:from="curr_FullCurrenciesListHeading" xlink:to="curr_MoroccanDirham" order="100" use="optional"/>
    <loc xlink:type="locator" xlink:href="currencies-2014-09-01.xsd#curr_MozambicanMetical" xlink:label="curr_MozambicanMetical"/>
    <definitionArc xlink:type="arc" xlink:arcrole="http://xbrl.org/int/dim/arcrole/domain-member" xlink:from="curr_FullCurrenciesListHeading" xlink:to="curr_MozambicanMetical" order="101" use="optional"/>
    <loc xlink:type="locator" xlink:href="currencies-2014-09-01.xsd#curr_MyanmaKyat" xlink:label="curr_MyanmaKyat"/>
    <definitionArc xlink:type="arc" xlink:arcrole="http://xbrl.org/int/dim/arcrole/domain-member" xlink:from="curr_FullCurrenciesListHeading" xlink:to="curr_MyanmaKyat" order="102" use="optional"/>
    <loc xlink:type="locator" xlink:href="currencies-2014-09-01.xsd#curr_NamibianDollar" xlink:label="curr_NamibianDollar"/>
    <definitionArc xlink:type="arc" xlink:arcrole="http://xbrl.org/int/dim/arcrole/domain-member" xlink:from="curr_FullCurrenciesListHeading" xlink:to="curr_NamibianDollar" order="103" use="optional"/>
    <loc xlink:type="locator" xlink:href="currencies-2014-09-01.xsd#curr_NepaleseRupee" xlink:label="curr_NepaleseRupee"/>
    <definitionArc xlink:type="arc" xlink:arcrole="http://xbrl.org/int/dim/arcrole/domain-member" xlink:from="curr_FullCurrenciesListHeading" xlink:to="curr_NepaleseRupee" order="104" use="optional"/>
    <loc xlink:type="locator" xlink:href="currencies-2014-09-01.xsd#curr_NetherlandsAntillianGuilder" xlink:label="curr_NetherlandsAntillianGuilder"/>
    <definitionArc xlink:type="arc" xlink:arcrole="http://xbrl.org/int/dim/arcrole/domain-member" xlink:from="curr_FullCurrenciesListHeading" xlink:to="curr_NetherlandsAntillianGuilder" order="105" use="optional"/>
    <loc xlink:type="locator" xlink:href="currencies-2014-09-01.xsd#curr_NewZealandDollar" xlink:label="curr_NewZealandDollar"/>
    <definitionArc xlink:type="arc" xlink:arcrole="http://xbrl.org/int/dim/arcrole/domain-member" xlink:from="curr_FullCurrenciesListHeading" xlink:to="curr_NewZealandDollar" order="106" use="optional"/>
    <loc xlink:type="locator" xlink:href="currencies-2014-09-01.xsd#curr_NicaraguanCordoba" xlink:label="curr_NicaraguanCordoba"/>
    <definitionArc xlink:type="arc" xlink:arcrole="http://xbrl.org/int/dim/arcrole/domain-member" xlink:from="curr_FullCurrenciesListHeading" xlink:to="curr_NicaraguanCordoba" order="107" use="optional"/>
    <loc xlink:type="locator" xlink:href="currencies-2014-09-01.xsd#curr_NigerianNaira" xlink:label="curr_NigerianNaira"/>
    <definitionArc xlink:type="arc" xlink:arcrole="http://xbrl.org/int/dim/arcrole/domain-member" xlink:from="curr_FullCurrenciesListHeading" xlink:to="curr_NigerianNaira" order="108" use="optional"/>
    <loc xlink:type="locator" xlink:href="currencies-2014-09-01.xsd#curr_NorthKoreanWon" xlink:label="curr_NorthKoreanWon"/>
    <definitionArc xlink:type="arc" xlink:arcrole="http://xbrl.org/int/dim/arcrole/domain-member" xlink:from="curr_FullCurrenciesListHeading" xlink:to="curr_NorthKoreanWon" order="109" use="optional"/>
    <loc xlink:type="locator" xlink:href="currencies-2014-09-01.xsd#curr_NorwegianKrone" xlink:label="curr_NorwegianKrone"/>
    <definitionArc xlink:type="arc" xlink:arcrole="http://xbrl.org/int/dim/arcrole/domain-member" xlink:from="curr_FullCurrenciesListHeading" xlink:to="curr_NorwegianKrone" order="110" use="optional"/>
    <loc xlink:type="locator" xlink:href="currencies-2014-09-01.xsd#curr_OmaniRial" xlink:label="curr_OmaniRial"/>
    <definitionArc xlink:type="arc" xlink:arcrole="http://xbrl.org/int/dim/arcrole/domain-member" xlink:from="curr_FullCurrenciesListHeading" xlink:to="curr_OmaniRial" order="111" use="optional"/>
    <loc xlink:type="locator" xlink:href="currencies-2014-09-01.xsd#curr_PakistanRupee" xlink:label="curr_PakistanRupee"/>
    <definitionArc xlink:type="arc" xlink:arcrole="http://xbrl.org/int/dim/arcrole/domain-member" xlink:from="curr_FullCurrenciesListHeading" xlink:to="curr_PakistanRupee" order="112" use="optional"/>
    <loc xlink:type="locator" xlink:href="currencies-2014-09-01.xsd#curr_PalladiumOneTroyOunce" xlink:label="curr_PalladiumOneTroyOunce"/>
    <definitionArc xlink:type="arc" xlink:arcrole="http://xbrl.org/int/dim/arcrole/domain-member" xlink:from="curr_FullCurrenciesListHeading" xlink:to="curr_PalladiumOneTroyOunce" order="113" use="optional"/>
    <loc xlink:type="locator" xlink:href="currencies-2014-09-01.xsd#curr_PanamanianBalboa" xlink:label="curr_PanamanianBalboa"/>
    <definitionArc xlink:type="arc" xlink:arcrole="http://xbrl.org/int/dim/arcrole/domain-member" xlink:from="curr_FullCurrenciesListHeading" xlink:to="curr_PanamanianBalboa" order="114" use="optional"/>
    <loc xlink:type="locator" xlink:href="currencies-2014-09-01.xsd#curr_PapuaNewGuineanKina" xlink:label="curr_PapuaNewGuineanKina"/>
    <definitionArc xlink:type="arc" xlink:arcrole="http://xbrl.org/int/dim/arcrole/domain-member" xlink:from="curr_FullCurrenciesListHeading" xlink:to="curr_PapuaNewGuineanKina" order="115" use="optional"/>
    <loc xlink:type="locator" xlink:href="currencies-2014-09-01.xsd#curr_ParaguayanGuarani" xlink:label="curr_ParaguayanGuarani"/>
    <definitionArc xlink:type="arc" xlink:arcrole="http://xbrl.org/int/dim/arcrole/domain-member" xlink:from="curr_FullCurrenciesListHeading" xlink:to="curr_ParaguayanGuarani" order="116" use="optional"/>
    <loc xlink:type="locator" xlink:href="currencies-2014-09-01.xsd#curr_PeruvianNuevoSol" xlink:label="curr_PeruvianNuevoSol"/>
    <definitionArc xlink:type="arc" xlink:arcrole="http://xbrl.org/int/dim/arcrole/domain-member" xlink:from="curr_FullCurrenciesListHeading" xlink:to="curr_PeruvianNuevoSol" order="117" use="optional"/>
    <loc xlink:type="locator" xlink:href="currencies-2014-09-01.xsd#curr_PhilippinePeso" xlink:label="curr_PhilippinePeso"/>
    <definitionArc xlink:type="arc" xlink:arcrole="http://xbrl.org/int/dim/arcrole/domain-member" xlink:from="curr_FullCurrenciesListHeading" xlink:to="curr_PhilippinePeso" order="118" use="optional"/>
    <loc xlink:type="locator" xlink:href="currencies-2014-09-01.xsd#curr_PlatinumOneTroyOunce" xlink:label="curr_PlatinumOneTroyOunce"/>
    <definitionArc xlink:type="arc" xlink:arcrole="http://xbrl.org/int/dim/arcrole/domain-member" xlink:from="curr_FullCurrenciesListHeading" xlink:to="curr_PlatinumOneTroyOunce" order="119" use="optional"/>
    <loc xlink:type="locator" xlink:href="currencies-2014-09-01.xsd#curr_PolishZloty" xlink:label="curr_PolishZloty"/>
    <definitionArc xlink:type="arc" xlink:arcrole="http://xbrl.org/int/dim/arcrole/domain-member" xlink:from="curr_FullCurrenciesListHeading" xlink:to="curr_PolishZloty" order="120" use="optional"/>
    <definitionArc xlink:type="arc" xlink:arcrole="http://xbrl.org/int/dim/arcrole/domain-member" xlink:from="curr_FullCurrenciesListHeading" xlink:to="curr_PoundSterling" order="121" use="optional"/>
    <loc xlink:type="locator" xlink:href="currencies-2014-09-01.xsd#curr_QatariRial" xlink:label="curr_QatariRial"/>
    <definitionArc xlink:type="arc" xlink:arcrole="http://xbrl.org/int/dim/arcrole/domain-member" xlink:from="curr_FullCurrenciesListHeading" xlink:to="curr_QatariRial" order="122" use="optional"/>
    <loc xlink:type="locator" xlink:href="currencies-2014-09-01.xsd#curr_RomanianNewLeu" xlink:label="curr_RomanianNewLeu"/>
    <definitionArc xlink:type="arc" xlink:arcrole="http://xbrl.org/int/dim/arcrole/domain-member" xlink:from="curr_FullCurrenciesListHeading" xlink:to="curr_RomanianNewLeu" order="123" use="optional"/>
    <loc xlink:type="locator" xlink:href="currencies-2014-09-01.xsd#curr_RussianRuble" xlink:label="curr_RussianRuble"/>
    <definitionArc xlink:type="arc" xlink:arcrole="http://xbrl.org/int/dim/arcrole/domain-member" xlink:from="curr_FullCurrenciesListHeading" xlink:to="curr_RussianRuble" order="124" use="optional"/>
    <loc xlink:type="locator" xlink:href="currencies-2014-09-01.xsd#curr_RwandaFranc" xlink:label="curr_RwandaFranc"/>
    <definitionArc xlink:type="arc" xlink:arcrole="http://xbrl.org/int/dim/arcrole/domain-member" xlink:from="curr_FullCurrenciesListHeading" xlink:to="curr_RwandaFranc" order="125" use="optional"/>
    <loc xlink:type="locator" xlink:href="currencies-2014-09-01.xsd#curr_SaintHelenaPound" xlink:label="curr_SaintHelenaPound"/>
    <definitionArc xlink:type="arc" xlink:arcrole="http://xbrl.org/int/dim/arcrole/domain-member" xlink:from="curr_FullCurrenciesListHeading" xlink:to="curr_SaintHelenaPound" order="126" use="optional"/>
    <loc xlink:type="locator" xlink:href="currencies-2014-09-01.xsd#curr_SamoanTala" xlink:label="curr_SamoanTala"/>
    <definitionArc xlink:type="arc" xlink:arcrole="http://xbrl.org/int/dim/arcrole/domain-member" xlink:from="curr_FullCurrenciesListHeading" xlink:to="curr_SamoanTala" order="127" use="optional"/>
    <loc xlink:type="locator" xlink:href="currencies-2014-09-01.xsd#curr_S%C3%A3oTom%C3%A9Pr%C3%ADncipeDobra" xlink:label="curr_SãoToméPríncipeDobra"/>
    <definitionArc xlink:type="arc" xlink:arcrole="http://xbrl.org/int/dim/arcrole/domain-member" xlink:from="curr_FullCurrenciesListHeading" xlink:to="curr_SãoToméPríncipeDobra" order="128" use="optional"/>
    <loc xlink:type="locator" xlink:href="currencies-2014-09-01.xsd#curr_SaudiRiyal" xlink:label="curr_SaudiRiyal"/>
    <definitionArc xlink:type="arc" xlink:arcrole="http://xbrl.org/int/dim/arcrole/domain-member" xlink:from="curr_FullCurrenciesListHeading" xlink:to="curr_SaudiRiyal" order="129" use="optional"/>
    <loc xlink:type="locator" xlink:href="currencies-2014-09-01.xsd#curr_SDRSpecialDrawingRights" xlink:label="curr_SDRSpecialDrawingRights"/>
    <definitionArc xlink:type="arc" xlink:arcrole="http://xbrl.org/int/dim/arcrole/domain-member" xlink:from="curr_FullCurrenciesListHeading" xlink:to="curr_SDRSpecialDrawingRights" order="130" use="optional"/>
    <loc xlink:type="locator" xlink:href="currencies-2014-09-01.xsd#curr_SerbianDinar" xlink:label="curr_SerbianDinar"/>
    <definitionArc xlink:type="arc" xlink:arcrole="http://xbrl.org/int/dim/arcrole/domain-member" xlink:from="curr_FullCurrenciesListHeading" xlink:to="curr_SerbianDinar" order="131" use="optional"/>
    <loc xlink:type="locator" xlink:href="currencies-2014-09-01.xsd#curr_SeychellesRupee" xlink:label="curr_SeychellesRupee"/>
    <definitionArc xlink:type="arc" xlink:arcrole="http://xbrl.org/int/dim/arcrole/domain-member" xlink:from="curr_FullCurrenciesListHeading" xlink:to="curr_SeychellesRupee" order="132" use="optional"/>
    <loc xlink:type="locator" xlink:href="currencies-2014-09-01.xsd#curr_SierraLeonianLeone" xlink:label="curr_SierraLeonianLeone"/>
    <definitionArc xlink:type="arc" xlink:arcrole="http://xbrl.org/int/dim/arcrole/domain-member" xlink:from="curr_FullCurrenciesListHeading" xlink:to="curr_SierraLeonianLeone" order="133" use="optional"/>
    <loc xlink:type="locator" xlink:href="currencies-2014-09-01.xsd#curr_SilverOneTroyOunce" xlink:label="curr_SilverOneTroyOunce"/>
    <definitionArc xlink:type="arc" xlink:arcrole="http://xbrl.org/int/dim/arcrole/domain-member" xlink:from="curr_FullCurrenciesListHeading" xlink:to="curr_SilverOneTroyOunce" order="134" use="optional"/>
    <loc xlink:type="locator" xlink:href="currencies-2014-09-01.xsd#curr_SingaporeDollar" xlink:label="curr_SingaporeDollar"/>
    <definitionArc xlink:type="arc" xlink:arcrole="http://xbrl.org/int/dim/arcrole/domain-member" xlink:from="curr_FullCurrenciesListHeading" xlink:to="curr_SingaporeDollar" order="135" use="optional"/>
    <loc xlink:type="locator" xlink:href="currencies-2014-09-01.xsd#curr_SolomonIslandsDollar" xlink:label="curr_SolomonIslandsDollar"/>
    <definitionArc xlink:type="arc" xlink:arcrole="http://xbrl.org/int/dim/arcrole/domain-member" xlink:from="curr_FullCurrenciesListHeading" xlink:to="curr_SolomonIslandsDollar" order="136" use="optional"/>
    <loc xlink:type="locator" xlink:href="currencies-2014-09-01.xsd#curr_SomaliShilling" xlink:label="curr_SomaliShilling"/>
    <definitionArc xlink:type="arc" xlink:arcrole="http://xbrl.org/int/dim/arcrole/domain-member" xlink:from="curr_FullCurrenciesListHeading" xlink:to="curr_SomaliShilling" order="137" use="optional"/>
    <loc xlink:type="locator" xlink:href="currencies-2014-09-01.xsd#curr_SouthAfricanRand" xlink:label="curr_SouthAfricanRand"/>
    <definitionArc xlink:type="arc" xlink:arcrole="http://xbrl.org/int/dim/arcrole/domain-member" xlink:from="curr_FullCurrenciesListHeading" xlink:to="curr_SouthAfricanRand" order="138" use="optional"/>
    <loc xlink:type="locator" xlink:href="currencies-2014-09-01.xsd#curr_SouthKoreanWon" xlink:label="curr_SouthKoreanWon"/>
    <definitionArc xlink:type="arc" xlink:arcrole="http://xbrl.org/int/dim/arcrole/domain-member" xlink:from="curr_FullCurrenciesListHeading" xlink:to="curr_SouthKoreanWon" order="139" use="optional"/>
    <loc xlink:type="locator" xlink:href="currencies-2014-09-01.xsd#curr_SriLankaRupee" xlink:label="curr_SriLankaRupee"/>
    <definitionArc xlink:type="arc" xlink:arcrole="http://xbrl.org/int/dim/arcrole/domain-member" xlink:from="curr_FullCurrenciesListHeading" xlink:to="curr_SriLankaRupee" order="140" use="optional"/>
    <loc xlink:type="locator" xlink:href="currencies-2014-09-01.xsd#curr_SouthSudanesePound" xlink:label="curr_SouthSudanesePound"/>
    <definitionArc xlink:type="arc" xlink:arcrole="http://xbrl.org/int/dim/arcrole/domain-member" xlink:from="curr_FullCurrenciesListHeading" xlink:to="curr_SouthSudanesePound" order="140.5" use="optional"/>
    <loc xlink:type="locator" xlink:href="currencies-2014-09-01.xsd#curr_SudanesePound" xlink:label="curr_SudanesePound"/>
    <definitionArc xlink:type="arc" xlink:arcrole="http://xbrl.org/int/dim/arcrole/domain-member" xlink:from="curr_FullCurrenciesListHeading" xlink:to="curr_SudanesePound" order="141" use="optional"/>
    <loc xlink:type="locator" xlink:href="currencies-2014-09-01.xsd#curr_SurinameseDollar" xlink:label="curr_SurinameseDollar"/>
    <definitionArc xlink:type="arc" xlink:arcrole="http://xbrl.org/int/dim/arcrole/domain-member" xlink:from="curr_FullCurrenciesListHeading" xlink:to="curr_SurinameseDollar" order="142" use="optional"/>
    <loc xlink:type="locator" xlink:href="currencies-2014-09-01.xsd#curr_SwazilandLilangeni" xlink:label="curr_SwazilandLilangeni"/>
    <definitionArc xlink:type="arc" xlink:arcrole="http://xbrl.org/int/dim/arcrole/domain-member" xlink:from="curr_FullCurrenciesListHeading" xlink:to="curr_SwazilandLilangeni" order="143" use="optional"/>
    <loc xlink:type="locator" xlink:href="currencies-2014-09-01.xsd#curr_SwedishKrona" xlink:label="curr_SwedishKrona"/>
    <definitionArc xlink:type="arc" xlink:arcrole="http://xbrl.org/int/dim/arcrole/domain-member" xlink:from="curr_FullCurrenciesListHeading" xlink:to="curr_SwedishKrona" order="144" use="optional"/>
    <loc xlink:type="locator" xlink:href="currencies-2014-09-01.xsd#curr_SwissFranc" xlink:label="curr_SwissFranc"/>
    <definitionArc xlink:type="arc" xlink:arcrole="http://xbrl.org/int/dim/arcrole/domain-member" xlink:from="curr_FullCurrenciesListHeading" xlink:to="curr_SwissFranc" order="145" use="optional"/>
    <loc xlink:type="locator" xlink:href="currencies-2014-09-01.xsd#curr_SyrianPound" xlink:label="curr_SyrianPound"/>
    <definitionArc xlink:type="arc" xlink:arcrole="http://xbrl.org/int/dim/arcrole/domain-member" xlink:from="curr_FullCurrenciesListHeading" xlink:to="curr_SyrianPound" order="146" use="optional"/>
    <loc xlink:type="locator" xlink:href="currencies-2014-09-01.xsd#curr_TaiwaneseNewDollar" xlink:label="curr_TaiwaneseNewDollar"/>
    <definitionArc xlink:type="arc" xlink:arcrole="http://xbrl.org/int/dim/arcrole/domain-member" xlink:from="curr_FullCurrenciesListHeading" xlink:to="curr_TaiwaneseNewDollar" order="147" use="optional"/>
    <loc xlink:type="locator" xlink:href="currencies-2014-09-01.xsd#curr_TajikistaniSomoni" xlink:label="curr_TajikistaniSomoni"/>
    <definitionArc xlink:type="arc" xlink:arcrole="http://xbrl.org/int/dim/arcrole/domain-member" xlink:from="curr_FullCurrenciesListHeading" xlink:to="curr_TajikistaniSomoni" order="148" use="optional"/>
    <loc xlink:type="locator" xlink:href="currencies-2014-09-01.xsd#curr_TanzanianShilling" xlink:label="curr_TanzanianShilling"/>
    <definitionArc xlink:type="arc" xlink:arcrole="http://xbrl.org/int/dim/arcrole/domain-member" xlink:from="curr_FullCurrenciesListHeading" xlink:to="curr_TanzanianShilling" order="149" use="optional"/>
    <loc xlink:type="locator" xlink:href="currencies-2014-09-01.xsd#curr_ThaiBaht" xlink:label="curr_ThaiBaht"/>
    <definitionArc xlink:type="arc" xlink:arcrole="http://xbrl.org/int/dim/arcrole/domain-member" xlink:from="curr_FullCurrenciesListHeading" xlink:to="curr_ThaiBaht" order="150" use="optional"/>
    <loc xlink:type="locator" xlink:href="currencies-2014-09-01.xsd#curr_TonganPaanga" xlink:label="curr_TonganPaanga"/>
    <definitionArc xlink:type="arc" xlink:arcrole="http://xbrl.org/int/dim/arcrole/domain-member" xlink:from="curr_FullCurrenciesListHeading" xlink:to="curr_TonganPaanga" order="151" use="optional"/>
    <loc xlink:type="locator" xlink:href="currencies-2014-09-01.xsd#curr_TrinidadTobaganDollar" xlink:label="curr_TrinidadTobaganDollar"/>
    <definitionArc xlink:type="arc" xlink:arcrole="http://xbrl.org/int/dim/arcrole/domain-member" xlink:from="curr_FullCurrenciesListHeading" xlink:to="curr_TrinidadTobaganDollar" order="152" use="optional"/>
    <loc xlink:type="locator" xlink:href="currencies-2014-09-01.xsd#curr_TunisianDinar" xlink:label="curr_TunisianDinar"/>
    <definitionArc xlink:type="arc" xlink:arcrole="http://xbrl.org/int/dim/arcrole/domain-member" xlink:from="curr_FullCurrenciesListHeading" xlink:to="curr_TunisianDinar" order="153" use="optional"/>
    <loc xlink:type="locator" xlink:href="currencies-2014-09-01.xsd#curr_TurkishLira" xlink:label="curr_TurkishLira"/>
    <definitionArc xlink:type="arc" xlink:arcrole="http://xbrl.org/int/dim/arcrole/domain-member" xlink:from="curr_FullCurrenciesListHeading" xlink:to="curr_TurkishLira" order="154" use="optional"/>
    <loc xlink:type="locator" xlink:href="currencies-2014-09-01.xsd#curr_TurkmenistaniManat" xlink:label="curr_TurkmenistaniManat"/>
    <definitionArc xlink:type="arc" xlink:arcrole="http://xbrl.org/int/dim/arcrole/domain-member" xlink:from="curr_FullCurrenciesListHeading" xlink:to="curr_TurkmenistaniManat" order="155" use="optional"/>
    <loc xlink:type="locator" xlink:href="currencies-2014-09-01.xsd#curr_UAEDirham" xlink:label="curr_UAEDirham"/>
    <definitionArc xlink:type="arc" xlink:arcrole="http://xbrl.org/int/dim/arcrole/domain-member" xlink:from="curr_FullCurrenciesListHeading" xlink:to="curr_UAEDirham" order="156" use="optional"/>
    <loc xlink:type="locator" xlink:href="currencies-2014-09-01.xsd#curr_UgandanShilling" xlink:label="curr_UgandanShilling"/>
    <definitionArc xlink:type="arc" xlink:arcrole="http://xbrl.org/int/dim/arcrole/domain-member" xlink:from="curr_FullCurrenciesListHeading" xlink:to="curr_UgandanShilling" order="157" use="optional"/>
    <loc xlink:type="locator" xlink:href="currencies-2014-09-01.xsd#curr_UICFranc" xlink:label="curr_UICFranc"/>
    <definitionArc xlink:type="arc" xlink:arcrole="http://xbrl.org/int/dim/arcrole/domain-member" xlink:from="curr_FullCurrenciesListHeading" xlink:to="curr_UICFranc" order="158" use="optional"/>
    <loc xlink:type="locator" xlink:href="currencies-2014-09-01.xsd#curr_UkrainianHryvnia" xlink:label="curr_UkrainianHryvnia"/>
    <definitionArc xlink:type="arc" xlink:arcrole="http://xbrl.org/int/dim/arcrole/domain-member" xlink:from="curr_FullCurrenciesListHeading" xlink:to="curr_UkrainianHryvnia" order="159" use="optional"/>
    <loc xlink:type="locator" xlink:href="currencies-2014-09-01.xsd#curr_UnidadDeFormento" xlink:label="curr_UnidadDeFormento"/>
    <definitionArc xlink:type="arc" xlink:arcrole="http://xbrl.org/int/dim/arcrole/domain-member" xlink:from="curr_FullCurrenciesListHeading" xlink:to="curr_UnidadDeFormento" order="160" use="optional"/>
    <loc xlink:type="locator" xlink:href="currencies-2014-09-01.xsd#curr_UnidadDeValorReal" xlink:label="curr_UnidadDeValorReal"/>
    <definitionArc xlink:type="arc" xlink:arcrole="http://xbrl.org/int/dim/arcrole/domain-member" xlink:from="curr_FullCurrenciesListHeading" xlink:to="curr_UnidadDeValorReal" order="161" use="optional"/>
    <loc xlink:type="locator" xlink:href="currencies-2014-09-01.xsd#curr_UruguayanPeso" xlink:label="curr_UruguayanPeso"/>
    <definitionArc xlink:type="arc" xlink:arcrole="http://xbrl.org/int/dim/arcrole/domain-member" xlink:from="curr_FullCurrenciesListHeading" xlink:to="curr_UruguayanPeso" order="162" use="optional"/>
    <loc xlink:type="locator" xlink:href="currencies-2014-09-01.xsd#curr_UruguayanPesoEnUnidadesIndexadasURUIURUI" xlink:label="curr_UruguayanPesoEnUnidadesIndexadasURUIURUI"/>
    <definitionArc xlink:type="arc" xlink:arcrole="http://xbrl.org/int/dim/arcrole/domain-member" xlink:from="curr_FullCurrenciesListHeading" xlink:to="curr_UruguayanPesoEnUnidadesIndexadasURUIURUI" order="162.5" use="optional"/>
    <definitionArc xlink:type="arc" xlink:arcrole="http://xbrl.org/int/dim/arcrole/domain-member" xlink:from="curr_FullCurrenciesListHeading" xlink:to="curr_USDollar" order="163" use="optional"/>
    <loc xlink:type="locator" xlink:href="currencies-2014-09-01.xsd#curr_USDollarNextDay" xlink:label="curr_USDollarNextDay"/>
    <definitionArc xlink:type="arc" xlink:arcrole="http://xbrl.org/int/dim/arcrole/domain-member" xlink:from="curr_FullCurrenciesListHeading" xlink:to="curr_USDollarNextDay" order="164" use="optional"/>
    <loc xlink:type="locator" xlink:href="currencies-2014-09-01.xsd#curr_USDollarSameDay" xlink:label="curr_USDollarSameDay"/>
    <definitionArc xlink:type="arc" xlink:arcrole="http://xbrl.org/int/dim/arcrole/domain-member" xlink:from="curr_FullCurrenciesListHeading" xlink:to="curr_USDollarSameDay" order="165" use="optional"/>
    <loc xlink:type="locator" xlink:href="currencies-2014-09-01.xsd#curr_UzbekistaniSom" xlink:label="curr_UzbekistaniSom"/>
    <definitionArc xlink:type="arc" xlink:arcrole="http://xbrl.org/int/dim/arcrole/domain-member" xlink:from="curr_FullCurrenciesListHeading" xlink:to="curr_UzbekistaniSom" order="166" use="optional"/>
    <loc xlink:type="locator" xlink:href="currencies-2014-09-01.xsd#curr_VanuatanVatu" xlink:label="curr_VanuatanVatu"/>
    <definitionArc xlink:type="arc" xlink:arcrole="http://xbrl.org/int/dim/arcrole/domain-member" xlink:from="curr_FullCurrenciesListHeading" xlink:to="curr_VanuatanVatu" order="167" use="optional"/>
    <loc xlink:type="locator" xlink:href="currencies-2014-09-01.xsd#curr_VenezuelanBolivar" xlink:label="curr_VenezuelanBolivar"/>
    <definitionArc xlink:type="arc" xlink:arcrole="http://xbrl.org/int/dim/arcrole/domain-member" xlink:from="curr_FullCurrenciesListHeading" xlink:to="curr_VenezuelanBolivar" order="168" use="optional"/>
    <loc xlink:type="locator" xlink:href="currencies-2014-09-01.xsd#curr_VietnameseDong" xlink:label="curr_VietnameseDong"/>
    <definitionArc xlink:type="arc" xlink:arcrole="http://xbrl.org/int/dim/arcrole/domain-member" xlink:from="curr_FullCurrenciesListHeading" xlink:to="curr_VietnameseDong" order="169" use="optional"/>
    <loc xlink:type="locator" xlink:href="currencies-2014-09-01.xsd#curr_WIREuro" xlink:label="curr_WIREuro"/>
    <definitionArc xlink:type="arc" xlink:arcrole="http://xbrl.org/int/dim/arcrole/domain-member" xlink:from="curr_FullCurrenciesListHeading" xlink:to="curr_WIREuro" order="170" use="optional"/>
    <loc xlink:type="locator" xlink:href="currencies-2014-09-01.xsd#curr_WIRFranc" xlink:label="curr_WIRFranc"/>
    <definitionArc xlink:type="arc" xlink:arcrole="http://xbrl.org/int/dim/arcrole/domain-member" xlink:from="curr_FullCurrenciesListHeading" xlink:to="curr_WIRFranc" order="171" use="optional"/>
    <loc xlink:type="locator" xlink:href="currencies-2014-09-01.xsd#curr_YemeniRial" xlink:label="curr_YemeniRial"/>
    <definitionArc xlink:type="arc" xlink:arcrole="http://xbrl.org/int/dim/arcrole/domain-member" xlink:from="curr_FullCurrenciesListHeading" xlink:to="curr_YemeniRial" order="172" use="optional"/>
    <loc xlink:type="locator" xlink:href="currencies-2014-09-01.xsd#curr_ZambianKwacha" xlink:label="curr_ZambianKwacha"/>
    <definitionArc xlink:type="arc" xlink:arcrole="http://xbrl.org/int/dim/arcrole/domain-member" xlink:from="curr_FullCurrenciesListHeading" xlink:to="curr_ZambianKwacha" order="172.5" use="optional"/>
    <loc xlink:type="locator" xlink:href="currencies-2014-09-01.xsd#curr_ZimbabweanDollar" xlink:label="curr_ZimbabweanDollar"/>
    <definitionArc xlink:type="arc" xlink:arcrole="http://xbrl.org/int/dim/arcrole/domain-member" xlink:from="curr_FullCurrenciesListHeading" xlink:to="curr_ZimbabweanDollar" order="173" use="optional"/>
    <definitionArc xlink:type="arc" xlink:arcrole="http://xbrl.org/int/dim/arcrole/domain-member" xlink:from="curr_CurrenciesHeading" xlink:to="common_NotApplicableDefault" order="5" use="optional"/>
    <loc xlink:type="locator" xlink:href="../../../general/2014-09-01/common/common-2014-09-01.xsd#common_NotApplicableDefault" xlink:label="common_NotApplicableDefault"/>
    <definitionArc xlink:type="arc" xlink:arcrole="http://xbrl.org/int/dim/arcrole/dimension-default" xlink:from="curr_CurrenciesDimension" xlink:to="common_NotApplicableDefault" order="2" use="optional"/>
  </definitionLink>
</linkbase>
