<?xml version="1.0" encoding="UTF-8" standalone="yes"?>
<linkbase xmlns="http://www.xbrl.org/2003/linkbase" xmlns:xlink="http://www.w3.org/1999/xlink" xmlns:xsi="http://www.w3.org/2001/XMLSchema-instance" xsi:schemaLocation="http://www.xbrl.org/2003/linkbase http://www.xbrl.org/2003/xbrl-linkbase-2003-12-31.xsd">
   <labelLink xlink:role="http://www.xbrl.org/2003/role/link" xlink:type="extended">
      <loc xlink:href="currencies-2014-09-01.xsd#curr_AfghanAfghani" xlink:label="curr_AfghanAfghani" xlink:type="locator"/>
      <labelArc order="1.0" xlink:arcrole="http://www.xbrl.org/2003/arcrole/concept-label" xlink:from="curr_AfghanAfghani" xlink:to="curr_AfghanAfghani_lbl" xlink:type="arc"/>
      <label xlink:label="curr_AfghanAfghani_lbl" xlink:role="http://www.xbrl.org/2003/role/label" xlink:type="resource" xml:lang="en">Afghan Afghani</label>
      <loc xlink:href="currencies-2014-09-01.xsd#curr_AlbanianLek" xlink:label="curr_AlbanianLek" xlink:type="locator"/>
      <labelArc order="1.0" xlink:arcrole="http://www.xbrl.org/2003/arcrole/concept-label" xlink:from="curr_AlbanianLek" xlink:to="curr_AlbanianLek_lbl" xlink:type="arc"/>
      <label xlink:label="curr_AlbanianLek_lbl" xlink:role="http://www.xbrl.org/2003/role/label" xlink:type="resource" xml:lang="en">Albanian Lek</label>
      <loc xlink:href="currencies-2014-09-01.xsd#curr_AlgerianDinar" xlink:label="curr_AlgerianDinar" xlink:type="locator"/>
      <labelArc order="1.0" xlink:arcrole="http://www.xbrl.org/2003/arcrole/concept-label" xlink:from="curr_AlgerianDinar" xlink:to="curr_AlgerianDinar_lbl" xlink:type="arc"/>
      <label xlink:label="curr_AlgerianDinar_lbl" xlink:role="http://www.xbrl.org/2003/role/label" xlink:type="resource" xml:lang="en">Algerian Dinar</label>
      <loc xlink:href="currencies-2014-09-01.xsd#curr_AllCurrencies" xlink:label="curr_AllCurrencies" xlink:type="locator"/>
      <labelArc order="1.0" xlink:arcrole="http://www.xbrl.org/2003/arcrole/concept-label" xlink:from="curr_AllCurrencies" xlink:to="curr_AllCurrencies_lbl" xlink:type="arc"/>
      <label xlink:label="curr_AllCurrencies_lbl" xlink:role="http://www.xbrl.org/2003/role/label" xlink:type="resource" xml:lang="en">All currencies</label>
      <loc xlink:href="currencies-2014-09-01.xsd#curr_AngolanKwanza" xlink:label="curr_AngolanKwanza" xlink:type="locator"/>
      <labelArc order="1.0" xlink:arcrole="http://www.xbrl.org/2003/arcrole/concept-label" xlink:from="curr_AngolanKwanza" xlink:to="curr_AngolanKwanza_lbl" xlink:type="arc"/>
      <label xlink:label="curr_AngolanKwanza_lbl" xlink:role="http://www.xbrl.org/2003/role/label" xlink:type="resource" xml:lang="en">Angolan kwanza</label>
      <loc xlink:href="currencies-2014-09-01.xsd#curr_ArgentinePeso" xlink:label="curr_ArgentinePeso" xlink:type="locator"/>
      <labelArc order="1.0" xlink:arcrole="http://www.xbrl.org/2003/arcrole/concept-label" xlink:from="curr_ArgentinePeso" xlink:to="curr_ArgentinePeso_lbl" xlink:type="arc"/>
      <label xlink:label="curr_ArgentinePeso_lbl" xlink:role="http://www.xbrl.org/2003/role/label" xlink:type="resource" xml:lang="en">Argentine Peso</label>
      <loc xlink:href="currencies-2014-09-01.xsd#curr_ArmenianDram" xlink:label="curr_ArmenianDram" xlink:type="locator"/>
      <labelArc order="1.0" xlink:arcrole="http://www.xbrl.org/2003/arcrole/concept-label" xlink:from="curr_ArmenianDram" xlink:to="curr_ArmenianDram_lbl" xlink:type="arc"/>
      <label xlink:label="curr_ArmenianDram_lbl" xlink:role="http://www.xbrl.org/2003/role/label" xlink:type="resource" xml:lang="en">Armenian Dram</label>
      <loc xlink:href="currencies-2014-09-01.xsd#curr_ArubanFlorin" xlink:label="curr_ArubanFlorin" xlink:type="locator"/>
      <labelArc order="1.0" xlink:arcrole="http://www.xbrl.org/2003/arcrole/concept-label" xlink:from="curr_ArubanFlorin" xlink:to="curr_ArubanFlorin_lbl" xlink:type="arc"/>
      <label xlink:label="curr_ArubanFlorin_lbl" xlink:role="http://www.xbrl.org/2003/role/label" xlink:type="resource" xml:lang="en">Aruban Florin</label>
      <loc xlink:href="currencies-2014-09-01.xsd#curr_AustralianDollar" xlink:label="curr_AustralianDollar" xlink:type="locator"/>
      <labelArc order="1.0" xlink:arcrole="http://www.xbrl.org/2003/arcrole/concept-label" xlink:from="curr_AustralianDollar" xlink:to="curr_AustralianDollar_lbl" xlink:type="arc"/>
      <label xlink:label="curr_AustralianDollar_lbl" xlink:role="http://www.xbrl.org/2003/role/label" xlink:type="resource" xml:lang="en">Australian Dollar</label>
      <loc xlink:href="currencies-2014-09-01.xsd#curr_AzerbaijanianManat" xlink:label="curr_AzerbaijanianManat" xlink:type="locator"/>
      <labelArc order="1.0" xlink:arcrole="http://www.xbrl.org/2003/arcrole/concept-label" xlink:from="curr_AzerbaijanianManat" xlink:to="curr_AzerbaijanianManat_lbl" xlink:type="arc"/>
      <label xlink:label="curr_AzerbaijanianManat_lbl" xlink:role="http://www.xbrl.org/2003/role/label" xlink:type="resource" xml:lang="en">Azerbaijanian Manat</label>
      <loc xlink:href="currencies-2014-09-01.xsd#curr_BahamianDollar" xlink:label="curr_BahamianDollar" xlink:type="locator"/>
      <labelArc order="1.0" xlink:arcrole="http://www.xbrl.org/2003/arcrole/concept-label" xlink:from="curr_BahamianDollar" xlink:to="curr_BahamianDollar_lbl" xlink:type="arc"/>
      <label xlink:label="curr_BahamianDollar_lbl" xlink:role="http://www.xbrl.org/2003/role/label" xlink:type="resource" xml:lang="en">Bahamian Dollar</label>
      <loc xlink:href="currencies-2014-09-01.xsd#curr_BahrainiDinar" xlink:label="curr_BahrainiDinar" xlink:type="locator"/>
      <labelArc order="1.0" xlink:arcrole="http://www.xbrl.org/2003/arcrole/concept-label" xlink:from="curr_BahrainiDinar" xlink:to="curr_BahrainiDinar_lbl" xlink:type="arc"/>
      <label xlink:label="curr_BahrainiDinar_lbl" xlink:role="http://www.xbrl.org/2003/role/label" xlink:type="resource" xml:lang="en">Bahraini Dinar</label>
      <loc xlink:href="currencies-2014-09-01.xsd#curr_BangladeshiTaka" xlink:label="curr_BangladeshiTaka" xlink:type="locator"/>
      <labelArc order="1.0" xlink:arcrole="http://www.xbrl.org/2003/arcrole/concept-label" xlink:from="curr_BangladeshiTaka" xlink:to="curr_BangladeshiTaka_lbl" xlink:type="arc"/>
      <label xlink:label="curr_BangladeshiTaka_lbl" xlink:role="http://www.xbrl.org/2003/role/label" xlink:type="resource" xml:lang="en">Bangladeshi Taka</label>
      <loc xlink:href="currencies-2014-09-01.xsd#curr_BarbadosDollar" xlink:label="curr_BarbadosDollar" xlink:type="locator"/>
      <labelArc order="1.0" xlink:arcrole="http://www.xbrl.org/2003/arcrole/concept-label" xlink:from="curr_BarbadosDollar" xlink:to="curr_BarbadosDollar_lbl" xlink:type="arc"/>
      <label xlink:label="curr_BarbadosDollar_lbl" xlink:role="http://www.xbrl.org/2003/role/label" xlink:type="resource" xml:lang="en">Barbados Dollar</label>
      <loc xlink:href="currencies-2014-09-01.xsd#curr_BelarussianRuble" xlink:label="curr_BelarussianRuble" xlink:type="locator"/>
      <labelArc order="1.0" xlink:arcrole="http://www.xbrl.org/2003/arcrole/concept-label" xlink:from="curr_BelarussianRuble" xlink:to="curr_BelarussianRuble_lbl" xlink:type="arc"/>
      <label xlink:label="curr_BelarussianRuble_lbl" xlink:role="http://www.xbrl.org/2003/role/label" xlink:type="resource" xml:lang="en">Belarussian Ruble</label>
      <loc xlink:href="currencies-2014-09-01.xsd#curr_BelizeDollar" xlink:label="curr_BelizeDollar" xlink:type="locator"/>
      <labelArc order="1.0" xlink:arcrole="http://www.xbrl.org/2003/arcrole/concept-label" xlink:from="curr_BelizeDollar" xlink:to="curr_BelizeDollar_lbl" xlink:type="arc"/>
      <label xlink:label="curr_BelizeDollar_lbl" xlink:role="http://www.xbrl.org/2003/role/label" xlink:type="resource" xml:lang="en">Belize Dollar</label>
      <loc xlink:href="currencies-2014-09-01.xsd#curr_BermudianDollar" xlink:label="curr_BermudianDollar" xlink:type="locator"/>
      <labelArc order="1.0" xlink:arcrole="http://www.xbrl.org/2003/arcrole/concept-label" xlink:from="curr_BermudianDollar" xlink:to="curr_BermudianDollar_lbl" xlink:type="arc"/>
      <label xlink:label="curr_BermudianDollar_lbl" xlink:role="http://www.xbrl.org/2003/role/label" xlink:type="resource" xml:lang="en">Bermudian Dollar </label>
      <loc xlink:href="currencies-2014-09-01.xsd#curr_BhutanNgultrum" xlink:label="curr_BhutanNgultrum" xlink:type="locator"/>
      <labelArc order="1.0" xlink:arcrole="http://www.xbrl.org/2003/arcrole/concept-label" xlink:from="curr_BhutanNgultrum" xlink:to="curr_BhutanNgultrum_lbl" xlink:type="arc"/>
      <label xlink:label="curr_BhutanNgultrum_lbl" xlink:role="http://www.xbrl.org/2003/role/label" xlink:type="resource" xml:lang="en">Bhutan Ngultrum</label>
      <loc xlink:href="currencies-2014-09-01.xsd#curr_BolivianBoliviano" xlink:label="curr_BolivianBoliviano" xlink:type="locator"/>
      <labelArc order="1.0" xlink:arcrole="http://www.xbrl.org/2003/arcrole/concept-label" xlink:from="curr_BolivianBoliviano" xlink:to="curr_BolivianBoliviano_lbl" xlink:type="arc"/>
      <label xlink:label="curr_BolivianBoliviano_lbl" xlink:role="http://www.xbrl.org/2003/role/label" xlink:type="resource" xml:lang="en">Bolivian Boliviano</label>
      <loc xlink:href="currencies-2014-09-01.xsd#curr_BolivianMvdol" xlink:label="curr_BolivianMvdol" xlink:type="locator"/>
      <labelArc order="1.0" xlink:arcrole="http://www.xbrl.org/2003/arcrole/concept-label" xlink:from="curr_BolivianMvdol" xlink:to="curr_BolivianMvdol_lbl" xlink:type="arc"/>
      <label xlink:label="curr_BolivianMvdol_lbl" xlink:role="http://www.xbrl.org/2003/role/label" xlink:type="resource" xml:lang="en">Bolivian Mvdol</label>
      <loc xlink:href="currencies-2014-09-01.xsd#curr_BosniaHerzegovinaConvertibleMark" xlink:label="curr_BosniaHerzegovinaConvertibleMark" xlink:type="locator"/>
      <labelArc order="1.0" xlink:arcrole="http://www.xbrl.org/2003/arcrole/concept-label" xlink:from="curr_BosniaHerzegovinaConvertibleMark" xlink:to="curr_BosniaHerzegovinaConvertibleMark_lbl" xlink:type="arc"/>
      <label xlink:label="curr_BosniaHerzegovinaConvertibleMark_lbl" xlink:role="http://www.xbrl.org/2003/role/label" xlink:type="resource" xml:lang="en">Bosnia and Herzegovina convertible mark</label>
      <loc xlink:href="currencies-2014-09-01.xsd#curr_BotswanaPula" xlink:label="curr_BotswanaPula" xlink:type="locator"/>
      <labelArc order="1.0" xlink:arcrole="http://www.xbrl.org/2003/arcrole/concept-label" xlink:from="curr_BotswanaPula" xlink:to="curr_BotswanaPula_lbl" xlink:type="arc"/>
      <label xlink:label="curr_BotswanaPula_lbl" xlink:role="http://www.xbrl.org/2003/role/label" xlink:type="resource" xml:lang="en">Botswana Pula</label>
      <loc xlink:href="currencies-2014-09-01.xsd#curr_BrazilianReal" xlink:label="curr_BrazilianReal" xlink:type="locator"/>
      <labelArc order="1.0" xlink:arcrole="http://www.xbrl.org/2003/arcrole/concept-label" xlink:from="curr_BrazilianReal" xlink:to="curr_BrazilianReal_lbl" xlink:type="arc"/>
      <label xlink:label="curr_BrazilianReal_lbl" xlink:role="http://www.xbrl.org/2003/role/label" xlink:type="resource" xml:lang="en">Brazilian Real</label>
      <loc xlink:href="currencies-2014-09-01.xsd#curr_BruneiDollar" xlink:label="curr_BruneiDollar" xlink:type="locator"/>
      <labelArc order="1.0" xlink:arcrole="http://www.xbrl.org/2003/arcrole/concept-label" xlink:from="curr_BruneiDollar" xlink:to="curr_BruneiDollar_lbl" xlink:type="arc"/>
      <label xlink:label="curr_BruneiDollar_lbl" xlink:role="http://www.xbrl.org/2003/role/label" xlink:type="resource" xml:lang="en">Brunei Dollar</label>
      <loc xlink:href="currencies-2014-09-01.xsd#curr_BulgarianLev" xlink:label="curr_BulgarianLev" xlink:type="locator"/>
      <labelArc order="1.0" xlink:arcrole="http://www.xbrl.org/2003/arcrole/concept-label" xlink:from="curr_BulgarianLev" xlink:to="curr_BulgarianLev_lbl" xlink:type="arc"/>
      <label xlink:label="curr_BulgarianLev_lbl" xlink:role="http://www.xbrl.org/2003/role/label" xlink:type="resource" xml:lang="en">Bulgarian Lev</label>
      <loc xlink:href="currencies-2014-09-01.xsd#curr_BurundianFranc" xlink:label="curr_BurundianFranc" xlink:type="locator"/>
      <labelArc order="1.0" xlink:arcrole="http://www.xbrl.org/2003/arcrole/concept-label" xlink:from="curr_BurundianFranc" xlink:to="curr_BurundianFranc_lbl" xlink:type="arc"/>
      <label xlink:label="curr_BurundianFranc_lbl" xlink:role="http://www.xbrl.org/2003/role/label" xlink:type="resource" xml:lang="en">Burundian Franc</label>
      <loc xlink:href="currencies-2014-09-01.xsd#curr_CFAFrancBCEAO" xlink:label="curr_CFAFrancBCEAO" xlink:type="locator"/>
      <labelArc order="1.0" xlink:arcrole="http://www.xbrl.org/2003/arcrole/concept-label" xlink:from="curr_CFAFrancBCEAO" xlink:to="curr_CFAFrancBCEAO_lbl" xlink:type="arc"/>
      <label xlink:label="curr_CFAFrancBCEAO_lbl" xlink:role="http://www.xbrl.org/2003/role/label" xlink:type="resource" xml:lang="en">CFA Franc BCEAO</label>
      <loc xlink:href="currencies-2014-09-01.xsd#curr_CFAFrancBEAC" xlink:label="curr_CFAFrancBEAC" xlink:type="locator"/>
      <labelArc order="1.0" xlink:arcrole="http://www.xbrl.org/2003/arcrole/concept-label" xlink:from="curr_CFAFrancBEAC" xlink:to="curr_CFAFrancBEAC_lbl" xlink:type="arc"/>
      <label xlink:label="curr_CFAFrancBEAC_lbl" xlink:role="http://www.xbrl.org/2003/role/label" xlink:type="resource" xml:lang="en">CFA Franc BEAC</label>
      <loc xlink:href="currencies-2014-09-01.xsd#curr_CFPFrancPacificFranc" xlink:label="curr_CFPFrancPacificFranc" xlink:type="locator"/>
      <labelArc order="1.0" xlink:arcrole="http://www.xbrl.org/2003/arcrole/concept-label" xlink:from="curr_CFPFrancPacificFranc" xlink:to="curr_CFPFrancPacificFranc_lbl" xlink:type="arc"/>
      <label xlink:label="curr_CFPFrancPacificFranc_lbl" xlink:role="http://www.xbrl.org/2003/role/label" xlink:type="resource" xml:lang="en">CFP Franc / Pacific Franc</label>
      <loc xlink:href="currencies-2014-09-01.xsd#curr_CambodianRiel" xlink:label="curr_CambodianRiel" xlink:type="locator"/>
      <labelArc order="1.0" xlink:arcrole="http://www.xbrl.org/2003/arcrole/concept-label" xlink:from="curr_CambodianRiel" xlink:to="curr_CambodianRiel_lbl" xlink:type="arc"/>
      <label xlink:label="curr_CambodianRiel_lbl" xlink:role="http://www.xbrl.org/2003/role/label" xlink:type="resource" xml:lang="en">Cambodian Riel</label>
      <loc xlink:href="currencies-2014-09-01.xsd#curr_CanadianDollar" xlink:label="curr_CanadianDollar" xlink:type="locator"/>
      <labelArc order="1.0" xlink:arcrole="http://www.xbrl.org/2003/arcrole/concept-label" xlink:from="curr_CanadianDollar" xlink:to="curr_CanadianDollar_lbl" xlink:type="arc"/>
      <label xlink:label="curr_CanadianDollar_lbl" xlink:role="http://www.xbrl.org/2003/role/label" xlink:type="resource" xml:lang="en">Canadian Dollar</label>
      <loc xlink:href="currencies-2014-09-01.xsd#curr_CapeVerdeEscudo" xlink:label="curr_CapeVerdeEscudo" xlink:type="locator"/>
      <labelArc order="1.0" xlink:arcrole="http://www.xbrl.org/2003/arcrole/concept-label" xlink:from="curr_CapeVerdeEscudo" xlink:to="curr_CapeVerdeEscudo_lbl" xlink:type="arc"/>
      <label xlink:label="curr_CapeVerdeEscudo_lbl" xlink:role="http://www.xbrl.org/2003/role/label" xlink:type="resource" xml:lang="en">Cape Verde Escudo</label>
      <loc xlink:href="currencies-2014-09-01.xsd#curr_CaymanIslandsDollar" xlink:label="curr_CaymanIslandsDollar" xlink:type="locator"/>
      <labelArc order="1.0" xlink:arcrole="http://www.xbrl.org/2003/arcrole/concept-label" xlink:from="curr_CaymanIslandsDollar" xlink:to="curr_CaymanIslandsDollar_lbl" xlink:type="arc"/>
      <label xlink:label="curr_CaymanIslandsDollar_lbl" xlink:role="http://www.xbrl.org/2003/role/label" xlink:type="resource" xml:lang="en">Cayman Islands Dollar</label>
      <loc xlink:href="currencies-2014-09-01.xsd#curr_ChileanPeso" xlink:label="curr_ChileanPeso" xlink:type="locator"/>
      <labelArc order="1.0" xlink:arcrole="http://www.xbrl.org/2003/arcrole/concept-label" xlink:from="curr_ChileanPeso" xlink:to="curr_ChileanPeso_lbl" xlink:type="arc"/>
      <label xlink:label="curr_ChileanPeso_lbl" xlink:role="http://www.xbrl.org/2003/role/label" xlink:type="resource" xml:lang="en">Chilean Peso</label>
      <loc xlink:href="currencies-2014-09-01.xsd#curr_ChineseYuanRenminbi" xlink:label="curr_ChineseYuanRenminbi" xlink:type="locator"/>
      <labelArc order="1.0" xlink:arcrole="http://www.xbrl.org/2003/arcrole/concept-label" xlink:from="curr_ChineseYuanRenminbi" xlink:to="curr_ChineseYuanRenminbi_lbl" xlink:type="arc"/>
      <label xlink:label="curr_ChineseYuanRenminbi_lbl" xlink:role="http://www.xbrl.org/2003/role/label" xlink:type="resource" xml:lang="en">Chinese Yuan Renminbi</label>
      <loc xlink:href="currencies-2014-09-01.xsd#curr_ColombianPeso" xlink:label="curr_ColombianPeso" xlink:type="locator"/>
      <labelArc order="1.0" xlink:arcrole="http://www.xbrl.org/2003/arcrole/concept-label" xlink:from="curr_ColombianPeso" xlink:to="curr_ColombianPeso_lbl" xlink:type="arc"/>
      <label xlink:label="curr_ColombianPeso_lbl" xlink:role="http://www.xbrl.org/2003/role/label" xlink:type="resource" xml:lang="en">Colombian Peso</label>
      <loc xlink:href="currencies-2014-09-01.xsd#curr_ComoroFranc" xlink:label="curr_ComoroFranc" xlink:type="locator"/>
      <labelArc order="1.0" xlink:arcrole="http://www.xbrl.org/2003/arcrole/concept-label" xlink:from="curr_ComoroFranc" xlink:to="curr_ComoroFranc_lbl" xlink:type="arc"/>
      <label xlink:label="curr_ComoroFranc_lbl" xlink:role="http://www.xbrl.org/2003/role/label" xlink:type="resource" xml:lang="en">Comoro Franc</label>
      <loc xlink:href="currencies-2014-09-01.xsd#curr_CongoleseFranc" xlink:label="curr_CongoleseFranc" xlink:type="locator"/>
      <labelArc order="1.0" xlink:arcrole="http://www.xbrl.org/2003/arcrole/concept-label" xlink:from="curr_CongoleseFranc" xlink:to="curr_CongoleseFranc_lbl" xlink:type="arc"/>
      <label xlink:label="curr_CongoleseFranc_lbl" xlink:role="http://www.xbrl.org/2003/role/label" xlink:type="resource" xml:lang="en">Congolese Franc</label>
      <loc xlink:href="currencies-2014-09-01.xsd#curr_CostaRicanColon" xlink:label="curr_CostaRicanColon" xlink:type="locator"/>
      <labelArc order="1.0" xlink:arcrole="http://www.xbrl.org/2003/arcrole/concept-label" xlink:from="curr_CostaRicanColon" xlink:to="curr_CostaRicanColon_lbl" xlink:type="arc"/>
      <label xlink:label="curr_CostaRicanColon_lbl" xlink:role="http://www.xbrl.org/2003/role/label" xlink:type="resource" xml:lang="en">Costa Rican Colon</label>
      <loc xlink:href="currencies-2014-09-01.xsd#curr_CroatianKuna" xlink:label="curr_CroatianKuna" xlink:type="locator"/>
      <labelArc order="1.0" xlink:arcrole="http://www.xbrl.org/2003/arcrole/concept-label" xlink:from="curr_CroatianKuna" xlink:to="curr_CroatianKuna_lbl" xlink:type="arc"/>
      <label xlink:label="curr_CroatianKuna_lbl" xlink:role="http://www.xbrl.org/2003/role/label" xlink:type="resource" xml:lang="en">Croatian Kuna</label>
      <loc xlink:href="currencies-2014-09-01.xsd#curr_CubanConvertiblePeso" xlink:label="curr_CubanConvertiblePeso" xlink:type="locator"/>
      <labelArc order="1.0" xlink:arcrole="http://www.xbrl.org/2003/arcrole/concept-label" xlink:from="curr_CubanConvertiblePeso" xlink:to="curr_CubanConvertiblePeso_lbl" xlink:type="arc"/>
      <label xlink:label="curr_CubanConvertiblePeso_lbl" xlink:role="http://www.xbrl.org/2003/role/label" xlink:type="resource" xml:lang="en">Cuban convertible peso</label>
      <loc xlink:href="currencies-2014-09-01.xsd#curr_CubanPeso" xlink:label="curr_CubanPeso" xlink:type="locator"/>
      <labelArc order="1.0" xlink:arcrole="http://www.xbrl.org/2003/arcrole/concept-label" xlink:from="curr_CubanPeso" xlink:to="curr_CubanPeso_lbl" xlink:type="arc"/>
      <label xlink:label="curr_CubanPeso_lbl" xlink:role="http://www.xbrl.org/2003/role/label" xlink:type="resource" xml:lang="en">Cuban Peso</label>
      <loc xlink:href="currencies-2014-09-01.xsd#curr_CurrenciesDimension" xlink:label="curr_CurrenciesDimension" xlink:type="locator"/>
      <labelArc order="1.0" xlink:arcrole="http://www.xbrl.org/2003/arcrole/concept-label" xlink:from="curr_CurrenciesDimension" xlink:to="curr_CurrenciesDimension_lbl" xlink:type="arc"/>
      <label xlink:label="curr_CurrenciesDimension_lbl" xlink:role="http://www.xbrl.org/2003/role/label" xlink:type="resource" xml:lang="en">Currencies [Dimension]</label>
      <loc xlink:href="currencies-2014-09-01.xsd#curr_CurrenciesHeading" xlink:label="curr_CurrenciesHeading" xlink:type="locator"/>
      <labelArc order="1.0" xlink:arcrole="http://www.xbrl.org/2003/arcrole/concept-label" xlink:from="curr_CurrenciesHeading" xlink:to="curr_CurrenciesHeading_lbl" xlink:type="arc"/>
      <label xlink:label="curr_CurrenciesHeading_lbl" xlink:role="http://www.xbrl.org/2003/role/label" xlink:type="resource" xml:lang="en">Currencies [heading]</label>
      <loc xlink:href="currencies-2014-09-01.xsd#curr_CzechKoruna" xlink:label="curr_CzechKoruna" xlink:type="locator"/>
      <labelArc order="1.0" xlink:arcrole="http://www.xbrl.org/2003/arcrole/concept-label" xlink:from="curr_CzechKoruna" xlink:to="curr_CzechKoruna_lbl" xlink:type="arc"/>
      <label xlink:label="curr_CzechKoruna_lbl" xlink:role="http://www.xbrl.org/2003/role/label" xlink:type="resource" xml:lang="en">Czech Koruna</label>
      <loc xlink:href="currencies-2014-09-01.xsd#curr_DanishKrone" xlink:label="curr_DanishKrone" xlink:type="locator"/>
      <labelArc order="1.0" xlink:arcrole="http://www.xbrl.org/2003/arcrole/concept-label" xlink:from="curr_DanishKrone" xlink:to="curr_DanishKrone_lbl" xlink:type="arc"/>
      <label xlink:label="curr_DanishKrone_lbl" xlink:role="http://www.xbrl.org/2003/role/label" xlink:type="resource" xml:lang="en">Danish Krone</label>
      <loc xlink:href="currencies-2014-09-01.xsd#curr_DjiboutianFranc" xlink:label="curr_DjiboutianFranc" xlink:type="locator"/>
      <labelArc order="1.0" xlink:arcrole="http://www.xbrl.org/2003/arcrole/concept-label" xlink:from="curr_DjiboutianFranc" xlink:to="curr_DjiboutianFranc_lbl" xlink:type="arc"/>
      <label xlink:label="curr_DjiboutianFranc_lbl" xlink:role="http://www.xbrl.org/2003/role/label" xlink:type="resource" xml:lang="en">Djiboutian Franc</label>
      <loc xlink:href="currencies-2014-09-01.xsd#curr_DominicanPeso" xlink:label="curr_DominicanPeso" xlink:type="locator"/>
      <labelArc order="1.0" xlink:arcrole="http://www.xbrl.org/2003/arcrole/concept-label" xlink:from="curr_DominicanPeso" xlink:to="curr_DominicanPeso_lbl" xlink:type="arc"/>
      <label xlink:label="curr_DominicanPeso_lbl" xlink:role="http://www.xbrl.org/2003/role/label" xlink:type="resource" xml:lang="en">Dominican Peso</label>
      <loc xlink:href="currencies-2014-09-01.xsd#curr_EastCaribbeanDollar" xlink:label="curr_EastCaribbeanDollar" xlink:type="locator"/>
      <labelArc order="1.0" xlink:arcrole="http://www.xbrl.org/2003/arcrole/concept-label" xlink:from="curr_EastCaribbeanDollar" xlink:to="curr_EastCaribbeanDollar_lbl" xlink:type="arc"/>
      <label xlink:label="curr_EastCaribbeanDollar_lbl" xlink:role="http://www.xbrl.org/2003/role/label" xlink:type="resource" xml:lang="en">East Caribbean Dollar</label>
      <loc xlink:href="currencies-2014-09-01.xsd#curr_EgyptianPound" xlink:label="curr_EgyptianPound" xlink:type="locator"/>
      <labelArc order="1.0" xlink:arcrole="http://www.xbrl.org/2003/arcrole/concept-label" xlink:from="curr_EgyptianPound" xlink:to="curr_EgyptianPound_lbl" xlink:type="arc"/>
      <label xlink:label="curr_EgyptianPound_lbl" xlink:role="http://www.xbrl.org/2003/role/label" xlink:type="resource" xml:lang="en">Egyptian Pound</label>
      <loc xlink:href="currencies-2014-09-01.xsd#curr_EritreanNakfa" xlink:label="curr_EritreanNakfa" xlink:type="locator"/>
      <labelArc order="1.0" xlink:arcrole="http://www.xbrl.org/2003/arcrole/concept-label" xlink:from="curr_EritreanNakfa" xlink:to="curr_EritreanNakfa_lbl" xlink:type="arc"/>
      <label xlink:label="curr_EritreanNakfa_lbl" xlink:role="http://www.xbrl.org/2003/role/label" xlink:type="resource" xml:lang="en">Eritrean Nakfa</label>
      <loc xlink:href="currencies-2014-09-01.xsd#curr_EstonianKroon" xlink:label="curr_EstonianKroon" xlink:type="locator"/>
      <labelArc order="1.0" xlink:arcrole="http://www.xbrl.org/2003/arcrole/concept-label" xlink:from="curr_EstonianKroon" xlink:to="curr_EstonianKroon_lbl" xlink:type="arc"/>
      <label xlink:label="curr_EstonianKroon_lbl" xlink:role="http://www.xbrl.org/2003/role/label" xlink:type="resource" xml:lang="en">Estonian Kroon</label>
      <loc xlink:href="currencies-2014-09-01.xsd#curr_EthiopianBirr" xlink:label="curr_EthiopianBirr" xlink:type="locator"/>
      <labelArc order="1.0" xlink:arcrole="http://www.xbrl.org/2003/arcrole/concept-label" xlink:from="curr_EthiopianBirr" xlink:to="curr_EthiopianBirr_lbl" xlink:type="arc"/>
      <label xlink:label="curr_EthiopianBirr_lbl" xlink:role="http://www.xbrl.org/2003/role/label" xlink:type="resource" xml:lang="en">Ethiopian Birr</label>
      <loc xlink:href="currencies-2014-09-01.xsd#curr_EuropeanCompositeUnitEURCO" xlink:label="curr_EuropeanCompositeUnitEURCO" xlink:type="locator"/>
      <labelArc order="1.0" xlink:arcrole="http://www.xbrl.org/2003/arcrole/concept-label" xlink:from="curr_EuropeanCompositeUnitEURCO" xlink:to="curr_EuropeanCompositeUnitEURCO_lbl" xlink:type="arc"/>
      <label xlink:label="curr_EuropeanCompositeUnitEURCO_lbl" xlink:role="http://www.xbrl.org/2003/role/label" xlink:type="resource" xml:lang="en">European Composite Unit (EURCO)</label>
      <loc xlink:href="currencies-2014-09-01.xsd#curr_EuropeanMonetaryUnitEMU-6" xlink:label="curr_EuropeanMonetaryUnitEMU-6" xlink:type="locator"/>
      <labelArc order="1.0" xlink:arcrole="http://www.xbrl.org/2003/arcrole/concept-label" xlink:from="curr_EuropeanMonetaryUnitEMU-6" xlink:to="curr_EuropeanMonetaryUnitEMU-6_lbl" xlink:type="arc"/>
      <label xlink:label="curr_EuropeanMonetaryUnitEMU-6_lbl" xlink:role="http://www.xbrl.org/2003/role/label" xlink:type="resource" xml:lang="en">European Monetary Unit (EMU-6)</label>
      <loc xlink:href="currencies-2014-09-01.xsd#curr_EuropeanUnitAccount17EUA-17" xlink:label="curr_EuropeanUnitAccount17EUA-17" xlink:type="locator"/>
      <labelArc order="1.0" xlink:arcrole="http://www.xbrl.org/2003/arcrole/concept-label" xlink:from="curr_EuropeanUnitAccount17EUA-17" xlink:to="curr_EuropeanUnitAccount17EUA-17_lbl" xlink:type="arc"/>
      <label xlink:label="curr_EuropeanUnitAccount17EUA-17_lbl" xlink:role="http://www.xbrl.org/2003/role/label" xlink:type="resource" xml:lang="en">European Unit of Account 17 (EUA-17)</label>
      <loc xlink:href="currencies-2014-09-01.xsd#curr_EuropeanUnitAccount9EUA-9" xlink:label="curr_EuropeanUnitAccount9EUA-9" xlink:type="locator"/>
      <labelArc order="1.0" xlink:arcrole="http://www.xbrl.org/2003/arcrole/concept-label" xlink:from="curr_EuropeanUnitAccount9EUA-9" xlink:to="curr_EuropeanUnitAccount9EUA-9_lbl" xlink:type="arc"/>
      <label xlink:label="curr_EuropeanUnitAccount9EUA-9_lbl" xlink:role="http://www.xbrl.org/2003/role/label" xlink:type="resource" xml:lang="en">European Unit of Account 9 (EUA-9)</label>
      <loc xlink:href="currencies-2014-09-01.xsd#curr_Euro" xlink:label="curr_Euro" xlink:type="locator"/>
      <labelArc order="1.0" xlink:arcrole="http://www.xbrl.org/2003/arcrole/concept-label" xlink:from="curr_Euro" xlink:to="curr_Euro_lbl" xlink:type="arc"/>
      <label xlink:label="curr_Euro_lbl" xlink:role="http://www.xbrl.org/2003/role/label" xlink:type="resource" xml:lang="en">Euro</label>
      <loc xlink:href="currencies-2014-09-01.xsd#curr_FalklandIslandsPound" xlink:label="curr_FalklandIslandsPound" xlink:type="locator"/>
      <labelArc order="1.0" xlink:arcrole="http://www.xbrl.org/2003/arcrole/concept-label" xlink:from="curr_FalklandIslandsPound" xlink:to="curr_FalklandIslandsPound_lbl" xlink:type="arc"/>
      <label xlink:label="curr_FalklandIslandsPound_lbl" xlink:role="http://www.xbrl.org/2003/role/label" xlink:type="resource" xml:lang="en">Falkland Islands Pound</label>
      <loc xlink:href="currencies-2014-09-01.xsd#curr_FijiDollar" xlink:label="curr_FijiDollar" xlink:type="locator"/>
      <labelArc order="1.0" xlink:arcrole="http://www.xbrl.org/2003/arcrole/concept-label" xlink:from="curr_FijiDollar" xlink:to="curr_FijiDollar_lbl" xlink:type="arc"/>
      <label xlink:label="curr_FijiDollar_lbl" xlink:role="http://www.xbrl.org/2003/role/label" xlink:type="resource" xml:lang="en">Fiji Dollar</label>
      <loc xlink:href="currencies-2014-09-01.xsd#curr_FullCurrenciesListHeading" xlink:label="curr_FullCurrenciesListHeading" xlink:type="locator"/>
      <labelArc order="1.0" xlink:arcrole="http://www.xbrl.org/2003/arcrole/concept-label" xlink:from="curr_FullCurrenciesListHeading" xlink:to="curr_FullCurrenciesListHeading_lbl" xlink:type="arc"/>
      <label xlink:label="curr_FullCurrenciesListHeading_lbl" xlink:role="http://www.xbrl.org/2003/role/documentation" xlink:type="resource" xml:lang="en">Groups list of currencies based on International Standards Organisation (ISO) 4217.</label>
      <label xlink:label="curr_FullCurrenciesListHeading_lbl" xlink:role="http://www.xbrl.org/2003/role/label" xlink:type="resource" xml:lang="en">Full currencies list [heading]</label>
      <loc xlink:href="currencies-2014-09-01.xsd#curr_GambianDalasi" xlink:label="curr_GambianDalasi" xlink:type="locator"/>
      <labelArc order="1.0" xlink:arcrole="http://www.xbrl.org/2003/arcrole/concept-label" xlink:from="curr_GambianDalasi" xlink:to="curr_GambianDalasi_lbl" xlink:type="arc"/>
      <label xlink:label="curr_GambianDalasi_lbl" xlink:role="http://www.xbrl.org/2003/role/label" xlink:type="resource" xml:lang="en">Gambian Dalasi</label>
      <loc xlink:href="currencies-2014-09-01.xsd#curr_GeorgianLari" xlink:label="curr_GeorgianLari" xlink:type="locator"/>
      <labelArc order="1.0" xlink:arcrole="http://www.xbrl.org/2003/arcrole/concept-label" xlink:from="curr_GeorgianLari" xlink:to="curr_GeorgianLari_lbl" xlink:type="arc"/>
      <label xlink:label="curr_GeorgianLari_lbl" xlink:role="http://www.xbrl.org/2003/role/label" xlink:type="resource" xml:lang="en">Georgian Lari</label>
      <loc xlink:href="currencies-2014-09-01.xsd#curr_GhanaianCedi" xlink:label="curr_GhanaianCedi" xlink:type="locator"/>
      <labelArc order="1.0" xlink:arcrole="http://www.xbrl.org/2003/arcrole/concept-label" xlink:from="curr_GhanaianCedi" xlink:to="curr_GhanaianCedi_lbl" xlink:type="arc"/>
      <label xlink:label="curr_GhanaianCedi_lbl" xlink:role="http://www.xbrl.org/2003/role/label" xlink:type="resource" xml:lang="en">Ghanaian Cedi</label>
      <loc xlink:href="currencies-2014-09-01.xsd#curr_GibraltarPound" xlink:label="curr_GibraltarPound" xlink:type="locator"/>
      <labelArc order="1.0" xlink:arcrole="http://www.xbrl.org/2003/arcrole/concept-label" xlink:from="curr_GibraltarPound" xlink:to="curr_GibraltarPound_lbl" xlink:type="arc"/>
      <label xlink:label="curr_GibraltarPound_lbl" xlink:role="http://www.xbrl.org/2003/role/label" xlink:type="resource" xml:lang="en">Gibraltar Pound</label>
      <loc xlink:href="currencies-2014-09-01.xsd#curr_GoldOneTroyOunce" xlink:label="curr_GoldOneTroyOunce" xlink:type="locator"/>
      <labelArc order="1.0" xlink:arcrole="http://www.xbrl.org/2003/arcrole/concept-label" xlink:from="curr_GoldOneTroyOunce" xlink:to="curr_GoldOneTroyOunce_lbl" xlink:type="arc"/>
      <label xlink:label="curr_GoldOneTroyOunce_lbl" xlink:role="http://www.xbrl.org/2003/role/label" xlink:type="resource" xml:lang="en">Gold (one troy ounce)</label>
      <loc xlink:href="currencies-2014-09-01.xsd#curr_GuatemalanQuetzal" xlink:label="curr_GuatemalanQuetzal" xlink:type="locator"/>
      <labelArc order="1.0" xlink:arcrole="http://www.xbrl.org/2003/arcrole/concept-label" xlink:from="curr_GuatemalanQuetzal" xlink:to="curr_GuatemalanQuetzal_lbl" xlink:type="arc"/>
      <label xlink:label="curr_GuatemalanQuetzal_lbl" xlink:role="http://www.xbrl.org/2003/role/label" xlink:type="resource" xml:lang="en">Guatemalan Quetzal</label>
      <loc xlink:href="currencies-2014-09-01.xsd#curr_GuineanFranc" xlink:label="curr_GuineanFranc" xlink:type="locator"/>
      <labelArc order="1.0" xlink:arcrole="http://www.xbrl.org/2003/arcrole/concept-label" xlink:from="curr_GuineanFranc" xlink:to="curr_GuineanFranc_lbl" xlink:type="arc"/>
      <label xlink:label="curr_GuineanFranc_lbl" xlink:role="http://www.xbrl.org/2003/role/label" xlink:type="resource" xml:lang="en">Guinean Franc</label>
      <loc xlink:href="currencies-2014-09-01.xsd#curr_GuyanaeseDollar" xlink:label="curr_GuyanaeseDollar" xlink:type="locator"/>
      <labelArc order="1.0" xlink:arcrole="http://www.xbrl.org/2003/arcrole/concept-label" xlink:from="curr_GuyanaeseDollar" xlink:to="curr_GuyanaeseDollar_lbl" xlink:type="arc"/>
      <label xlink:label="curr_GuyanaeseDollar_lbl" xlink:role="http://www.xbrl.org/2003/role/label" xlink:type="resource" xml:lang="en">Guyanaese Dollar</label>
      <loc xlink:href="currencies-2014-09-01.xsd#curr_HaitianGourde" xlink:label="curr_HaitianGourde" xlink:type="locator"/>
      <labelArc order="1.0" xlink:arcrole="http://www.xbrl.org/2003/arcrole/concept-label" xlink:from="curr_HaitianGourde" xlink:to="curr_HaitianGourde_lbl" xlink:type="arc"/>
      <label xlink:label="curr_HaitianGourde_lbl" xlink:role="http://www.xbrl.org/2003/role/label" xlink:type="resource" xml:lang="en">Haitian Gourde</label>
      <loc xlink:href="currencies-2014-09-01.xsd#curr_HondurasLempira" xlink:label="curr_HondurasLempira" xlink:type="locator"/>
      <labelArc order="1.0" xlink:arcrole="http://www.xbrl.org/2003/arcrole/concept-label" xlink:from="curr_HondurasLempira" xlink:to="curr_HondurasLempira_lbl" xlink:type="arc"/>
      <label xlink:label="curr_HondurasLempira_lbl" xlink:role="http://www.xbrl.org/2003/role/label" xlink:type="resource" xml:lang="en">Honduras Lempira</label>
      <loc xlink:href="currencies-2014-09-01.xsd#curr_HongKongDollar" xlink:label="curr_HongKongDollar" xlink:type="locator"/>
      <labelArc order="1.0" xlink:arcrole="http://www.xbrl.org/2003/arcrole/concept-label" xlink:from="curr_HongKongDollar" xlink:to="curr_HongKongDollar_lbl" xlink:type="arc"/>
      <label xlink:label="curr_HongKongDollar_lbl" xlink:role="http://www.xbrl.org/2003/role/label" xlink:type="resource" xml:lang="en">Hong Kong Dollar</label>
      <loc xlink:href="currencies-2014-09-01.xsd#curr_HungarianForint" xlink:label="curr_HungarianForint" xlink:type="locator"/>
      <labelArc order="1.0" xlink:arcrole="http://www.xbrl.org/2003/arcrole/concept-label" xlink:from="curr_HungarianForint" xlink:to="curr_HungarianForint_lbl" xlink:type="arc"/>
      <label xlink:label="curr_HungarianForint_lbl" xlink:role="http://www.xbrl.org/2003/role/label" xlink:type="resource" xml:lang="en">Hungarian Forint</label>
      <loc xlink:href="currencies-2014-09-01.xsd#curr_IcelandKrona" xlink:label="curr_IcelandKrona" xlink:type="locator"/>
      <labelArc order="1.0" xlink:arcrole="http://www.xbrl.org/2003/arcrole/concept-label" xlink:from="curr_IcelandKrona" xlink:to="curr_IcelandKrona_lbl" xlink:type="arc"/>
      <label xlink:label="curr_IcelandKrona_lbl" xlink:role="http://www.xbrl.org/2003/role/label" xlink:type="resource" xml:lang="en">Iceland Krona</label>
      <loc xlink:href="currencies-2014-09-01.xsd#curr_IndianRupee" xlink:label="curr_IndianRupee" xlink:type="locator"/>
      <labelArc order="1.0" xlink:arcrole="http://www.xbrl.org/2003/arcrole/concept-label" xlink:from="curr_IndianRupee" xlink:to="curr_IndianRupee_lbl" xlink:type="arc"/>
      <label xlink:label="curr_IndianRupee_lbl" xlink:role="http://www.xbrl.org/2003/role/label" xlink:type="resource" xml:lang="en">Indian Rupee</label>
      <loc xlink:href="currencies-2014-09-01.xsd#curr_IndonesianRupiah" xlink:label="curr_IndonesianRupiah" xlink:type="locator"/>
      <labelArc order="1.0" xlink:arcrole="http://www.xbrl.org/2003/arcrole/concept-label" xlink:from="curr_IndonesianRupiah" xlink:to="curr_IndonesianRupiah_lbl" xlink:type="arc"/>
      <label xlink:label="curr_IndonesianRupiah_lbl" xlink:role="http://www.xbrl.org/2003/role/label" xlink:type="resource" xml:lang="en">Indonesian Rupiah</label>
      <loc xlink:href="currencies-2014-09-01.xsd#curr_IranianRial" xlink:label="curr_IranianRial" xlink:type="locator"/>
      <labelArc order="1.0" xlink:arcrole="http://www.xbrl.org/2003/arcrole/concept-label" xlink:from="curr_IranianRial" xlink:to="curr_IranianRial_lbl" xlink:type="arc"/>
      <label xlink:label="curr_IranianRial_lbl" xlink:role="http://www.xbrl.org/2003/role/label" xlink:type="resource" xml:lang="en">Iranian Rial</label>
      <loc xlink:href="currencies-2014-09-01.xsd#curr_IraqiDinar" xlink:label="curr_IraqiDinar" xlink:type="locator"/>
      <labelArc order="1.0" xlink:arcrole="http://www.xbrl.org/2003/arcrole/concept-label" xlink:from="curr_IraqiDinar" xlink:to="curr_IraqiDinar_lbl" xlink:type="arc"/>
      <label xlink:label="curr_IraqiDinar_lbl" xlink:role="http://www.xbrl.org/2003/role/label" xlink:type="resource" xml:lang="en">Iraqi Dinar</label>
      <loc xlink:href="currencies-2014-09-01.xsd#curr_IsraeliNewSheqel" xlink:label="curr_IsraeliNewSheqel" xlink:type="locator"/>
      <labelArc order="1.0" xlink:arcrole="http://www.xbrl.org/2003/arcrole/concept-label" xlink:from="curr_IsraeliNewSheqel" xlink:to="curr_IsraeliNewSheqel_lbl" xlink:type="arc"/>
      <label xlink:label="curr_IsraeliNewSheqel_lbl" xlink:role="http://www.xbrl.org/2003/role/label" xlink:type="resource" xml:lang="en">Israeli New Sheqel</label>
      <loc xlink:href="currencies-2014-09-01.xsd#curr_JamaicanDollar" xlink:label="curr_JamaicanDollar" xlink:type="locator"/>
      <labelArc order="1.0" xlink:arcrole="http://www.xbrl.org/2003/arcrole/concept-label" xlink:from="curr_JamaicanDollar" xlink:to="curr_JamaicanDollar_lbl" xlink:type="arc"/>
      <label xlink:label="curr_JamaicanDollar_lbl" xlink:role="http://www.xbrl.org/2003/role/label" xlink:type="resource" xml:lang="en">Jamaican Dollar</label>
      <loc xlink:href="currencies-2014-09-01.xsd#curr_JapaneseYen" xlink:label="curr_JapaneseYen" xlink:type="locator"/>
      <labelArc order="1.0" xlink:arcrole="http://www.xbrl.org/2003/arcrole/concept-label" xlink:from="curr_JapaneseYen" xlink:to="curr_JapaneseYen_lbl" xlink:type="arc"/>
      <label xlink:label="curr_JapaneseYen_lbl" xlink:role="http://www.xbrl.org/2003/role/label" xlink:type="resource" xml:lang="en">Japanese Yen</label>
      <loc xlink:href="currencies-2014-09-01.xsd#curr_JordanianDinar" xlink:label="curr_JordanianDinar" xlink:type="locator"/>
      <labelArc order="1.0" xlink:arcrole="http://www.xbrl.org/2003/arcrole/concept-label" xlink:from="curr_JordanianDinar" xlink:to="curr_JordanianDinar_lbl" xlink:type="arc"/>
      <label xlink:label="curr_JordanianDinar_lbl" xlink:role="http://www.xbrl.org/2003/role/label" xlink:type="resource" xml:lang="en">Jordanian Dinar</label>
      <loc xlink:href="currencies-2014-09-01.xsd#curr_KazakhstaniTenge" xlink:label="curr_KazakhstaniTenge" xlink:type="locator"/>
      <labelArc order="1.0" xlink:arcrole="http://www.xbrl.org/2003/arcrole/concept-label" xlink:from="curr_KazakhstaniTenge" xlink:to="curr_KazakhstaniTenge_lbl" xlink:type="arc"/>
      <label xlink:label="curr_KazakhstaniTenge_lbl" xlink:role="http://www.xbrl.org/2003/role/label" xlink:type="resource" xml:lang="en">Kazakhstani Tenge</label>
      <loc xlink:href="currencies-2014-09-01.xsd#curr_KenyanShilling" xlink:label="curr_KenyanShilling" xlink:type="locator"/>
      <labelArc order="1.0" xlink:arcrole="http://www.xbrl.org/2003/arcrole/concept-label" xlink:from="curr_KenyanShilling" xlink:to="curr_KenyanShilling_lbl" xlink:type="arc"/>
      <label xlink:label="curr_KenyanShilling_lbl" xlink:role="http://www.xbrl.org/2003/role/label" xlink:type="resource" xml:lang="en">Kenyan Shilling</label>
      <loc xlink:href="currencies-2014-09-01.xsd#curr_KuwaitiDinar" xlink:label="curr_KuwaitiDinar" xlink:type="locator"/>
      <labelArc order="1.0" xlink:arcrole="http://www.xbrl.org/2003/arcrole/concept-label" xlink:from="curr_KuwaitiDinar" xlink:to="curr_KuwaitiDinar_lbl" xlink:type="arc"/>
      <label xlink:label="curr_KuwaitiDinar_lbl" xlink:role="http://www.xbrl.org/2003/role/label" xlink:type="resource" xml:lang="en">Kuwaiti Dinar</label>
      <loc xlink:href="currencies-2014-09-01.xsd#curr_KyrgyzstaniSom" xlink:label="curr_KyrgyzstaniSom" xlink:type="locator"/>
      <labelArc order="1.0" xlink:arcrole="http://www.xbrl.org/2003/arcrole/concept-label" xlink:from="curr_KyrgyzstaniSom" xlink:to="curr_KyrgyzstaniSom_lbl" xlink:type="arc"/>
      <label xlink:label="curr_KyrgyzstaniSom_lbl" xlink:role="http://www.xbrl.org/2003/role/label" xlink:type="resource" xml:lang="en">Kyrgyzstani Som</label>
      <loc xlink:href="currencies-2014-09-01.xsd#curr_LaoKip" xlink:label="curr_LaoKip" xlink:type="locator"/>
      <labelArc order="1.0" xlink:arcrole="http://www.xbrl.org/2003/arcrole/concept-label" xlink:from="curr_LaoKip" xlink:to="curr_LaoKip_lbl" xlink:type="arc"/>
      <label xlink:label="curr_LaoKip_lbl" xlink:role="http://www.xbrl.org/2003/role/label" xlink:type="resource" xml:lang="en">Lao Kip</label>
      <loc xlink:href="currencies-2014-09-01.xsd#curr_LatvianLats" xlink:label="curr_LatvianLats" xlink:type="locator"/>
      <labelArc order="1.0" xlink:arcrole="http://www.xbrl.org/2003/arcrole/concept-label" xlink:from="curr_LatvianLats" xlink:to="curr_LatvianLats_lbl" xlink:type="arc"/>
      <label xlink:label="curr_LatvianLats_lbl" xlink:role="http://www.xbrl.org/2003/role/label" xlink:type="resource" xml:lang="en">Latvian Lats</label>
      <loc xlink:href="currencies-2014-09-01.xsd#curr_LebanesePound" xlink:label="curr_LebanesePound" xlink:type="locator"/>
      <labelArc order="1.0" xlink:arcrole="http://www.xbrl.org/2003/arcrole/concept-label" xlink:from="curr_LebanesePound" xlink:to="curr_LebanesePound_lbl" xlink:type="arc"/>
      <label xlink:label="curr_LebanesePound_lbl" xlink:role="http://www.xbrl.org/2003/role/label" xlink:type="resource" xml:lang="en">Lebanese Pound</label>
      <loc xlink:href="currencies-2014-09-01.xsd#curr_LesothoLoti" xlink:label="curr_LesothoLoti" xlink:type="locator"/>
      <labelArc order="1.0" xlink:arcrole="http://www.xbrl.org/2003/arcrole/concept-label" xlink:from="curr_LesothoLoti" xlink:to="curr_LesothoLoti_lbl" xlink:type="arc"/>
      <label xlink:label="curr_LesothoLoti_lbl" xlink:role="http://www.xbrl.org/2003/role/label" xlink:type="resource" xml:lang="en">Lesotho Loti</label>
      <loc xlink:href="currencies-2014-09-01.xsd#curr_LiberianDollar" xlink:label="curr_LiberianDollar" xlink:type="locator"/>
      <labelArc order="1.0" xlink:arcrole="http://www.xbrl.org/2003/arcrole/concept-label" xlink:from="curr_LiberianDollar" xlink:to="curr_LiberianDollar_lbl" xlink:type="arc"/>
      <label xlink:label="curr_LiberianDollar_lbl" xlink:role="http://www.xbrl.org/2003/role/label" xlink:type="resource" xml:lang="en">Liberian Dollar</label>
      <loc xlink:href="currencies-2014-09-01.xsd#curr_LibyanDinar" xlink:label="curr_LibyanDinar" xlink:type="locator"/>
      <labelArc order="1.0" xlink:arcrole="http://www.xbrl.org/2003/arcrole/concept-label" xlink:from="curr_LibyanDinar" xlink:to="curr_LibyanDinar_lbl" xlink:type="arc"/>
      <label xlink:label="curr_LibyanDinar_lbl" xlink:role="http://www.xbrl.org/2003/role/label" xlink:type="resource" xml:lang="en">Libyan Dinar</label>
      <loc xlink:href="currencies-2014-09-01.xsd#curr_LithuanianLitas" xlink:label="curr_LithuanianLitas" xlink:type="locator"/>
      <labelArc order="1.0" xlink:arcrole="http://www.xbrl.org/2003/arcrole/concept-label" xlink:from="curr_LithuanianLitas" xlink:to="curr_LithuanianLitas_lbl" xlink:type="arc"/>
      <label xlink:label="curr_LithuanianLitas_lbl" xlink:role="http://www.xbrl.org/2003/role/label" xlink:type="resource" xml:lang="en">Lithuanian Litas</label>
      <loc xlink:href="currencies-2014-09-01.xsd#curr_MacanesePataca" xlink:label="curr_MacanesePataca" xlink:type="locator"/>
      <labelArc order="1.0" xlink:arcrole="http://www.xbrl.org/2003/arcrole/concept-label" xlink:from="curr_MacanesePataca" xlink:to="curr_MacanesePataca_lbl" xlink:type="arc"/>
      <label xlink:label="curr_MacanesePataca_lbl" xlink:role="http://www.xbrl.org/2003/role/label" xlink:type="resource" xml:lang="en">Macanese Pataca</label>
      <loc xlink:href="currencies-2014-09-01.xsd#curr_MacedonianDenar" xlink:label="curr_MacedonianDenar" xlink:type="locator"/>
      <labelArc order="1.0" xlink:arcrole="http://www.xbrl.org/2003/arcrole/concept-label" xlink:from="curr_MacedonianDenar" xlink:to="curr_MacedonianDenar_lbl" xlink:type="arc"/>
      <label xlink:label="curr_MacedonianDenar_lbl" xlink:role="http://www.xbrl.org/2003/role/label" xlink:type="resource" xml:lang="en">Macedonian Denar</label>
      <loc xlink:href="currencies-2014-09-01.xsd#curr_MainCurrenciesHeading" xlink:label="curr_MainCurrenciesHeading" xlink:type="locator"/>
      <labelArc order="1.0" xlink:arcrole="http://www.xbrl.org/2003/arcrole/concept-label" xlink:from="curr_MainCurrenciesHeading" xlink:to="curr_MainCurrenciesHeading_lbl" xlink:type="arc"/>
      <label xlink:label="curr_MainCurrenciesHeading_lbl" xlink:role="http://www.xbrl.org/2003/role/label" xlink:type="resource" xml:lang="en">Main currencies [heading]</label>
      <loc xlink:href="currencies-2014-09-01.xsd#curr_MalagasyAriary" xlink:label="curr_MalagasyAriary" xlink:type="locator"/>
      <labelArc order="1.0" xlink:arcrole="http://www.xbrl.org/2003/arcrole/concept-label" xlink:from="curr_MalagasyAriary" xlink:to="curr_MalagasyAriary_lbl" xlink:type="arc"/>
      <label xlink:label="curr_MalagasyAriary_lbl" xlink:role="http://www.xbrl.org/2003/role/label" xlink:type="resource" xml:lang="en">Malagasy Ariary</label>
      <loc xlink:href="currencies-2014-09-01.xsd#curr_MalawianKwacha" xlink:label="curr_MalawianKwacha" xlink:type="locator"/>
      <labelArc order="1.0" xlink:arcrole="http://www.xbrl.org/2003/arcrole/concept-label" xlink:from="curr_MalawianKwacha" xlink:to="curr_MalawianKwacha_lbl" xlink:type="arc"/>
      <label xlink:label="curr_MalawianKwacha_lbl" xlink:role="http://www.xbrl.org/2003/role/label" xlink:type="resource" xml:lang="en">Malawian Kwacha</label>
      <loc xlink:href="currencies-2014-09-01.xsd#curr_MalaysianRinggit" xlink:label="curr_MalaysianRinggit" xlink:type="locator"/>
      <labelArc order="1.0" xlink:arcrole="http://www.xbrl.org/2003/arcrole/concept-label" xlink:from="curr_MalaysianRinggit" xlink:to="curr_MalaysianRinggit_lbl" xlink:type="arc"/>
      <label xlink:label="curr_MalaysianRinggit_lbl" xlink:role="http://www.xbrl.org/2003/role/label" xlink:type="resource" xml:lang="en">Malaysian Ringgit</label>
      <loc xlink:href="currencies-2014-09-01.xsd#curr_MaldivesRufiyaa" xlink:label="curr_MaldivesRufiyaa" xlink:type="locator"/>
      <labelArc order="1.0" xlink:arcrole="http://www.xbrl.org/2003/arcrole/concept-label" xlink:from="curr_MaldivesRufiyaa" xlink:to="curr_MaldivesRufiyaa_lbl" xlink:type="arc"/>
      <label xlink:label="curr_MaldivesRufiyaa_lbl" xlink:role="http://www.xbrl.org/2003/role/label" xlink:type="resource" xml:lang="en">Maldives Rufiyaa</label>
      <loc xlink:href="currencies-2014-09-01.xsd#curr_MauritanianOuguiya" xlink:label="curr_MauritanianOuguiya" xlink:type="locator"/>
      <labelArc order="1.0" xlink:arcrole="http://www.xbrl.org/2003/arcrole/concept-label" xlink:from="curr_MauritanianOuguiya" xlink:to="curr_MauritanianOuguiya_lbl" xlink:type="arc"/>
      <label xlink:label="curr_MauritanianOuguiya_lbl" xlink:role="http://www.xbrl.org/2003/role/label" xlink:type="resource" xml:lang="en">Mauritanian Ouguiya</label>
      <loc xlink:href="currencies-2014-09-01.xsd#curr_MauritiusRupee" xlink:label="curr_MauritiusRupee" xlink:type="locator"/>
      <labelArc order="1.0" xlink:arcrole="http://www.xbrl.org/2003/arcrole/concept-label" xlink:from="curr_MauritiusRupee" xlink:to="curr_MauritiusRupee_lbl" xlink:type="arc"/>
      <label xlink:label="curr_MauritiusRupee_lbl" xlink:role="http://www.xbrl.org/2003/role/label" xlink:type="resource" xml:lang="en">Mauritius Rupee</label>
      <loc xlink:href="currencies-2014-09-01.xsd#curr_MexicanPeso" xlink:label="curr_MexicanPeso" xlink:type="locator"/>
      <labelArc order="1.0" xlink:arcrole="http://www.xbrl.org/2003/arcrole/concept-label" xlink:from="curr_MexicanPeso" xlink:to="curr_MexicanPeso_lbl" xlink:type="arc"/>
      <label xlink:label="curr_MexicanPeso_lbl" xlink:role="http://www.xbrl.org/2003/role/label" xlink:type="resource" xml:lang="en">Mexican Peso</label>
      <loc xlink:href="currencies-2014-09-01.xsd#curr_MexicanUnidadDeInversionUID" xlink:label="curr_MexicanUnidadDeInversionUID" xlink:type="locator"/>
      <labelArc order="1.0" xlink:arcrole="http://www.xbrl.org/2003/arcrole/concept-label" xlink:from="curr_MexicanUnidadDeInversionUID" xlink:to="curr_MexicanUnidadDeInversionUID_lbl" xlink:type="arc"/>
      <label xlink:label="curr_MexicanUnidadDeInversionUID_lbl" xlink:role="http://www.xbrl.org/2003/role/label" xlink:type="resource" xml:lang="en">Mexican Unidad de Inversion (UID)</label>
      <loc xlink:href="currencies-2014-09-01.xsd#curr_MoldovanLeu" xlink:label="curr_MoldovanLeu" xlink:type="locator"/>
      <labelArc order="1.0" xlink:arcrole="http://www.xbrl.org/2003/arcrole/concept-label" xlink:from="curr_MoldovanLeu" xlink:to="curr_MoldovanLeu_lbl" xlink:type="arc"/>
      <label xlink:label="curr_MoldovanLeu_lbl" xlink:role="http://www.xbrl.org/2003/role/label" xlink:type="resource" xml:lang="en">Moldovan Leu</label>
      <loc xlink:href="currencies-2014-09-01.xsd#curr_MongolianTugrik" xlink:label="curr_MongolianTugrik" xlink:type="locator"/>
      <labelArc order="1.0" xlink:arcrole="http://www.xbrl.org/2003/arcrole/concept-label" xlink:from="curr_MongolianTugrik" xlink:to="curr_MongolianTugrik_lbl" xlink:type="arc"/>
      <label xlink:label="curr_MongolianTugrik_lbl" xlink:role="http://www.xbrl.org/2003/role/label" xlink:type="resource" xml:lang="en">Mongolian Tugrik</label>
      <loc xlink:href="currencies-2014-09-01.xsd#curr_MoroccanDirham" xlink:label="curr_MoroccanDirham" xlink:type="locator"/>
      <labelArc order="1.0" xlink:arcrole="http://www.xbrl.org/2003/arcrole/concept-label" xlink:from="curr_MoroccanDirham" xlink:to="curr_MoroccanDirham_lbl" xlink:type="arc"/>
      <label xlink:label="curr_MoroccanDirham_lbl" xlink:role="http://www.xbrl.org/2003/role/label" xlink:type="resource" xml:lang="en">Moroccan Dirham</label>
      <loc xlink:href="currencies-2014-09-01.xsd#curr_MozambicanMetical" xlink:label="curr_MozambicanMetical" xlink:type="locator"/>
      <labelArc order="1.0" xlink:arcrole="http://www.xbrl.org/2003/arcrole/concept-label" xlink:from="curr_MozambicanMetical" xlink:to="curr_MozambicanMetical_lbl" xlink:type="arc"/>
      <label xlink:label="curr_MozambicanMetical_lbl" xlink:role="http://www.xbrl.org/2003/role/label" xlink:type="resource" xml:lang="en">Mozambican Metical</label>
      <loc xlink:href="currencies-2014-09-01.xsd#curr_MyanmaKyat" xlink:label="curr_MyanmaKyat" xlink:type="locator"/>
      <labelArc order="1.0" xlink:arcrole="http://www.xbrl.org/2003/arcrole/concept-label" xlink:from="curr_MyanmaKyat" xlink:to="curr_MyanmaKyat_lbl" xlink:type="arc"/>
      <label xlink:label="curr_MyanmaKyat_lbl" xlink:role="http://www.xbrl.org/2003/role/label" xlink:type="resource" xml:lang="en">Myanma Kyat</label>
      <loc xlink:href="currencies-2014-09-01.xsd#curr_NamibianDollar" xlink:label="curr_NamibianDollar" xlink:type="locator"/>
      <labelArc order="1.0" xlink:arcrole="http://www.xbrl.org/2003/arcrole/concept-label" xlink:from="curr_NamibianDollar" xlink:to="curr_NamibianDollar_lbl" xlink:type="arc"/>
      <label xlink:label="curr_NamibianDollar_lbl" xlink:role="http://www.xbrl.org/2003/role/label" xlink:type="resource" xml:lang="en">Namibian Dollar</label>
      <loc xlink:href="currencies-2014-09-01.xsd#curr_NepaleseRupee" xlink:label="curr_NepaleseRupee" xlink:type="locator"/>
      <labelArc order="1.0" xlink:arcrole="http://www.xbrl.org/2003/arcrole/concept-label" xlink:from="curr_NepaleseRupee" xlink:to="curr_NepaleseRupee_lbl" xlink:type="arc"/>
      <label xlink:label="curr_NepaleseRupee_lbl" xlink:role="http://www.xbrl.org/2003/role/label" xlink:type="resource" xml:lang="en">Nepalese Rupee</label>
      <loc xlink:href="currencies-2014-09-01.xsd#curr_NetherlandsAntillianGuilder" xlink:label="curr_NetherlandsAntillianGuilder" xlink:type="locator"/>
      <labelArc order="1.0" xlink:arcrole="http://www.xbrl.org/2003/arcrole/concept-label" xlink:from="curr_NetherlandsAntillianGuilder" xlink:to="curr_NetherlandsAntillianGuilder_lbl" xlink:type="arc"/>
      <label xlink:label="curr_NetherlandsAntillianGuilder_lbl" xlink:role="http://www.xbrl.org/2003/role/label" xlink:type="resource" xml:lang="en">Netherlands Antillian Guilder</label>
      <loc xlink:href="currencies-2014-09-01.xsd#curr_NewZealandDollar" xlink:label="curr_NewZealandDollar" xlink:type="locator"/>
      <labelArc order="1.0" xlink:arcrole="http://www.xbrl.org/2003/arcrole/concept-label" xlink:from="curr_NewZealandDollar" xlink:to="curr_NewZealandDollar_lbl" xlink:type="arc"/>
      <label xlink:label="curr_NewZealandDollar_lbl" xlink:role="http://www.xbrl.org/2003/role/label" xlink:type="resource" xml:lang="en">New Zealand Dollar</label>
      <loc xlink:href="currencies-2014-09-01.xsd#curr_NicaraguanCordoba" xlink:label="curr_NicaraguanCordoba" xlink:type="locator"/>
      <labelArc order="1.0" xlink:arcrole="http://www.xbrl.org/2003/arcrole/concept-label" xlink:from="curr_NicaraguanCordoba" xlink:to="curr_NicaraguanCordoba_lbl" xlink:type="arc"/>
      <label xlink:label="curr_NicaraguanCordoba_lbl" xlink:role="http://www.xbrl.org/2003/role/label" xlink:type="resource" xml:lang="en">Nicaraguan Cordoba</label>
      <loc xlink:href="currencies-2014-09-01.xsd#curr_NigerianNaira" xlink:label="curr_NigerianNaira" xlink:type="locator"/>
      <labelArc order="1.0" xlink:arcrole="http://www.xbrl.org/2003/arcrole/concept-label" xlink:from="curr_NigerianNaira" xlink:to="curr_NigerianNaira_lbl" xlink:type="arc"/>
      <label xlink:label="curr_NigerianNaira_lbl" xlink:role="http://www.xbrl.org/2003/role/label" xlink:type="resource" xml:lang="en">Nigerian Naira</label>
      <loc xlink:href="currencies-2014-09-01.xsd#curr_NorthKoreanWon" xlink:label="curr_NorthKoreanWon" xlink:type="locator"/>
      <labelArc order="1.0" xlink:arcrole="http://www.xbrl.org/2003/arcrole/concept-label" xlink:from="curr_NorthKoreanWon" xlink:to="curr_NorthKoreanWon_lbl" xlink:type="arc"/>
      <label xlink:label="curr_NorthKoreanWon_lbl" xlink:role="http://www.xbrl.org/2003/role/label" xlink:type="resource" xml:lang="en">North Korean Won</label>
      <loc xlink:href="currencies-2014-09-01.xsd#curr_NorwegianKrone" xlink:label="curr_NorwegianKrone" xlink:type="locator"/>
      <labelArc order="1.0" xlink:arcrole="http://www.xbrl.org/2003/arcrole/concept-label" xlink:from="curr_NorwegianKrone" xlink:to="curr_NorwegianKrone_lbl" xlink:type="arc"/>
      <label xlink:label="curr_NorwegianKrone_lbl" xlink:role="http://www.xbrl.org/2003/role/label" xlink:type="resource" xml:lang="en">Norwegian Krone</label>
      <loc xlink:href="currencies-2014-09-01.xsd#curr_OmaniRial" xlink:label="curr_OmaniRial" xlink:type="locator"/>
      <labelArc order="1.0" xlink:arcrole="http://www.xbrl.org/2003/arcrole/concept-label" xlink:from="curr_OmaniRial" xlink:to="curr_OmaniRial_lbl" xlink:type="arc"/>
      <label xlink:label="curr_OmaniRial_lbl" xlink:role="http://www.xbrl.org/2003/role/label" xlink:type="resource" xml:lang="en">Omani Rial</label>
      <loc xlink:href="currencies-2014-09-01.xsd#curr_OtherCurrencies" xlink:label="curr_OtherCurrencies" xlink:type="locator"/>
      <labelArc order="1.0" xlink:arcrole="http://www.xbrl.org/2003/arcrole/concept-label" xlink:from="curr_OtherCurrencies" xlink:to="curr_OtherCurrencies_lbl" xlink:type="arc"/>
      <label xlink:label="curr_OtherCurrencies_lbl" xlink:role="http://www.xbrl.org/2003/role/label" xlink:type="resource" xml:lang="en">Other currencies</label>
      <loc xlink:href="currencies-2014-09-01.xsd#curr_PakistanRupee" xlink:label="curr_PakistanRupee" xlink:type="locator"/>
      <labelArc order="1.0" xlink:arcrole="http://www.xbrl.org/2003/arcrole/concept-label" xlink:from="curr_PakistanRupee" xlink:to="curr_PakistanRupee_lbl" xlink:type="arc"/>
      <label xlink:label="curr_PakistanRupee_lbl" xlink:role="http://www.xbrl.org/2003/role/label" xlink:type="resource" xml:lang="en">Pakistan Rupee</label>
      <loc xlink:href="currencies-2014-09-01.xsd#curr_PalladiumOneTroyOunce" xlink:label="curr_PalladiumOneTroyOunce" xlink:type="locator"/>
      <labelArc order="1.0" xlink:arcrole="http://www.xbrl.org/2003/arcrole/concept-label" xlink:from="curr_PalladiumOneTroyOunce" xlink:to="curr_PalladiumOneTroyOunce_lbl" xlink:type="arc"/>
      <label xlink:label="curr_PalladiumOneTroyOunce_lbl" xlink:role="http://www.xbrl.org/2003/role/label" xlink:type="resource" xml:lang="en">Palladium (one troy ounce)</label>
      <loc xlink:href="currencies-2014-09-01.xsd#curr_PanamanianBalboa" xlink:label="curr_PanamanianBalboa" xlink:type="locator"/>
      <labelArc order="1.0" xlink:arcrole="http://www.xbrl.org/2003/arcrole/concept-label" xlink:from="curr_PanamanianBalboa" xlink:to="curr_PanamanianBalboa_lbl" xlink:type="arc"/>
      <label xlink:label="curr_PanamanianBalboa_lbl" xlink:role="http://www.xbrl.org/2003/role/label" xlink:type="resource" xml:lang="en">Panamanian Balboa</label>
      <loc xlink:href="currencies-2014-09-01.xsd#curr_PapuaNewGuineanKina" xlink:label="curr_PapuaNewGuineanKina" xlink:type="locator"/>
      <labelArc order="1.0" xlink:arcrole="http://www.xbrl.org/2003/arcrole/concept-label" xlink:from="curr_PapuaNewGuineanKina" xlink:to="curr_PapuaNewGuineanKina_lbl" xlink:type="arc"/>
      <label xlink:label="curr_PapuaNewGuineanKina_lbl" xlink:role="http://www.xbrl.org/2003/role/label" xlink:type="resource" xml:lang="en">Papua New Guinean Kina</label>
      <loc xlink:href="currencies-2014-09-01.xsd#curr_ParaguayanGuarani" xlink:label="curr_ParaguayanGuarani" xlink:type="locator"/>
      <labelArc order="1.0" xlink:arcrole="http://www.xbrl.org/2003/arcrole/concept-label" xlink:from="curr_ParaguayanGuarani" xlink:to="curr_ParaguayanGuarani_lbl" xlink:type="arc"/>
      <label xlink:label="curr_ParaguayanGuarani_lbl" xlink:role="http://www.xbrl.org/2003/role/label" xlink:type="resource" xml:lang="en">Paraguayan Guarani</label>
      <loc xlink:href="currencies-2014-09-01.xsd#curr_PeruvianNuevoSol" xlink:label="curr_PeruvianNuevoSol" xlink:type="locator"/>
      <labelArc order="1.0" xlink:arcrole="http://www.xbrl.org/2003/arcrole/concept-label" xlink:from="curr_PeruvianNuevoSol" xlink:to="curr_PeruvianNuevoSol_lbl" xlink:type="arc"/>
      <label xlink:label="curr_PeruvianNuevoSol_lbl" xlink:role="http://www.xbrl.org/2003/role/label" xlink:type="resource" xml:lang="en">Peruvian Nuevo Sol</label>
      <loc xlink:href="currencies-2014-09-01.xsd#curr_PhilippinePeso" xlink:label="curr_PhilippinePeso" xlink:type="locator"/>
      <labelArc order="1.0" xlink:arcrole="http://www.xbrl.org/2003/arcrole/concept-label" xlink:from="curr_PhilippinePeso" xlink:to="curr_PhilippinePeso_lbl" xlink:type="arc"/>
      <label xlink:label="curr_PhilippinePeso_lbl" xlink:role="http://www.xbrl.org/2003/role/label" xlink:type="resource" xml:lang="en">Philippine Peso</label>
      <loc xlink:href="currencies-2014-09-01.xsd#curr_PlatinumOneTroyOunce" xlink:label="curr_PlatinumOneTroyOunce" xlink:type="locator"/>
      <labelArc order="1.0" xlink:arcrole="http://www.xbrl.org/2003/arcrole/concept-label" xlink:from="curr_PlatinumOneTroyOunce" xlink:to="curr_PlatinumOneTroyOunce_lbl" xlink:type="arc"/>
      <label xlink:label="curr_PlatinumOneTroyOunce_lbl" xlink:role="http://www.xbrl.org/2003/role/label" xlink:type="resource" xml:lang="en">Platinum (one troy ounce)</label>
      <loc xlink:href="currencies-2014-09-01.xsd#curr_PolishZloty" xlink:label="curr_PolishZloty" xlink:type="locator"/>
      <labelArc order="1.0" xlink:arcrole="http://www.xbrl.org/2003/arcrole/concept-label" xlink:from="curr_PolishZloty" xlink:to="curr_PolishZloty_lbl" xlink:type="arc"/>
      <label xlink:label="curr_PolishZloty_lbl" xlink:role="http://www.xbrl.org/2003/role/label" xlink:type="resource" xml:lang="en">Polish Zloty</label>
      <loc xlink:href="currencies-2014-09-01.xsd#curr_PoundSterling" xlink:label="curr_PoundSterling" xlink:type="locator"/>
      <labelArc order="1.0" xlink:arcrole="http://www.xbrl.org/2003/arcrole/concept-label" xlink:from="curr_PoundSterling" xlink:to="curr_PoundSterling_lbl" xlink:type="arc"/>
      <label xlink:label="curr_PoundSterling_lbl" xlink:role="http://www.xbrl.org/2003/role/label" xlink:type="resource" xml:lang="en">Pound Sterling</label>
      <loc xlink:href="currencies-2014-09-01.xsd#curr_QatariRial" xlink:label="curr_QatariRial" xlink:type="locator"/>
      <labelArc order="1.0" xlink:arcrole="http://www.xbrl.org/2003/arcrole/concept-label" xlink:from="curr_QatariRial" xlink:to="curr_QatariRial_lbl" xlink:type="arc"/>
      <label xlink:label="curr_QatariRial_lbl" xlink:role="http://www.xbrl.org/2003/role/label" xlink:type="resource" xml:lang="en">Qatari Rial</label>
      <loc xlink:href="currencies-2014-09-01.xsd#curr_RomanianNewLeu" xlink:label="curr_RomanianNewLeu" xlink:type="locator"/>
      <labelArc order="1.0" xlink:arcrole="http://www.xbrl.org/2003/arcrole/concept-label" xlink:from="curr_RomanianNewLeu" xlink:to="curr_RomanianNewLeu_lbl" xlink:type="arc"/>
      <label xlink:label="curr_RomanianNewLeu_lbl" xlink:role="http://www.xbrl.org/2003/role/label" xlink:type="resource" xml:lang="en">Romanian New Leu</label>
      <loc xlink:href="currencies-2014-09-01.xsd#curr_RussianRuble" xlink:label="curr_RussianRuble" xlink:type="locator"/>
      <labelArc order="1.0" xlink:arcrole="http://www.xbrl.org/2003/arcrole/concept-label" xlink:from="curr_RussianRuble" xlink:to="curr_RussianRuble_lbl" xlink:type="arc"/>
      <label xlink:label="curr_RussianRuble_lbl" xlink:role="http://www.xbrl.org/2003/role/label" xlink:type="resource" xml:lang="en">Russian Ruble</label>
      <loc xlink:href="currencies-2014-09-01.xsd#curr_RwandaFranc" xlink:label="curr_RwandaFranc" xlink:type="locator"/>
      <labelArc order="1.0" xlink:arcrole="http://www.xbrl.org/2003/arcrole/concept-label" xlink:from="curr_RwandaFranc" xlink:to="curr_RwandaFranc_lbl" xlink:type="arc"/>
      <label xlink:label="curr_RwandaFranc_lbl" xlink:role="http://www.xbrl.org/2003/role/label" xlink:type="resource" xml:lang="en">Rwanda Franc</label>
      <loc xlink:href="currencies-2014-09-01.xsd#curr_SDRSpecialDrawingRights" xlink:label="curr_SDRSpecialDrawingRights" xlink:type="locator"/>
      <labelArc order="1.0" xlink:arcrole="http://www.xbrl.org/2003/arcrole/concept-label" xlink:from="curr_SDRSpecialDrawingRights" xlink:to="curr_SDRSpecialDrawingRights_lbl" xlink:type="arc"/>
      <label xlink:label="curr_SDRSpecialDrawingRights_lbl" xlink:role="http://www.xbrl.org/2003/role/label" xlink:type="resource" xml:lang="en">SDR / Special Drawing Rights</label>
      <loc xlink:href="currencies-2014-09-01.xsd#curr_SaintHelenaPound" xlink:label="curr_SaintHelenaPound" xlink:type="locator"/>
      <labelArc order="1.0" xlink:arcrole="http://www.xbrl.org/2003/arcrole/concept-label" xlink:from="curr_SaintHelenaPound" xlink:to="curr_SaintHelenaPound_lbl" xlink:type="arc"/>
      <label xlink:label="curr_SaintHelenaPound_lbl" xlink:role="http://www.xbrl.org/2003/role/label" xlink:type="resource" xml:lang="en">Saint Helena Pound</label>
      <loc xlink:href="currencies-2014-09-01.xsd#curr_SamoanTala" xlink:label="curr_SamoanTala" xlink:type="locator"/>
      <labelArc order="1.0" xlink:arcrole="http://www.xbrl.org/2003/arcrole/concept-label" xlink:from="curr_SamoanTala" xlink:to="curr_SamoanTala_lbl" xlink:type="arc"/>
      <label xlink:label="curr_SamoanTala_lbl" xlink:role="http://www.xbrl.org/2003/role/label" xlink:type="resource" xml:lang="en">Samoan Tala</label>
      <loc xlink:href="currencies-2014-09-01.xsd#curr_SaudiRiyal" xlink:label="curr_SaudiRiyal" xlink:type="locator"/>
      <labelArc order="1.0" xlink:arcrole="http://www.xbrl.org/2003/arcrole/concept-label" xlink:from="curr_SaudiRiyal" xlink:to="curr_SaudiRiyal_lbl" xlink:type="arc"/>
      <label xlink:label="curr_SaudiRiyal_lbl" xlink:role="http://www.xbrl.org/2003/role/label" xlink:type="resource" xml:lang="en">Saudi Riyal</label>
      <loc xlink:href="currencies-2014-09-01.xsd#curr_SerbianDinar" xlink:label="curr_SerbianDinar" xlink:type="locator"/>
      <labelArc order="1.0" xlink:arcrole="http://www.xbrl.org/2003/arcrole/concept-label" xlink:from="curr_SerbianDinar" xlink:to="curr_SerbianDinar_lbl" xlink:type="arc"/>
      <label xlink:label="curr_SerbianDinar_lbl" xlink:role="http://www.xbrl.org/2003/role/label" xlink:type="resource" xml:lang="en">Serbian Dinar</label>
      <loc xlink:href="currencies-2014-09-01.xsd#curr_SeychellesRupee" xlink:label="curr_SeychellesRupee" xlink:type="locator"/>
      <labelArc order="1.0" xlink:arcrole="http://www.xbrl.org/2003/arcrole/concept-label" xlink:from="curr_SeychellesRupee" xlink:to="curr_SeychellesRupee_lbl" xlink:type="arc"/>
      <label xlink:label="curr_SeychellesRupee_lbl" xlink:role="http://www.xbrl.org/2003/role/label" xlink:type="resource" xml:lang="en">Seychelles Rupee</label>
      <loc xlink:href="currencies-2014-09-01.xsd#curr_SierraLeonianLeone" xlink:label="curr_SierraLeonianLeone" xlink:type="locator"/>
      <labelArc order="1.0" xlink:arcrole="http://www.xbrl.org/2003/arcrole/concept-label" xlink:from="curr_SierraLeonianLeone" xlink:to="curr_SierraLeonianLeone_lbl" xlink:type="arc"/>
      <label xlink:label="curr_SierraLeonianLeone_lbl" xlink:role="http://www.xbrl.org/2003/role/label" xlink:type="resource" xml:lang="en">Sierra Leonian Leone</label>
      <loc xlink:href="currencies-2014-09-01.xsd#curr_SilverOneTroyOunce" xlink:label="curr_SilverOneTroyOunce" xlink:type="locator"/>
      <labelArc order="1.0" xlink:arcrole="http://www.xbrl.org/2003/arcrole/concept-label" xlink:from="curr_SilverOneTroyOunce" xlink:to="curr_SilverOneTroyOunce_lbl" xlink:type="arc"/>
      <label xlink:label="curr_SilverOneTroyOunce_lbl" xlink:role="http://www.xbrl.org/2003/role/label" xlink:type="resource" xml:lang="en">Silver (one troy ounce)</label>
      <loc xlink:href="currencies-2014-09-01.xsd#curr_SingaporeDollar" xlink:label="curr_SingaporeDollar" xlink:type="locator"/>
      <labelArc order="1.0" xlink:arcrole="http://www.xbrl.org/2003/arcrole/concept-label" xlink:from="curr_SingaporeDollar" xlink:to="curr_SingaporeDollar_lbl" xlink:type="arc"/>
      <label xlink:label="curr_SingaporeDollar_lbl" xlink:role="http://www.xbrl.org/2003/role/label" xlink:type="resource" xml:lang="en">Singapore Dollar</label>
      <loc xlink:href="currencies-2014-09-01.xsd#curr_SolomonIslandsDollar" xlink:label="curr_SolomonIslandsDollar" xlink:type="locator"/>
      <labelArc order="1.0" xlink:arcrole="http://www.xbrl.org/2003/arcrole/concept-label" xlink:from="curr_SolomonIslandsDollar" xlink:to="curr_SolomonIslandsDollar_lbl" xlink:type="arc"/>
      <label xlink:label="curr_SolomonIslandsDollar_lbl" xlink:role="http://www.xbrl.org/2003/role/label" xlink:type="resource" xml:lang="en">Solomon Islands Dollar</label>
      <loc xlink:href="currencies-2014-09-01.xsd#curr_SomaliShilling" xlink:label="curr_SomaliShilling" xlink:type="locator"/>
      <labelArc order="1.0" xlink:arcrole="http://www.xbrl.org/2003/arcrole/concept-label" xlink:from="curr_SomaliShilling" xlink:to="curr_SomaliShilling_lbl" xlink:type="arc"/>
      <label xlink:label="curr_SomaliShilling_lbl" xlink:role="http://www.xbrl.org/2003/role/label" xlink:type="resource" xml:lang="en">Somali Shilling</label>
      <loc xlink:href="currencies-2014-09-01.xsd#curr_SouthAfricanRand" xlink:label="curr_SouthAfricanRand" xlink:type="locator"/>
      <labelArc order="1.0" xlink:arcrole="http://www.xbrl.org/2003/arcrole/concept-label" xlink:from="curr_SouthAfricanRand" xlink:to="curr_SouthAfricanRand_lbl" xlink:type="arc"/>
      <label xlink:label="curr_SouthAfricanRand_lbl" xlink:role="http://www.xbrl.org/2003/role/label" xlink:type="resource" xml:lang="en">South African Rand</label>
      <loc xlink:href="currencies-2014-09-01.xsd#curr_SouthKoreanWon" xlink:label="curr_SouthKoreanWon" xlink:type="locator"/>
      <labelArc order="1.0" xlink:arcrole="http://www.xbrl.org/2003/arcrole/concept-label" xlink:from="curr_SouthKoreanWon" xlink:to="curr_SouthKoreanWon_lbl" xlink:type="arc"/>
      <label xlink:label="curr_SouthKoreanWon_lbl" xlink:role="http://www.xbrl.org/2003/role/label" xlink:type="resource" xml:lang="en">South Korean Won</label>
      <loc xlink:href="currencies-2014-09-01.xsd#curr_SouthSudanesePound" xlink:label="curr_SouthSudanesePound" xlink:type="locator"/>
      <labelArc order="1.0" xlink:arcrole="http://www.xbrl.org/2003/arcrole/concept-label" xlink:from="curr_SouthSudanesePound" xlink:to="curr_SouthSudanesePound_lbl" xlink:type="arc"/>
      <label xlink:label="curr_SouthSudanesePound_lbl" xlink:role="http://www.xbrl.org/2003/role/label" xlink:type="resource" xml:lang="en">South Sudanese Pound</label>
      <loc xlink:href="currencies-2014-09-01.xsd#curr_SriLankaRupee" xlink:label="curr_SriLankaRupee" xlink:type="locator"/>
      <labelArc order="1.0" xlink:arcrole="http://www.xbrl.org/2003/arcrole/concept-label" xlink:from="curr_SriLankaRupee" xlink:to="curr_SriLankaRupee_lbl" xlink:type="arc"/>
      <label xlink:label="curr_SriLankaRupee_lbl" xlink:role="http://www.xbrl.org/2003/role/label" xlink:type="resource" xml:lang="en">Sri Lanka Rupee</label>
      <loc xlink:href="currencies-2014-09-01.xsd#curr_SudanesePound" xlink:label="curr_SudanesePound" xlink:type="locator"/>
      <labelArc order="1.0" xlink:arcrole="http://www.xbrl.org/2003/arcrole/concept-label" xlink:from="curr_SudanesePound" xlink:to="curr_SudanesePound_lbl" xlink:type="arc"/>
      <label xlink:label="curr_SudanesePound_lbl" xlink:role="http://www.xbrl.org/2003/role/label" xlink:type="resource" xml:lang="en">Sudanese Pound</label>
      <loc xlink:href="currencies-2014-09-01.xsd#curr_SurinameseDollar" xlink:label="curr_SurinameseDollar" xlink:type="locator"/>
      <labelArc order="1.0" xlink:arcrole="http://www.xbrl.org/2003/arcrole/concept-label" xlink:from="curr_SurinameseDollar" xlink:to="curr_SurinameseDollar_lbl" xlink:type="arc"/>
      <label xlink:label="curr_SurinameseDollar_lbl" xlink:role="http://www.xbrl.org/2003/role/label" xlink:type="resource" xml:lang="en">Surinamese Dollar</label>
      <loc xlink:href="currencies-2014-09-01.xsd#curr_SwazilandLilangeni" xlink:label="curr_SwazilandLilangeni" xlink:type="locator"/>
      <labelArc order="1.0" xlink:arcrole="http://www.xbrl.org/2003/arcrole/concept-label" xlink:from="curr_SwazilandLilangeni" xlink:to="curr_SwazilandLilangeni_lbl" xlink:type="arc"/>
      <label xlink:label="curr_SwazilandLilangeni_lbl" xlink:role="http://www.xbrl.org/2003/role/label" xlink:type="resource" xml:lang="en">Swaziland Lilangeni</label>
      <loc xlink:href="currencies-2014-09-01.xsd#curr_SwedishKrona" xlink:label="curr_SwedishKrona" xlink:type="locator"/>
      <labelArc order="1.0" xlink:arcrole="http://www.xbrl.org/2003/arcrole/concept-label" xlink:from="curr_SwedishKrona" xlink:to="curr_SwedishKrona_lbl" xlink:type="arc"/>
      <label xlink:label="curr_SwedishKrona_lbl" xlink:role="http://www.xbrl.org/2003/role/label" xlink:type="resource" xml:lang="en">Swedish Krona</label>
      <loc xlink:href="currencies-2014-09-01.xsd#curr_SwissFranc" xlink:label="curr_SwissFranc" xlink:type="locator"/>
      <labelArc order="1.0" xlink:arcrole="http://www.xbrl.org/2003/arcrole/concept-label" xlink:from="curr_SwissFranc" xlink:to="curr_SwissFranc_lbl" xlink:type="arc"/>
      <label xlink:label="curr_SwissFranc_lbl" xlink:role="http://www.xbrl.org/2003/role/label" xlink:type="resource" xml:lang="en">Swiss Franc</label>
      <loc xlink:href="currencies-2014-09-01.xsd#curr_SyrianPound" xlink:label="curr_SyrianPound" xlink:type="locator"/>
      <labelArc order="1.0" xlink:arcrole="http://www.xbrl.org/2003/arcrole/concept-label" xlink:from="curr_SyrianPound" xlink:to="curr_SyrianPound_lbl" xlink:type="arc"/>
      <label xlink:label="curr_SyrianPound_lbl" xlink:role="http://www.xbrl.org/2003/role/label" xlink:type="resource" xml:lang="en">Syrian Pound</label>
      <loc xlink:href="currencies-2014-09-01.xsd#curr_S%C3%A3oTom%C3%A9Pr%C3%ADncipeDobra" xlink:label="curr_SãoToméPríncipeDobra" xlink:type="locator"/>
      <labelArc order="1.0" xlink:arcrole="http://www.xbrl.org/2003/arcrole/concept-label" xlink:from="curr_SãoToméPríncipeDobra" xlink:to="curr_SãoToméPríncipeDobra_lbl" xlink:type="arc"/>
      <label xlink:label="curr_SãoToméPríncipeDobra_lbl" xlink:role="http://www.xbrl.org/2003/role/label" xlink:type="resource" xml:lang="en">São Tomé and Príncipe Dobra</label>
      <loc xlink:href="currencies-2014-09-01.xsd#curr_TaiwaneseNewDollar" xlink:label="curr_TaiwaneseNewDollar" xlink:type="locator"/>
      <labelArc order="1.0" xlink:arcrole="http://www.xbrl.org/2003/arcrole/concept-label" xlink:from="curr_TaiwaneseNewDollar" xlink:to="curr_TaiwaneseNewDollar_lbl" xlink:type="arc"/>
      <label xlink:label="curr_TaiwaneseNewDollar_lbl" xlink:role="http://www.xbrl.org/2003/role/label" xlink:type="resource" xml:lang="en">Taiwanese New Dollar</label>
      <loc xlink:href="currencies-2014-09-01.xsd#curr_TajikistaniSomoni" xlink:label="curr_TajikistaniSomoni" xlink:type="locator"/>
      <labelArc order="1.0" xlink:arcrole="http://www.xbrl.org/2003/arcrole/concept-label" xlink:from="curr_TajikistaniSomoni" xlink:to="curr_TajikistaniSomoni_lbl" xlink:type="arc"/>
      <label xlink:label="curr_TajikistaniSomoni_lbl" xlink:role="http://www.xbrl.org/2003/role/label" xlink:type="resource" xml:lang="en">Tajikistani Somoni</label>
      <loc xlink:href="currencies-2014-09-01.xsd#curr_TanzanianShilling" xlink:label="curr_TanzanianShilling" xlink:type="locator"/>
      <labelArc order="1.0" xlink:arcrole="http://www.xbrl.org/2003/arcrole/concept-label" xlink:from="curr_TanzanianShilling" xlink:to="curr_TanzanianShilling_lbl" xlink:type="arc"/>
      <label xlink:label="curr_TanzanianShilling_lbl" xlink:role="http://www.xbrl.org/2003/role/label" xlink:type="resource" xml:lang="en">Tanzanian Shilling</label>
      <loc xlink:href="currencies-2014-09-01.xsd#curr_ThaiBaht" xlink:label="curr_ThaiBaht" xlink:type="locator"/>
      <labelArc order="1.0" xlink:arcrole="http://www.xbrl.org/2003/arcrole/concept-label" xlink:from="curr_ThaiBaht" xlink:to="curr_ThaiBaht_lbl" xlink:type="arc"/>
      <label xlink:label="curr_ThaiBaht_lbl" xlink:role="http://www.xbrl.org/2003/role/label" xlink:type="resource" xml:lang="en">Thai Baht</label>
      <loc xlink:href="currencies-2014-09-01.xsd#curr_TonganPaanga" xlink:label="curr_TonganPaanga" xlink:type="locator"/>
      <labelArc order="1.0" xlink:arcrole="http://www.xbrl.org/2003/arcrole/concept-label" xlink:from="curr_TonganPaanga" xlink:to="curr_TonganPaanga_lbl" xlink:type="arc"/>
      <label xlink:label="curr_TonganPaanga_lbl" xlink:role="http://www.xbrl.org/2003/role/label" xlink:type="resource" xml:lang="en">Tongan Pa'anga</label>
      <loc xlink:href="currencies-2014-09-01.xsd#curr_TrinidadTobaganDollar" xlink:label="curr_TrinidadTobaganDollar" xlink:type="locator"/>
      <labelArc order="1.0" xlink:arcrole="http://www.xbrl.org/2003/arcrole/concept-label" xlink:from="curr_TrinidadTobaganDollar" xlink:to="curr_TrinidadTobaganDollar_lbl" xlink:type="arc"/>
      <label xlink:label="curr_TrinidadTobaganDollar_lbl" xlink:role="http://www.xbrl.org/2003/role/label" xlink:type="resource" xml:lang="en">Trinidad and Tobagan Dollar</label>
      <loc xlink:href="currencies-2014-09-01.xsd#curr_TunisianDinar" xlink:label="curr_TunisianDinar" xlink:type="locator"/>
      <labelArc order="1.0" xlink:arcrole="http://www.xbrl.org/2003/arcrole/concept-label" xlink:from="curr_TunisianDinar" xlink:to="curr_TunisianDinar_lbl" xlink:type="arc"/>
      <label xlink:label="curr_TunisianDinar_lbl" xlink:role="http://www.xbrl.org/2003/role/label" xlink:type="resource" xml:lang="en">Tunisian Dinar</label>
      <loc xlink:href="currencies-2014-09-01.xsd#curr_TurkishLira" xlink:label="curr_TurkishLira" xlink:type="locator"/>
      <labelArc order="1.0" xlink:arcrole="http://www.xbrl.org/2003/arcrole/concept-label" xlink:from="curr_TurkishLira" xlink:to="curr_TurkishLira_lbl" xlink:type="arc"/>
      <label xlink:label="curr_TurkishLira_lbl" xlink:role="http://www.xbrl.org/2003/role/label" xlink:type="resource" xml:lang="en">Turkish Lira</label>
      <loc xlink:href="currencies-2014-09-01.xsd#curr_TurkmenistaniManat" xlink:label="curr_TurkmenistaniManat" xlink:type="locator"/>
      <labelArc order="1.0" xlink:arcrole="http://www.xbrl.org/2003/arcrole/concept-label" xlink:from="curr_TurkmenistaniManat" xlink:to="curr_TurkmenistaniManat_lbl" xlink:type="arc"/>
      <label xlink:label="curr_TurkmenistaniManat_lbl" xlink:role="http://www.xbrl.org/2003/role/label" xlink:type="resource" xml:lang="en">Turkmenistani Manat</label>
      <loc xlink:href="currencies-2014-09-01.xsd#curr_UAEDirham" xlink:label="curr_UAEDirham" xlink:type="locator"/>
      <labelArc order="1.0" xlink:arcrole="http://www.xbrl.org/2003/arcrole/concept-label" xlink:from="curr_UAEDirham" xlink:to="curr_UAEDirham_lbl" xlink:type="arc"/>
      <label xlink:label="curr_UAEDirham_lbl" xlink:role="http://www.xbrl.org/2003/role/label" xlink:type="resource" xml:lang="en">UAE Dirham</label>
      <loc xlink:href="currencies-2014-09-01.xsd#curr_UICFranc" xlink:label="curr_UICFranc" xlink:type="locator"/>
      <labelArc order="1.0" xlink:arcrole="http://www.xbrl.org/2003/arcrole/concept-label" xlink:from="curr_UICFranc" xlink:to="curr_UICFranc_lbl" xlink:type="arc"/>
      <label xlink:label="curr_UICFranc_lbl" xlink:role="http://www.xbrl.org/2003/role/label" xlink:type="resource" xml:lang="en">UIC Franc</label>
      <loc xlink:href="currencies-2014-09-01.xsd#curr_USDollarNextDay" xlink:label="curr_USDollarNextDay" xlink:type="locator"/>
      <labelArc order="1.0" xlink:arcrole="http://www.xbrl.org/2003/arcrole/concept-label" xlink:from="curr_USDollarNextDay" xlink:to="curr_USDollarNextDay_lbl" xlink:type="arc"/>
      <label xlink:label="curr_USDollarNextDay_lbl" xlink:role="http://www.xbrl.org/2003/role/label" xlink:type="resource" xml:lang="en">US Dollar (Next day)</label>
      <loc xlink:href="currencies-2014-09-01.xsd#curr_USDollarSameDay" xlink:label="curr_USDollarSameDay" xlink:type="locator"/>
      <labelArc order="1.0" xlink:arcrole="http://www.xbrl.org/2003/arcrole/concept-label" xlink:from="curr_USDollarSameDay" xlink:to="curr_USDollarSameDay_lbl" xlink:type="arc"/>
      <label xlink:label="curr_USDollarSameDay_lbl" xlink:role="http://www.xbrl.org/2003/role/label" xlink:type="resource" xml:lang="en">US Dollar (Same day)</label>
      <loc xlink:href="currencies-2014-09-01.xsd#curr_USDollar" xlink:label="curr_USDollar" xlink:type="locator"/>
      <labelArc order="1.0" xlink:arcrole="http://www.xbrl.org/2003/arcrole/concept-label" xlink:from="curr_USDollar" xlink:to="curr_USDollar_lbl" xlink:type="arc"/>
      <label xlink:label="curr_USDollar_lbl" xlink:role="http://www.xbrl.org/2003/role/label" xlink:type="resource" xml:lang="en">US Dollar</label>
      <loc xlink:href="currencies-2014-09-01.xsd#curr_UgandanShilling" xlink:label="curr_UgandanShilling" xlink:type="locator"/>
      <labelArc order="1.0" xlink:arcrole="http://www.xbrl.org/2003/arcrole/concept-label" xlink:from="curr_UgandanShilling" xlink:to="curr_UgandanShilling_lbl" xlink:type="arc"/>
      <label xlink:label="curr_UgandanShilling_lbl" xlink:role="http://www.xbrl.org/2003/role/label" xlink:type="resource" xml:lang="en">Ugandan Shilling</label>
      <loc xlink:href="currencies-2014-09-01.xsd#curr_UkrainianHryvnia" xlink:label="curr_UkrainianHryvnia" xlink:type="locator"/>
      <labelArc order="1.0" xlink:arcrole="http://www.xbrl.org/2003/arcrole/concept-label" xlink:from="curr_UkrainianHryvnia" xlink:to="curr_UkrainianHryvnia_lbl" xlink:type="arc"/>
      <label xlink:label="curr_UkrainianHryvnia_lbl" xlink:role="http://www.xbrl.org/2003/role/label" xlink:type="resource" xml:lang="en">Ukrainian Hryvnia</label>
      <loc xlink:href="currencies-2014-09-01.xsd#curr_UnidadDeFormento" xlink:label="curr_UnidadDeFormento" xlink:type="locator"/>
      <labelArc order="1.0" xlink:arcrole="http://www.xbrl.org/2003/arcrole/concept-label" xlink:from="curr_UnidadDeFormento" xlink:to="curr_UnidadDeFormento_lbl" xlink:type="arc"/>
      <label xlink:label="curr_UnidadDeFormento_lbl" xlink:role="http://www.xbrl.org/2003/role/label" xlink:type="resource" xml:lang="en">Unidad de Formento</label>
      <loc xlink:href="currencies-2014-09-01.xsd#curr_UnidadDeValorReal" xlink:label="curr_UnidadDeValorReal" xlink:type="locator"/>
      <labelArc order="1.0" xlink:arcrole="http://www.xbrl.org/2003/arcrole/concept-label" xlink:from="curr_UnidadDeValorReal" xlink:to="curr_UnidadDeValorReal_lbl" xlink:type="arc"/>
      <label xlink:label="curr_UnidadDeValorReal_lbl" xlink:role="http://www.xbrl.org/2003/role/label" xlink:type="resource" xml:lang="en">Unidad de Valor Real</label>
      <loc xlink:href="currencies-2014-09-01.xsd#curr_UruguayanPesoEnUnidadesIndexadasURUIURUI" xlink:label="curr_UruguayanPesoEnUnidadesIndexadasURUIURUI" xlink:type="locator"/>
      <labelArc order="1.0" xlink:arcrole="http://www.xbrl.org/2003/arcrole/concept-label" xlink:from="curr_UruguayanPesoEnUnidadesIndexadasURUIURUI" xlink:to="curr_UruguayanPesoEnUnidadesIndexadasURUIURUI_lbl" xlink:type="arc"/>
      <label xlink:label="curr_UruguayanPesoEnUnidadesIndexadasURUIURUI_lbl" xlink:role="http://www.xbrl.org/2003/role/label" xlink:type="resource" xml:lang="en">Uruguayan Peso en Unidades Indexadas (URUIURUI)</label>
      <loc xlink:href="currencies-2014-09-01.xsd#curr_UruguayanPeso" xlink:label="curr_UruguayanPeso" xlink:type="locator"/>
      <labelArc order="1.0" xlink:arcrole="http://www.xbrl.org/2003/arcrole/concept-label" xlink:from="curr_UruguayanPeso" xlink:to="curr_UruguayanPeso_lbl" xlink:type="arc"/>
      <label xlink:label="curr_UruguayanPeso_lbl" xlink:role="http://www.xbrl.org/2003/role/label" xlink:type="resource" xml:lang="en">Uruguayan Peso</label>
      <loc xlink:href="currencies-2014-09-01.xsd#curr_UzbekistaniSom" xlink:label="curr_UzbekistaniSom" xlink:type="locator"/>
      <labelArc order="1.0" xlink:arcrole="http://www.xbrl.org/2003/arcrole/concept-label" xlink:from="curr_UzbekistaniSom" xlink:to="curr_UzbekistaniSom_lbl" xlink:type="arc"/>
      <label xlink:label="curr_UzbekistaniSom_lbl" xlink:role="http://www.xbrl.org/2003/role/label" xlink:type="resource" xml:lang="en">Uzbekistani Som</label>
      <loc xlink:href="currencies-2014-09-01.xsd#curr_VanuatanVatu" xlink:label="curr_VanuatanVatu" xlink:type="locator"/>
      <labelArc order="1.0" xlink:arcrole="http://www.xbrl.org/2003/arcrole/concept-label" xlink:from="curr_VanuatanVatu" xlink:to="curr_VanuatanVatu_lbl" xlink:type="arc"/>
      <label xlink:label="curr_VanuatanVatu_lbl" xlink:role="http://www.xbrl.org/2003/role/label" xlink:type="resource" xml:lang="en">Vanuatan Vatu</label>
      <loc xlink:href="currencies-2014-09-01.xsd#curr_VenezuelanBolivar" xlink:label="curr_VenezuelanBolivar" xlink:type="locator"/>
      <labelArc order="1.0" xlink:arcrole="http://www.xbrl.org/2003/arcrole/concept-label" xlink:from="curr_VenezuelanBolivar" xlink:to="curr_VenezuelanBolivar_lbl" xlink:type="arc"/>
      <label xlink:label="curr_VenezuelanBolivar_lbl" xlink:role="http://www.xbrl.org/2003/role/label" xlink:type="resource" xml:lang="en">Venezuelan Bolivar</label>
      <loc xlink:href="currencies-2014-09-01.xsd#curr_VietnameseDong" xlink:label="curr_VietnameseDong" xlink:type="locator"/>
      <labelArc order="1.0" xlink:arcrole="http://www.xbrl.org/2003/arcrole/concept-label" xlink:from="curr_VietnameseDong" xlink:to="curr_VietnameseDong_lbl" xlink:type="arc"/>
      <label xlink:label="curr_VietnameseDong_lbl" xlink:role="http://www.xbrl.org/2003/role/label" xlink:type="resource" xml:lang="en">Vietnamese Dong</label>
      <loc xlink:href="currencies-2014-09-01.xsd#curr_WIREuro" xlink:label="curr_WIREuro" xlink:type="locator"/>
      <labelArc order="1.0" xlink:arcrole="http://www.xbrl.org/2003/arcrole/concept-label" xlink:from="curr_WIREuro" xlink:to="curr_WIREuro_lbl" xlink:type="arc"/>
      <label xlink:label="curr_WIREuro_lbl" xlink:role="http://www.xbrl.org/2003/role/label" xlink:type="resource" xml:lang="en">WIR Euro</label>
      <loc xlink:href="currencies-2014-09-01.xsd#curr_WIRFranc" xlink:label="curr_WIRFranc" xlink:type="locator"/>
      <labelArc order="1.0" xlink:arcrole="http://www.xbrl.org/2003/arcrole/concept-label" xlink:from="curr_WIRFranc" xlink:to="curr_WIRFranc_lbl" xlink:type="arc"/>
      <label xlink:label="curr_WIRFranc_lbl" xlink:role="http://www.xbrl.org/2003/role/label" xlink:type="resource" xml:lang="en">WIR Franc</label>
      <loc xlink:href="currencies-2014-09-01.xsd#curr_YemeniRial" xlink:label="curr_YemeniRial" xlink:type="locator"/>
      <labelArc order="1.0" xlink:arcrole="http://www.xbrl.org/2003/arcrole/concept-label" xlink:from="curr_YemeniRial" xlink:to="curr_YemeniRial_lbl" xlink:type="arc"/>
      <label xlink:label="curr_YemeniRial_lbl" xlink:role="http://www.xbrl.org/2003/role/label" xlink:type="resource" xml:lang="en">Yemeni Rial</label>
      <loc xlink:href="currencies-2014-09-01.xsd#curr_ZambianKwacha" xlink:label="curr_ZambianKwacha" xlink:type="locator"/>
      <labelArc order="1.0" xlink:arcrole="http://www.xbrl.org/2003/arcrole/concept-label" xlink:from="curr_ZambianKwacha" xlink:to="curr_ZambianKwacha_lbl" xlink:type="arc"/>
      <label xlink:label="curr_ZambianKwacha_lbl" xlink:role="http://www.xbrl.org/2003/role/label" xlink:type="resource" xml:lang="en">Zambian kwacha</label>
      <loc xlink:href="currencies-2014-09-01.xsd#curr_ZimbabweanDollar" xlink:label="curr_ZimbabweanDollar" xlink:type="locator"/>
      <labelArc order="1.0" xlink:arcrole="http://www.xbrl.org/2003/arcrole/concept-label" xlink:from="curr_ZimbabweanDollar" xlink:to="curr_ZimbabweanDollar_lbl" xlink:type="arc"/>
      <label xlink:label="curr_ZimbabweanDollar_lbl" xlink:role="http://www.xbrl.org/2003/role/label" xlink:type="resource" xml:lang="en">Zimbabwean Dollar</label>
   </labelLink>
</linkbase>
