<?xml version="1.0" encoding="UTF-8" standalone="yes"?>
<linkbase xmlns="http://www.xbrl.org/2003/linkbase" xmlns:bus="http://xbrl.frc.org.uk/cd/2014-09-01/business" xmlns:ref="http://www.xbrl.org/2006/ref" xmlns:uk-ref="http://xbrl.frc.org.uk/general/2014-09-01/ref" xmlns:xlink="http://www.w3.org/1999/xlink" xmlns:xsi="http://www.w3.org/2001/XMLSchema-instance" xsi:schemaLocation="http://www.xbrl.org/2003/linkbase http://www.xbrl.org/2003/xbrl-linkbase-2003-12-31.xsd http://xbrl.frc.org.uk/cd/2014-09-01/business bus-2014-09-01.xsd http://xbrl.frc.org.uk/cd/2014-09-01/business bus-2014-09-01.xsd http://www.xbrl.org/2006/ref http://www.xbrl.org/2006/ref-2006-02-27.xsd http://xbrl.frc.org.uk/general/2014-09-01/ref ../../../general/2014-09-01/ref/ref-2014-09-01.xsd">
   <roleRef roleURI="http://xbrl.frc.org.uk/general/ref/roles/CompaniesAct" xlink:href="../../../general/2014-09-01/ref/ref-2014-09-01.xsd#CompaniesAct" xlink:type="simple"/>
   <referenceLink xlink:role="http://www.xbrl.org/2003/role/link" xlink:type="extended">
      <loc xlink:href="bus-2014-09-01.xsd#bus_DescriptionRevisionsInAnAmendedRevisedVersionPreviouslyFiledReport" xlink:label="bus_DescriptionRevisionsInAnAmendedRevisedVersionPreviouslyFiledReport" xlink:type="locator"/>
      <referenceArc order="1.0" xlink:arcrole="http://www.xbrl.org/2003/arcrole/concept-reference" xlink:from="bus_DescriptionRevisionsInAnAmendedRevisedVersionPreviouslyFiledReport" xlink:to="bus_DescriptionRevisionsInAnAmendedRevisedVersionPreviouslyFiledReport_ref" xlink:type="arc"/>
      <reference id="id_1cb4cad0" xlink:label="bus_DescriptionRevisionsInAnAmendedRevisedVersionPreviouslyFiledReport_ref" xlink:role="http://xbrl.frc.org.uk/general/ref/roles/CompaniesAct" xlink:type="resource">
      <ref:Name>CA</ref:Name>
      <ref:Section>454, 455</ref:Section>
      <uk-ref:Year>2006</uk-ref:Year>
    </reference>
      <loc xlink:href="bus-2014-09-01.xsd#bus_DescriptionShareType" xlink:label="bus_DescriptionShareType" xlink:type="locator"/>
      <referenceArc order="1.0" xlink:arcrole="http://www.xbrl.org/2003/arcrole/concept-reference" xlink:from="bus_DescriptionShareType" xlink:to="bus_DescriptionShareType_ref" xlink:type="arc"/>
      <reference id="id_436d140d" xlink:label="bus_DescriptionShareType_ref" xlink:role="http://xbrl.frc.org.uk/general/ref/roles/CompaniesAct" xlink:type="resource">
      <ref:Name>CA</ref:Name>
      <ref:Section>540</ref:Section>
      <uk-ref:Year>2006</uk-ref:Year>
    </reference>
      <loc xlink:href="bus-2014-09-01.xsd#bus_ReportAnAmendedRevisedVersionPreviouslyFiledReportTruefalse" xlink:label="bus_ReportAnAmendedRevisedVersionPreviouslyFiledReportTruefalse" xlink:type="locator"/>
      <referenceArc order="1.0" xlink:arcrole="http://www.xbrl.org/2003/arcrole/concept-reference" xlink:from="bus_ReportAnAmendedRevisedVersionPreviouslyFiledReportTruefalse" xlink:to="bus_ReportAnAmendedRevisedVersionPreviouslyFiledReportTruefalse_ref" xlink:type="arc"/>
      <reference id="id_64821706" xlink:label="bus_ReportAnAmendedRevisedVersionPreviouslyFiledReportTruefalse_ref" xlink:role="http://xbrl.frc.org.uk/general/ref/roles/CompaniesAct" xlink:type="resource">
      <ref:Name>CA</ref:Name>
      <ref:Section>454, 455</ref:Section>
      <uk-ref:Year>2006</uk-ref:Year>
    </reference>
   </referenceLink>
</linkbase>
